id,class,label,kind,modern,gloss_en,scientific,geonames,wikidata,gbif,lat,lon,n,pages
"concept:30jaehriger-krieg","concept","30jähriger Krieg","Ereignis","Dreißigjähriger Krieg","Thirty Years' War","","","","","","","3","296 647 818"
"concept:abendmahlskelch","concept","Abendmahlskelch","Kirchenausstattung","","communion chalice","","","","","","","3","627 765 767"
"concept:abspuelung","concept","Abspülung","Prozess","","erosion (washing away by water)","","","","","","","6","16 25 27 37"
"concept:abzugskanal","concept","Abzugskanal","Anlage","","drainage channel","","","","","","","1","429"
"concept:accordion","concept","Accordion","Instrument","","accordion","","","","","","","2","257 439"
"concept:acker","concept","Acker","Lebensraum","","arable field","","","","","","","12","71 72 147 151 186 187 465 466 480 543 569 780"
"concept:ackerboden","concept","Ackerboden","Boden","","arable soil","","","","","","","3","80 513 783"
"concept:adelgerisbrunnen","concept","Adelgerisbrunnen","Anlage","","Adelgeris well","","","","","","","1","750"
"concept:aegidienkapelle","concept","Aegidienkapelle","Bauwerk","","St. Giles's chapel","","","","","","","2","663 664"
"concept:akademie","concept","Akademie","Einrichtung","","academy (university-level school)","","","","","","","1","296"
"concept:alaun","concept","Alaun","Rohstoff","","alum","","","","","","","4","28 175 243 245"
"concept:alaun-und-vitriolwerk","concept","Alaun- und Vitriolwerk","Anlage","","alum and vitriol works","","","","","","","8","596 599 726 727 786 803"
"concept:alaunschiefer","concept","Alaunschiefer","Gestein","","alum shale","","","","","","","3","28 247 727"
"concept:alaunstollen","concept","Alaunstollen","Anlage","","alum adit","","","","","","","1","247"
"concept:allee","concept","Allee","Anlage","","avenue","","","","","","","7","420 422 494 503 560 659 775"
"concept:allerheiligenkapelle","concept","Allerheiligenkapelle","Bauwerk","","All Saints' chapel","","","","","","","1","591"
"concept:allerheiligenkirche","concept","Allerheiligenkirche","Bauwerk","","All Saints' church","","","","","","","3","584 585"
"concept:altar","concept","Altar","Kirchenausstattung","","altar","","","","","","","19","137 294 421 431 511 537 545 549 582 612 685 696 702 734 745"
"concept:altarcruzifix","concept","Altarcruzifix","Kirchenausstattung","","altar crucifix","","","","","","","1","748"
"concept:altarplatz","concept","Altarplatz","Bauteil","","altar area","","","","","","","2","511 637"
"concept:altarschrein","concept","Altarschrein","Kirchenausstattung","","altar shrine","","","","","","","2","537 612"
"concept:altes-schloss","concept","altes Schloß","Bauwerk","","old castle","","","","","","","2","429 438"
"concept:amsterdamer-pegel","concept","Amsterdamer Pegel","Messeinrichtung","","Amsterdam gauge (datum for heights)","","","","","","","1","12"
"concept:amt","concept","Amt","Behördentyp","","Amt (administrative and judicial office)","","","","","","","1","725"
"concept:amthaus","concept","Amthaus","Gebäude","","district office building","","","","","","","4","588 664 722 809"
"concept:amtshaus","concept","Amtshaus","Gebäude","","office building","","","","","","","2","275"
"concept:anger","concept","Anger","Lebensraum","","village green, common pasture","","","","","","","15","122 123 508 533 548 551 556 560 614 653 660 759 772 791 824"
"concept:ankerit","concept","Ankerit","Gestein","","ankerite","","","","","","","1","247"
"concept:anspanngut","concept","Anspanngut","Anwesen","","farm with draught animals","","","","","","","1","482"
"concept:antimon","concept","Antimon","Metall","","antimony","","","","","","","5","243 245 589 622"
"concept:antimonglanz","concept","Antimonglanz","Gestein","","stibnite (antimony glance)","","","","","","","1","30"
"concept:antimongrube","concept","Antimongrube","Anlage","","antimony mine","","","","","","","1","596"
"concept:apotheke","concept","Apotheke","Einrichtung","","pharmacy","","","","","","","7","174 589 687 738 768 814"
"concept:archidiaconat","concept","Archidiaconat","Gebäude","","archdeacon's house","","","","","","","1","665"
"concept:archiv","concept","Archiv","Dokument","","archive","","","","","","","1","668"
"concept:arlaskapelle","concept","Arlaskapelle","Bauwerk","","Arlas chapel","","","","","","","1","132"
"concept:armen-und-spritzenhaus","concept","Armen- und Spritzenhaus","Gebäude","","poorhouse and fire-engine house","","","","","","","3","596 693 821"
"concept:armen-und-waisenhaus","concept","Armen- und Waisenhaus","Gebäude","","poorhouse and orphanage","","","","","","","2","735 739"
"concept:armen-brau-und-spritzenhaus","concept","Armen-, Brau- und Spritzenhaus","Gebäude","","poor, brew and fire-engine house","","","","","","","1","494"
"concept:armenhaus","concept","Armenhaus","Gebäude","","poorhouse","","","","","","","10","126 421 433 466 485 555 563 714 718 808"
"concept:arsenikkies","concept","Arsenikkies","Gestein","","arsenopyrite (arsenical pyrites)","","","","","","","1","30"
"concept:asche","concept","Asche","Material","","ash","","","","","","","1","609"
"concept:aschenurne","concept","Aschenurne","Fundobjekt","","cinerary urn","","","","","","","2","312 318"
"concept:asphalt","concept","Asphalt","Gestein","","asphalt, natural bitumen","","","","","","","1","247"
"concept:aue","concept","Aue","Lebensraum","| Often a field name (grosse Aue, kleine Aue) in the Part II parish descriptions; also Aubach.","floodplain, riverside meadow","","","","","","","12","10 15 43 48 90 122 442 469 565 659 823"
"concept:aufgeschwemmtes-land","concept","Aufgeschwemmtes Land","Gestein","","alluvial deposits (alluvium)","","","","","","","1","31"
"concept:augit","concept","Augit","Gestein","","augite","","","","","","","1","35"
"concept:auslaugung","concept","Auslaugung","Prozess","","leaching (of soluble minerals)","","","","","","","2","26"
"concept:auslaugungsroehre","concept","Auslaugungsröhre","Anlage","","leaching pipe","","","","","","","1","727"
"concept:auwiese","concept","Auwiese","Lebensraum","","floodplain meadow","","","","","","","5","80 421 741 791 803"
"concept:axt","concept","Axt","Gerät","","axe","","","","","","","1","119"
"concept:bach","concept","Bach","Gewässer","","stream","","","","","","","26","47 78 81 87 88 90 120 123 159 176 189 429 460 470 485 488 492 500 560 656 660 678 756"
"concept:bachmuehle","concept","Bachmühle","Anlage","","Bachmühle (mill)","","","","","","","1","814"
"concept:baeckerei","concept","Bäckerei","Anlage","","bakery","","","","","","","1","738"
"concept:baeckerwaare","concept","Bäckerwaare","Erzeugnis","","baked goods","","","","","","","1","261"
"concept:backofen","concept","Backofen","Gerät","","baking oven","","","","","","","3","128 185 693"
"concept:badeanstalt","concept","Badeanstalt","Anlage","","bathing establishment","","","","","","","2","44 499"
"concept:badehaus","concept","Badehaus","Gebäude","","bathhouse","","","","","","","2","714 721"
"concept:baderthor","concept","Baderthor","Bauwerk","","Bader Gate (Gera)","","","","","","","3","351 429"
"concept:badestube","concept","Badestube","Gebäude","","bathhouse","","","","","","","2","176 464"
"concept:bahnhof","concept","Bahnhof","Gebäude","","railway station","","","","","","","5","12 125 431 498 541"
"concept:bahnhof-reuth","concept","Bahnhof Reuth","Gebäude","","Reuth railway station","","","","","","","1","23"
"concept:bahnhofshotel","concept","Bahnhofshôtel","Gebäude","","station hotel","","","","","","","1","433"
"concept:bahntelegraph","concept","Bahntelegraph","Anlage","","railway telegraph","","","","","","","2","262 434"
"concept:bahre","concept","Bahre","Gerät","","bier","","","","","","","2","194 195"
"concept:bahrenhaus","concept","Bahrenhaus","Gebäude","","bier house","","","","","","","1","463"
"concept:balken","concept","Balken","Material","","beam (building timber)","","","","","","","1","128"
"concept:band","concept","Band","Kleidung","","ribbon","","","","","","","1","188"
"concept:bassin","concept","Bassin","Anlage","","water basin (reservoir)","","","","","","","2","429 589"
"concept:bauerngut","concept","Bauerngut","Anwesen","","peasant farm","","","","","","","9","541 549 650 724 743 757 783 784"
"concept:bauernhaus","concept","Bauernhaus","Gebäude","","farmhouse","","","","","","","5","130 452 795"
"concept:bauernhaeuschen","concept","Bauernhäuschen","Gebäude","","small farmhouse","","","","","","","1","451"
"concept:bauernhof","concept","Bauernhof","Anwesen","","farmstead","","","","","","","17","79 456 466 479 525 545 552 557 560 572 647 702 705"
"concept:bauernkrieg","concept","Bauernkrieg","Ereignis","| Historical event, not an environmental one.","Peasants' War (1525)","","","","","","","2","350"
"concept:bauholz","concept","Bauholz","Material","","timber","","","","","","","3","237 241 618"
"concept:bauhuette","concept","Bauhütte","Gebäude","","builders' lodge","","","","","","","1","714"
"concept:baumschule","concept","Baumschule","Anlage","","tree nursery","","","","","","","1","818"
"concept:baumwolle","concept","Baumwolle","Rohstoff","","cotton","","","","","","","4","256 257 261 653"
"concept:baustein","concept","Baustein","Material","","building stone","","","","","","","2","37 490"
"concept:baustueck","concept","Baustück","Bauteil","","architectural fragment","","","","","","","1","519"
"concept:bayerischer-hof","concept","bayerischer Hof","Gebäude","","inn ""Bayerischer Hof""","","","","","","","1","719"
"concept:beil","concept","Beil","Gerät","","hatchet","","","","","","","1","185"
"concept:benignengruener-hammer","concept","Benignengrüner Hammer","Anlage","","Benignengrün hammer works","","","","","","","1","246"
"concept:berg","concept","Berg","Gelände","","mountain, hill","","","","","","","2","510 721"
"concept:bergkirche","concept","Bergkirche","Bauwerk","","Bergkirche (church on the hill, Schleiz)","","","","","","","17","6 21 132 199 582 584 585 592 593 601"
"concept:bergkirche-zu-schleiz","concept","Bergkirche zu Schleiz","Bauwerk","","Bergkirche (Church of St Mary on the hill), Schleiz","","","","","","","5","133 580 600 611"
"concept:bergruecken","concept","Bergrücken","Gelände","","ridge","","","","","","","1","481"
"concept:bergschloss","concept","Bergschloß","Bauwerk","","hill castle","","","","","","","3","715 812 814"
"concept:bergschloesschen","concept","Bergschlösschen","Bauwerk","","small hill castle","","","","","","","1","12"
"concept:bergveste","concept","Bergveste","Bauwerk","","hill fortress","","","","","","","2","416"
"concept:bergwand","concept","Bergwand","Gelände","","mountain face, steep slope","","","","","","","2","727 730"
"concept:bergwerk","concept","Bergwerk","Anlage","","mine","","","","","","","1","267"
"concept:besen","concept","Besen","Gerät","","broom","","","","","","","4","185 186 190"
"concept:bethaus","concept","Bethaus","Gebäude","","prayer house (chapel)","","","","","","","2","732 777"
"concept:bett","concept","Bett","Hausrat","","bed","","","","","","","1","128"
"concept:bettelburg","concept","Bettelburg","Gebäude","","""Bettelburg"" (building at Gera)","","","","","","","1","447"
"concept:beunte","concept","Beunte","Lebensraum","","Beunte (enclosed meadow cut off from the drove-way)","","","","","","","1","80"
"concept:bewoelkung","concept","Bewölkung","Wetter","","cloud cover","","","","","","","1","64"
"concept:bibel","concept","Bibel","Dokument","","Bible","","","","","","","3","132 296 350"
"concept:bibliothek","concept","Bibliothek","Gebäude","","library","","","","","","","2","297 582"
"concept:bienenkorb","concept","Bienenkorb","Gerät","","beehive (skep)","","","","","","","2","124 195"
"concept:bienenstock","concept","Bienenstock","Gerät","","beehive","","","","","","","2","236 709"
"concept:bier","concept","Bier","Nahrungsmittel","","beer","","","","","","","13","127 150 153 178 182 191 194 195 261 456 497 687 804"
"concept:bierhaus","concept","Bierhaus","Gebäude","","beerhouse","","","","","","","1","189"
"concept:bierstaenke","concept","Bierstänke","Gebäude","","beer tavern (Bierstänke)","","","","","","","1","724"
"concept:bildsaeule","concept","Bildsäule","Denkmal","","statue column","","","","","","","1","766"
"concept:billard","concept","Billard","Hausrat","","billiard table","","","","","","","1","440"
"concept:billingsmuehle","concept","Billingsmühle","Anlage","","Billingsmühle (mill)","","","","","","","3","21 48 590"
"concept:bisselmuehle","concept","Bisselmühle","Anlage","","Bisselmühle (mill)","","","","","","","1","655"
"concept:bitterspath","concept","Bitterspath","Gestein","Bitterspat","bitter spar (dolomite/magnesite)","","","","","","","2","247"
"concept:blauburg","concept","Blauburg","Gebäude","","Blauburg (private building)","","","","","","","1","512"
"concept:blauofen","concept","Blauofen","Anlage","","blue-ore furnace (smalt furnace)","","","","","","","3","246 675 728"
"concept:blech","concept","Blech","Material","","sheet metal, tin plate","","","","","","","2","129 182"
"concept:blechschmiede","concept","Blechschmiede","Anlage","","sheet-metal forge","","","","","","","1","784"
"concept:blei","concept","Blei","Metall","","lead","","","","","","","6","162 191 192 243 245 248"
"concept:bleiglanz","concept","Bleiglanz","Gestein","","galena","","","","","","","3","38 248 249"
"concept:bleistollen","concept","Bleistollen","","","","","","","","","","1","243"
"concept:blitz","concept","Blitz","Wetter","","lightning","","","","","","","21","190 203 313 427 475 539 583 612 645 654 668 675 681 760 769 807 808"
"concept:blitzableiter","concept","Blitzableiter","Gerät","","lightning conductor","","","","","","","1","612"
"concept:blitzschlag","concept","Blitzschlag","Wetter","","lightning strike","","","","","","","17","450 532 539 544 549 613 651 653 674 699 702 716 752 772 794"
"concept:blochholz","concept","Blochholz","Material","","sawlogs","","","","","","","1","241"
"concept:bockmuehle","concept","Bockmühle","Anlage","","post mill","","","","","","","1","567"
"concept:boden","concept","Boden","Boden","","soil, ground","","","","","","","11","28 30 31 36 70 242 426 644"
"concept:bohrbrunnen","concept","Bohrbrunnen","Anlage","","bored well","","","","","","","1","41"
"concept:borkenhaeuschen","concept","Borkenhäuschen","Gebäude","","bark hut (hermitage cell)","","","","","","","1","727"
"concept:born-und-webergasse","concept","Born- und Webergasse","Verkehrsweg","","Born and Weber lanes","","","","","","","1","489"
"concept:brand","concept","Brand","Ereignis","| Includes the keys Feuer, Feuers, Feuersbrunst as used for destructive fires (of houses, churches, villages).","fire, conflagration","","","","","","","98","123 130 135 137 179 381 423 426 431 432 447 451 458 459 460 463 466 499 501 506 508 511 541 542 560 568 580 581 582 588 591 594 596 598 602 603 604 609 628 641 657 660 663 665 668 676 677 684 686 687 688 690 692 696 704 705 715 718 719 722 743 747 756 757 760 761 763 765 771 772 782 789 804 807 812 813 817"
"concept:branntwein-und-essigbrennerei","concept","Branntwein- und Essigbrennerei","Anlage","","spirits and vinegar distillery","","","","","","","1","760"
"concept:branntweinbrennerei","concept","Branntweinbrennerei","Anlage","","spirits distillery","","","","","","","2","257 546"
"concept:branntweinschenke","concept","Branntweinschenke","Gebäude","","spirits tavern","","","","","","","3","523 526 757"
"concept:brau-und-spritzenhaus","concept","Brau- und Spritzenhaus","Gebäude","","brewhouse and fire-engine house","","","","","","","7","463 627 695 699 700 742 773"
"concept:brauerei","concept","Brauerei","Anlage","","brewery","","","","","","","12","126 245 257 422 451 523 568 734 791 803 806"
"concept:brauhaus","concept","Brauhaus","Gebäude","","brewhouse","","","","","","","23","457 459 465 482 485 504 517 525 608 613 618 640 641 653 682 696 758 766 801 802 803 824"
"concept:brauneisenstein","concept","Brauneisenstein","Gestein","","brown iron ore (limonite)","","","","","","","7","28 30 34 36 39 248"
"concept:braunkohle","concept","Braunkohle","Rohstoff","","brown coal, lignite","","","","","","","7","40 43 248 251 252 439"
"concept:braunkohlengrube","concept","Braunkohlengrube","Anlage","","lignite pit","","","","","","","2","517 528"
"concept:braunkohlenwerk","concept","Braunkohlenwerk","Anlage","","lignite works","","","","","","","4","522 524 527 530"
"concept:braupfanne","concept","Braupfanne","Gerät","","brewing pan","","","","","","","2","521 635"
"concept:brautbett","concept","Brautbett","Hausrat","","bridal bed","","","","","","","1","184"
"concept:brautkleid","concept","Brautkleid","Kleidung","","wedding dress","","","","","","","1","183"
"concept:brautkranz","concept","Brautkranz","Brauchtumsgegenstand","","bridal wreath","","","","","","","2","183"
"concept:brennerei","concept","Brennerei","Anlage","","distillery","","","","","","","6","232 257 682 690 734"
"concept:brennholz","concept","Brennholz","Rohstoff","","firewood","","","","","","","5","238 241 520 697"
"concept:bretschneidemaschine","concept","Bretschneidemaschine","Gerät","","board-sawing machine","","","","","","","1","682"
"concept:brett","concept","Brett","Material","","board, plank","","","","","","","2","490"
"concept:brod","concept","Brod","Nahrungsmittel","Brot","bread","","","","","","","11","179 184 185 195 312 647 784"
"concept:brodtrog","concept","Brodtrog","Gerät","","bread trough","","","","","","","1","185"
"concept:bronze","concept","Bronze","Metall","","bronze","","","","","","","1","311"
"concept:bronzene-geraethschaft","concept","bronzene Geräthschaft","Fundobjekt","","bronze implement","","","","","","","2","312 318"
"concept:bronzener-leuchterfuss","concept","bronzener Leuchterfuß","Fundobjekt","","bronze candlestick base","","","","","","","1","557"
"concept:bruecke","concept","Brücke","Bauwerk","","bridge","","","","","","","16","124 125 332 417 477 497 523 633 638 654 704 719 728 742 833"
"concept:brueder-und-schwesternhaus","concept","Brüder- und Schwesternhaus","Bauwerk","","brothers' and sisters' house (Moravian)","","","","","","","2","732 738"
"concept:bruederhaus","concept","Brüderhaus","Gebäude","","Brethren's house","","","","","","","1","733"
"concept:brunnen","concept","Brunnen","Anlage","","well; fountain","","","","","","","14","69 124 178 179 190 276 448 676 719 735 759 760"
"concept:brunnen-zu-doehlen","concept","Brunnen zu Döhlen","Anlage","","well at Döhlen","","","","","","","1","69"
"concept:brunnenhaeuschen","concept","Brunnenhäuschen","Gebäude","","well house","","","","","","","1","600"
"concept:brunnenkasten","concept","Brunnenkasten","Bauteil","","well casing","","","","","","","1","663"
"concept:brunnenwasser","concept","Brunnenwasser","Rohstoff","","well water","","","","","","","3","741 762 818"
"concept:brustnadel","concept","Brustnadel","Schmuck","","breast pin","","","","","","","1","451"
"concept:buch","concept","Buch","Dokument","","books","","","","","","","5","192 603 746 759 764"
"concept:buchdruckerei","concept","Buchdruckerei","Anlage","","printing works","","","","","","","1","258"
"concept:buchenwald","concept","Buchenwald","Lebensraum","","beech forest","","","","","","","3","79 592 780"
"concept:buechersammlung","concept","Büchersammlung","Dokument","","book collection","","","","","","","1","137"
"concept:buechse","concept","Büchse","Waffe","","gun (large cannon)","","","","","","","1","346"
"concept:bucht","concept","Bucht","Gelände","","bay, embayment of the plateau","","","","","","","1","59"
"concept:buntkupfererz","concept","Buntkupfererz","Gestein","","bornite (variegated copper ore)","","","","","","","1","38"
"concept:buntsandstein","concept","Buntsandstein","Formation","","Bunter sandstone (Buntsandstein)","","","","","","","7","39 43 75 247"
"concept:burg","concept","Burg","Bauwerk","","castle (fortress)","","","","","","","20","137 196 199 232 316 328 416 473 525 557 580 635 715 721 722"
"concept:burg-lobenstein","concept","Burg Lobenstein","Bauwerk","","Lobenstein castle","","","","","","","1","199"
"concept:burg-poelzig","concept","Burg Pölzig","Bauwerk","","Pölzig castle","","","","","","","1","366"
"concept:burg-speutewitz","concept","Burg Speutewitz","Bauwerk","","Speutewitz castle","","","","","","","1","558"
"concept:buergerhaus","concept","Bürgerhaus","Gebäude","","burgher's house","","","","","","","5","130 687 722"
"concept:buergerschule","concept","Bürgerschule","Schulform","","municipal school (Bürgerschule)","","","","","","","2","436"
"concept:buergerschulgebaeude","concept","Bürgerschulgebäude","Gebäude","","burgher school building","","","","","","","1","433"
"concept:buergerteich","concept","Bürgerteich","Anlage","","burghers' pond","","","","","","","1","48"
"concept:burggut","concept","Burggut","Anwesen","","castle estate","","","","","","","1","449"
"concept:burgruine","concept","Burgruine","Bauwerk","","castle ruin","","","","","","","3","123 425 713"
"concept:burgstelle","concept","Burgstelle","Bauwerk","","castle site","","","","","","","2","639"
"concept:burgthurm","concept","Burgthurm","Bauwerk","","castle keep","","","","","","","1","525"
"concept:burkhardsmuehle","concept","Burkhardsmühle","Anlage","","Burkhardsmühle (mill)","","","","","","","1","593"
"concept:busch","concept","Busch","Lebensraum","","bush, copse","","","","","","","6","72 79 89 125 468 486"
"concept:buschholz","concept","Buschholz","Lebensraum","","scrub","","","","","","","3","557 558 831"
"concept:buschmuehle","concept","Buschmühle","Anlage","","Buschmühle (mill)","","","","","","","1","771"
"concept:butter","concept","Butter","Nahrungsmittel","","butter","","","","","","","10","130 158 161 186 195 203 232 261 440"
"concept:butterfass","concept","Butterfaß","Gerät","","butter churn","","","","","","","1","185"
"concept:butterfladen","concept","Butterfladen","Speise","","butter flatbread","","","","","","","1","185"
"concept:canzlei","concept","Canzlei","Gebäude","","chancellery","","","","","","","1","438"
"concept:charlottenburg","concept","Charlottenburg","Gebäude","","Charlottenburg (private building, 1852)","","","","","","","1","512"
"concept:chaussee","concept","Chaussee","Verkehrsweg","","paved highway (chaussée)","","","","","","","34","12 13 14 22 23 29 48 77 275 449 458 459 466 467 471 503 510 537 594 614 626 732 792"
"concept:chaussee-gera-eisenberg","concept","Chaussee Gera–Eisenberg","Verkehrsweg","","highway Gera–Eisenberg","","","","","","","1","507"
"concept:chaussee-gera-neustadt","concept","Chaussee Gera–Neustadt","Verkehrsweg","","highway Gera–Neustadt","","","","","","","1","457"
"concept:chaussee-nach-zeitz","concept","Chaussee nach Zeitz","Verkehrsweg","","highway to Zeitz","","","","","","","2","510 519"
"concept:chausseebruecke","concept","Chausseebrücke","Bauwerk","","highway bridge","","","","","","","1","20"
"concept:chausseehaus","concept","Chausseehaus","Gebäude","","toll house on the highway","","","","","","","11","22 454 459 504 596 598 600 618 647 695 697"
"concept:chausseerundtheil","concept","Chausseerundtheil","Verkehrsweg","","highway bend (Chausseerundtheil)","","","","","","","1","14"
"concept:chemische-fabrik","concept","chemische Fabrik","Anlage","","chemical factory","","","","","","","1","507"
"concept:cholera","concept","Cholera","Seuche","","cholera","","","","","","","1","816"
"concept:chor","concept","Chor","Bauteil","","chancel","","","","","","","1","535"
"concept:chorhaus","concept","Chorhaus","Gebäude","","choir house (Moravian)","","","","","","","1","735"
"concept:christbaum","concept","Christbaum","Brauchtumsgegenstand","","Christmas tree","","","","","","","1","180"
"concept:chronik","concept","Chronik","Dokument","","chronicle","","","","","","","2","59"
"concept:clymenienkalk","concept","Clymenienkalk","Gestein","","Clymenia limestone (Upper Devonian)","","","","","","","1","34"
"concept:collegium","concept","Collegium","Gebäude","","college","","","","","","","1","438"
"concept:communalbau","concept","Communalbau","Gebäude","","municipal buildings","","","","","","","4","127 426 724 762"
"concept:communalweg","concept","Communalweg","Verkehrsweg","","municipal road","","","","","","","3","262 275"
"concept:communications-und-vicinalwege","concept","Communications- und Vicinalwege","Verkehrsweg","","connecting and local roads","","","","","","","2","449 638"
"concept:communicationsweg","concept","Communicationsweg","Verkehrsweg","","connecting road","","","","","","","20","451 452 459 477 523 538 545 556 560 561 598 619 624 626 649 700 705 793 808"
"concept:comthurhof","concept","Comthurhof","Anwesen","","commandery estate","","","","","","","1","591"
"concept:coralle","concept","Coralle","Material","Koralle","coral (jewellery)","","","","","","","1","157"
"concept:cossenhaus","concept","Cossenhaus","Gebäude","","cottager's house (Cossenhaus)","","","","","","","1","479"
"concept:crucifix","concept","Crucifix","Kirchenausstattung","","crucifix","","","","","","","1","627"
"concept:cubamuehle","concept","Cubamühle","Anlage","","Cubamühle (mill)","","","","","","","1","201"
"concept:czako","concept","Czako","Kleidung","","shako","","","","","","","1","272"
"concept:dach","concept","Dach","Bauteil","","roof","","","","","","","2","72 582"
"concept:dachrinne","concept","Dachrinne","Bauteil","","gutter","","","","","","","1","793"
"concept:dachschiefer","concept","Dachschiefer","Gestein","","roofing slate","","","","","","","6","32 247 821"
"concept:dachschieferbruch","concept","Dachschieferbruch","Anlage","","roofing-slate quarry","","","","","","","2","28 32"
"concept:damm","concept","Damm","Wasserbau","","embankment; dam","","","","","","","2","72 555"
"concept:dampfkessel","concept","Dampfkessel","Gerät","","steam boiler","","","","","","","2","439 507"
"concept:dampfmaschine","concept","Dampfmaschine","Gerät","","steam engine","","","","","","","5","251 439 507 593"
"concept:dampfmuehle","concept","Dampfmühle","Anlage","","steam mill","","","","","","","1","422"
"concept:degen","concept","Degen","Waffe","","dress sword","","","","","","","2","272 759"
"concept:delgoetze","concept","Delgötze","Denkmal","","Delgötze (legendary stone)","","","","","","","1","198"
"concept:denkmal","concept","Denkmal","Denkmal","","monument","","","","","","","4","582 583 603 738"
"concept:deutschherrnsiegel","concept","Deutschherrnsiegel","Fundobjekt","","seal of the Teutonic Order","","","","","","","1","694"
"concept:devon","concept","Devon","Formation","","Devonian","","","","","","","1","36"
"concept:diaconat","concept","Diaconat","Gebäude","","deaconate (second clergy post and its house)","","","","","","","3","433 714 722"
"concept:dietzelsmuehle","concept","Dietzelsmühle","Anlage","","Dietzelsmühle (mill)","","","","","","","1","644"
"concept:dolomit","concept","Dolomit","Gestein","","dolomite","","","","","","","2","38 247"
"concept:dom","concept","Dom","Bauwerk","","cathedral","","","","","","","1","130"
"concept:donner","concept","Donner","Wetter","","thunder","","","","","","","1","313"
"concept:dorf-und-communicationswege","concept","Dorf- und Communicationswege","Verkehrsweg","","village and connecting roads","","","","","","","1","526"
"concept:dorfbach","concept","Dorfbach","Gewässer","","village stream","","","","","","","9","47 48 674 694 732 778 807"
"concept:dorfgasse","concept","Dorfgasse","Verkehrsweg","","village lane","","","","","","","1","793"
"concept:dorfkirche","concept","Dorfkirche","Bauwerk","","village church","","","","","","","2","660 702"
"concept:dorfmuehle","concept","Dorfmühle","Anlage","","village mill","","","","","","","1","601"
"concept:dorfschenke","concept","Dorfschenke","Gebäude","","village alehouse","","","","","","","1","451"
"concept:dorfstrasse","concept","Dorfstraße","Verkehrsweg","","village street","","","","","","","34","426 449 451 452 459 481 492 504 517 523 532 535 538 540 541 552 556 560 561 563 598 619 624 626 638 649 660 676 700 783 821"
"concept:dorfteich","concept","Dorfteich","Lebensraum","","village pond","","","","","","","35","6 20 419 458 459 461 466 501 538 541 542 546 553 629 633 649 674 693 696 744 745 746 747 748 759 761 771 773 778 796 801 802 806"
"concept:dorfziehbrunnen","concept","Dorfziehbrunnen","Anlage","","village draw-well","","","","","","","2","70"
"concept:dorschenmuehle","concept","Dorschenmühle","Anlage","","Dorschenmühle (mill)","","","","","","","2","32 786"
"concept:drahthuette","concept","Drahthütte","Anlage","","wire works","","","","","","","1","764"
"concept:drahthuetten-und-zainhammerwerk","concept","Drahthütten- und Zainhammerwerk","Anlage","","wire and bar-iron hammer works","","","","","","","1","246"
"concept:drahtmuehle","concept","Drahtmühle","Anlage","","wire mill","","","","","","","3","20 246 764"
"concept:drehorgel","concept","Drehorgel","Instrument","","barrel organ","","","","","","","2","439"
"concept:drehscheibe","concept","Drehscheibe","Gerät","","potter's wheel","","","","","","","1","312"
"concept:drei-schwanen","concept","drei Schwanen","Gebäude","","inn ""Zu den drei Schwänen""","","","","","","","1","591"
"concept:dreschflegel","concept","Dreschflegel","Gerät","","flail","","","","","","","2","125"
"concept:dreschmaschine","concept","Dreschmaschine","Gerät","","threshing machine","","","","","","","2","216 747"
"concept:duft","concept","Duft","Wetter","","rime, hoarfrost deposit","","","","","","","1","237"
"concept:duenger","concept","Dünger","Rohstoff","","manure, fertilizer","","","","","","","6","154 164 214 231"
"concept:dungstaette","concept","Dungstätte","Anlage","","dung heap","","","","","","","2","128 186"
"concept:dunst","concept","Dunst","Wetter","","vapour, haze","","","","","","","2","59 130"
"concept:dunstdruck","concept","Dunstdruck","Klima","","vapour pressure","","","","","","","1","54"
"concept:duerre","concept","Dürre","Wetter","","drought","","","","","","","7","59 89 419 592 613 619 683"
"concept:duerrhof","concept","Dürrhof","Anwesen","","Dürrhof (farm)","","","","","","","2","594 596"
"concept:dynastenschloss","concept","Dynastenschloß","Bauwerk","","dynastic castle","","","","","","","2","123 512"
"concept:edelhof","concept","Edelhof","Anwesen","","manorial farm (Edelhof)","","","","","","","2","526 596"
"concept:egge","concept","Egge","Gerät","","harrow","","","","","","","1","152"
"concept:ehrenkreuz","concept","Ehrenkreuz","Auszeichnung","","cross of honour","","","","","","","2","272"
"concept:ehrenstein","concept","Ehrenstein","Bauwerk","","Ehrenstein (castle)","","","","","","","1","347"
"concept:ei","concept","Ei","Nahrungsmittel","","egg","","","","","","","17","90 141 143 153 158 179 189 192 235 261 440"
"concept:einsiedelei","concept","Einsiedelei","Gebäude","","hermitage","","","","","","","1","495"
"concept:einsiedlerhuette","concept","Einsiedlerhütte","Gebäude","","hermit's hut","","","","","","","2","697 698"
"concept:einzelhaus","concept","Einzelhaus","Gebäude","","isolated house","","","","","","","1","773"
"concept:eis","concept","Eis","Wetter","","ice","","","","","","","2","59 68"
"concept:eisdruck","concept","Eisdruck","Ereignis","","ice-load damage (to forests)","","","","","","","1","237"
"concept:eisen","concept","Eisen","Metall","","iron","","","","","","","22","5 15 37 42 44 92 242 243 245 248 250 261 272 311 571 601 620 723 724 774"
"concept:eisen-und-kupferschmelzwerk","concept","Eisen- und Kupferschmelzwerk","Anlage","","iron and copper smelting works","","","","","","","1","790"
"concept:eisenbahn","concept","Eisenbahn","Verkehrsweg","","railway","","","","","","","21","4 96 208 245 246 260 262 302 387 408 425 438 503 561 562 571 589 687 780"
"concept:eisenbahn-gera-eichicht","concept","Eisenbahn Gera–Eichicht","Verkehrsweg","","Gera–Eichicht railway","","","","","","","2","262 428"
"concept:eisenbahn-goessnitz-gera","concept","Eisenbahn Gößnitz–Gera","Verkehrsweg","","Gößnitz–Gera railway","","","","","","","3","262 434 450"
"concept:eisenbahn-weissenfels-gera","concept","Eisenbahn Weißenfels–Gera","Verkehrsweg","","Weißenfels–Gera railway","","","","","","","5","45 262 494 505 507"
"concept:eisenbahnnetz","concept","Eisenbahnnetz","Verkehrsweg","","railway network","","","","","","","1","261"
"concept:eisenbahnprojekt-weissenfels-hof","concept","Eisenbahnprojekt Weißenfels–Hof","Verkehrsweg","","planned Weißenfels–Hof railway","","","","","","","1","387"
"concept:eisenbahnzug","concept","Eisenbahnzug","Fahrzeug","","railway train","","","","","","","1","163"
"concept:eisenbergwerk","concept","Eisenbergwerk","Anlage","","iron mine","","","","","","","1","608"
"concept:eisenerz","concept","Eisenerz","Gestein","","iron ore","","","","","","","4","30 32 243"
"concept:eisengiesserei","concept","Eisengießerei","Anlage","","iron foundry","","","","","","","2","257 770"
"concept:eisengitter","concept","Eisengitter","Bauteil","","iron grille","","","","","","","1","534"
"concept:eisenglanz","concept","Eisenglanz","Gestein","","specular iron ore (haematite)","","","","","","","4","34 39 247 248"
"concept:eisengrube","concept","Eisengrube","Anlage","","iron-ore mine","","","","","","","12","23 242 560 598 599 604 606 608 619 699 789 790"
"concept:eisenhammer","concept","Eisenhammer","Anlage","","ironworks (hammer)","","","","","","","4","571 660 669 741"
"concept:eisenhuette","concept","Eisenhütte","Anlage","","ironworks","","","","","","","7","694 724 726 769 817"
"concept:eisenquelle","concept","Eisenquelle","Gewässer","","iron spring, chalybeate spring","","","","","","","3","44"
"concept:eisenstein","concept","Eisenstein","Gestein","","iron ore (ironstone)","","","","","","","5","39 243 244 247 596"
"concept:eisensteingrube","concept","Eisensteingrube","Anlage","","iron-ore mine","","","","","","","5","618 721 727 794 816"
"concept:eisenwerk","concept","Eisenwerk","Anlage","","ironworks","","","","","","","4","723 724 727 790"
"concept:eiserne-roehre","concept","eiserne Röhre","Anlage","","iron pipes","","","","","","","2","429"
"concept:eiserne-waffe","concept","eiserne Waffe","Fundobjekt","","iron weapon","","","","","","","1","312"
"concept:eisgang","concept","Eisgang","Ereignis","","ice drift (break-up of river ice)","","","","","","","1","450"
"concept:eiszeit","concept","Eiszeit","Klima","","Ice Age","","","","","","","2","40"
"concept:elsterbruecke","concept","Elsterbrücke","Bauwerk","","bridge over the Elster","","","","","","","3","421 422 494"
"concept:epaulett","concept","Epaulett","Kleidung","","epaulette","","","","","","","3","272"
"concept:epitaphium","concept","Epitaphium","Denkmal","","epitaph","","","","","","","1","664"
"concept:eprechtstein","concept","Eprechtstein","Bauwerk","","Eprechtstein (castle)","","","","","","","2","338 356"
"concept:erbbegraebniss","concept","Erbbegräbniß","Denkmal","","family burial vault","","","","","","","2","526 759"
"concept:erbprinz","concept","Erbprinz","Gebäude","","inn ""Erbprinz"" (formerly Goldene Weintraube)","","","","","","","1","433"
"concept:erbschluessel","concept","Erbschlüssel","Gerät","","inherited key (used in divination)","","","","","","","1","191"
"concept:erbzaun","concept","Erbzaun","Brauchtumsgegenstand","","inherited fence (in a rite of divination)","","","","","","","2","191"
"concept:erdapfelbrei","concept","Erdapfelbrei","Nahrungsmittel","","mashed potatoes","","","","","","","1","149"
"concept:erdbeben","concept","Erdbeben","Ereignis","","earthquake","","","","","","","1","689"
"concept:erde","concept","Erde","Boden","","earth, soil","","","","","","","4","70 188 195"
"concept:erdfall","concept","Erdfall","Landform","","sinkhole","","","","","","","3","38 78 418"
"concept:erdwall","concept","Erdwall","Befestigung","","earthwork","","","","","","","1","312"
"concept:eremitage","concept","Eremitage","Gebäude","","hermitage (pleasure grounds at Gera)","","","","","","","5","425 590 596 599 780"
"concept:erholungsgarten","concept","Erholungsgarten","Anlage","","pleasure garden","","","","","","","1","35"
"concept:erlbrunnen","concept","Erlbrunnen","Anlage","","Erlbrunnen (well)","","","","","","","1","594"
"concept:ernestine-augusta","concept","Ernestine Augusta","Anlage","","Ernestine Augusta (ironworks at Görkwitz)","","","","","","","2","246 601"
"concept:erz","concept","Erz","Gestein","","ore","","","","","","","8","27 39 244 245 272 557 706 764"
"concept:fabrik","concept","Fabrik","Anlage","","factory","","","","","","","2","255 784"
"concept:fabriketablissement","concept","Fabriketablissement","Anlage","","factory establishment","","","","","","","1","430"
"concept:fabrikgebaeude","concept","Fabrikgebäude","Gebäude","","factory building","","","","","","","2","736 790"
"concept:fahlerz","concept","Fahlerz","Gestein","","fahlore (tetrahedrite)","","","","","","","3","34 38 248"
"concept:fahne","concept","Fahne","Insignie","","flag","","","","","","","3","541 685 759"
"concept:fahrstrasse","concept","Fahrstraße","Verkehrsweg","","carriage road","","","","","","","1","568"
"concept:falkenmuehle","concept","Falkenmühle","Anlage","","Falkenmühle (mill)","","","","","","","1","50"
"concept:farbenerde","concept","Farbenerde","Material","Farberde","earth pigment","","","","","","","2","247 261"
"concept:fasanerie","concept","Fasanerie","Anlage","","pheasantry","","","","","","","3","421 422"
"concept:feld","concept","Feld","Lebensraum","","field, arable land","","","","","","","54","15 39 59 77 80 81 83 89 90 125 145 157 187 217 218 231 239 270 313 317 318 419 437 450 457 458 477 479 488 497 546 552 608 618 624 627 637 670 692 719 743 778 779 780 781 784 788 814"
"concept:feldkirche-zum-arlas","concept","Feldkirche zum Arlas","Bauwerk","","field church at Arlas","","","","","","","1","804"
"concept:feldspath","concept","Feldspath","Gestein","Feldspat","feldspar minerals","","","","","","","1","35"
"concept:fels","concept","Fels","Gestein","","rock, cliff","","","","","","","11","146 147 148 149 150 151 429 594 631 632 727"
"concept:felsengrotte","concept","Felsengrotte","Gelände","","rock grotto","","","","","","","1","633"
"concept:felsenkeller","concept","Felsenkeller","Bauteil","","rock cellar","","","","","","","3","429 430 803"
"concept:felsenparthie","concept","Felsenparthie","Gelände","Felspartie","rocky parts, rock formations","","","","","","","1","633"
"concept:felsenzinne","concept","Felsenzinne","Gelände","","rock pinnacle","","","","","","","1","727"
"concept:felsstrich","concept","Felsstrich","Lebensraum","","rocky area","","","","","","","1","72"
"concept:fenster","concept","Fenster","Bauteil","","window","","","","","","","2","459 670"
"concept:fensterluke","concept","Fensterluke","Bauteil","","window hatch","","","","","","","1","128"
"concept:feuchtigkeit","concept","Feuchtigkeit","Klima","","moisture, humidity","","","","","","","4","53 54 596 793"
"concept:feuermuehle","concept","Feuermühle","Anlage","","Feuermühle (mill)","","","","","","","1","50"
"concept:feuerspritze","concept","Feuerspritze","Gerät","","fire engine","","","","","","","87","126 422 424 451 454 457 460 461 462 465 470 477 479 480 484 486 488 497 501 504 506 508 512 517 519 520 523 526 528 532 535 538 541 544 545 548 551 552 554 556 560 598 601 608 615 619 624 626 627 629 638 644 649 660 674 677 679 682 690 694 696 703 705 719 743 746 748 751 757 759 762 764 768 773 775 779 782 788 791 793 797 806 807 821 824"
"concept:feuerstahl","concept","Feuerstahl","Gerät","","steel for striking fire","","","","","","","2","185"
"concept:fichtenwald","concept","Fichtenwald","Lebensraum","","spruce forest","","","","","","","4","125 237"
"concept:fingerwurm","concept","Fingerwurm","Krankheit","","whitlow (folk disease)","","","","","","","1","173"
"concept:fischerhuette","concept","Fischerhütte","Gebäude","","fishermen's hut","","","","","","","1","442"
"concept:fischteich","concept","Fischteich","Anlage","","fish pond","","","","","","","2","85 473"
"concept:flachs","concept","Flachs","Rohstoff","","flax","","","","","","","1","256"
"concept:flachsbau","concept","Flachsbau","Wirtschaftszweig","","flax growing","","","","","","","1","316"
"concept:fleisch","concept","Fleisch","Nahrungsmittel","","meat","","","","","","","5","131 143 188 192 214"
"concept:flittergold","concept","Flittergold","Material","","tinsel (gold foil)","","","","","","","2","156 183"
"concept:floss","concept","Floß","Fahrzeug","","timber raft","","","","","","","3","236 238"
"concept:floesteich","concept","Flösteich","Anlage","","timber-floating pond","","","","","","","3","50 776 778"
"concept:flur","concept","Flur","Lebensraum","","fields, open farmland (village fields)","","","","","","","10","34 46 48 86 276 507 514 738 765"
"concept:flurweg","concept","Flurweg","Verkehrsweg","","field path","","","","","","","2","275 808"
"concept:fluss","concept","Fluss","Gewässer","","river","","","","","","","6","69 85 87 123 217"
"concept:flusspath","concept","Flusspath","Gestein","Flussspat","fluorspar","","","","","","","2","245 247"
"concept:flusswasser","concept","Flußwasser","Rohstoff","Flusswasser","river water","","","","","","","1","429"
"concept:forst","concept","Forst","Lebensraum","","managed forest, forest district","","","","","","","4","82 265 442"
"concept:forstgut","concept","Forstgut","Anwesen","","forester's estate","","","","","","","1","648"
"concept:forsthaus","concept","Forsthaus","Gebäude","","forester's house","","","","","","","23","6 7 21 22 425 525 526 596 600 629 633 647 741 768 777 780 785 817"
"concept:fournirschneidemuehle","concept","Fournirschneidemühle","Anlage","","veneer sawmill","","","","","","","1","423"
"concept:frankenstrasse","concept","Frankenstraße","Verkehrsweg","","Frankenstraße","","","","","","","1","668"
"concept:franzmuehle","concept","Franzmühle","Anlage","","Franzmühle (mill)","","","","","","","1","639"
"concept:frauenstand","concept","Frauenstand","Kirchenausstattung","","women's pews","","","","","","","1","582"
"concept:frauenstein","concept","Frauenstein","Bauwerk","","Frauenstein (castle)","","","","","","","1","358"
"concept:freigut","concept","Freigut","Anwesen","","freehold farm","","","","","","","1","759"
"concept:freihaus","concept","Freihaus","Gebäude","","freehold house","","","","","","","1","779"
"concept:frictionsschloss","concept","Frictionsschloß","Waffe","","friction lock","","","","","","","1","272"
"concept:friedelsgut","concept","Friedelsgut","Anwesen","","Friedelsgut (farm)","","","","","","","2","552"
"concept:friedhof","concept","Friedhof","Anlage","","cemetery","","","","","","","49","195 421 452 453 459 460 461 463 466 468 481 501 505 510 511 521 526 535 537 541 545 584 603 609 619 636 638 647 660 680 685 693 702 734 735 742 748 751 766 777 778 791 793 802"
"concept:frisch-und-hammerwerk","concept","Frisch- und Hammerwerk","Anlage","","refining forge and hammer works","","","","","","","1","246"
"concept:frischeisen","concept","Frischeisen","Metall","","refined iron (finery iron)","","","","","","","1","677"
"concept:frohnhaus","concept","Frohnhaus","Gebäude","","Frohn house (labour dues cottage)","","","","","","","3","560 722"
"concept:frohnveste","concept","Frohnveste","Gebäude","","jail (Frohnveste)","","","","","","","2","275"
"concept:frost","concept","Frost","Wetter","","frost","","","","","","","6","59 190 214"
"concept:fuerstengruft","concept","Fürstengruft","Denkmal","","princely vault","","","","","","","1","582"
"concept:fuerstliche-kapelle","concept","fürstliche Kapelle","Bauwerk","","princely chapel","","","","","","","1","582"
"concept:gaea-von-sachsen","concept","Gäa von Sachsen","Dokument","","Gaea of Saxony (geological work)","","","","","","","1","12"
"concept:gabel","concept","Gabel","Gerät","","fork","","","","","","","1","183"
"concept:galgen","concept","Galgen","Denkmal","","gallows","","","","","","","4","126 138 461 558"
"concept:garkueche","concept","Garküche","Gebäude","","cookshop","","","","","","","1","640"
"concept:garn","concept","Garn","Erzeugnis","","yarn; net","","","","","","","2","84 189"
"concept:garnisonkirche","concept","Garnisonkirche","Bauwerk","","garrison church","","","","","","","1","418"
"concept:garten","concept","Garten","Lebensraum","","garden","","","","","","","36","59 79 81 89 124 125 180 190 217 218 270 437 441 442 468 501 518 543 580 598 608 619 624 627 637 639 642 665 670 719 732 751 766 779"
"concept:gasbeleuchtung","concept","Gasbeleuchtung","Anlage","","gas lighting","","","","","","","1","590"
"concept:gasleitung","concept","Gasleitung","Anlage","","gas pipeline","","","","","","","2","429"
"concept:gasthaus","concept","Gasthaus","Gebäude","","inn","","","","","","","2","452 746"
"concept:gasthof","concept","Gasthof","Gebäude","","inn","","","","","","","28","459 488 499 505 523 526 539 542 560 592 598 647 687 694 705 724 725 727 738 758 759 760 779 780 806 823"
"concept:gebaelk","concept","Gebälk","Bauteil","","timberwork","","","","","","","1","545"
"concept:gebaeude","concept","Gebäude","Gebäude","","building","","","","","","","3","217 560 687"
"concept:gedaechtnisstafel","concept","Gedächtnißtafel","Denkmal","","memorial tablet","","","","","","","1","734"
"concept:gefangenhaus","concept","Gefangenhaus","Gebäude","","prison (jailhouse)","","","","","","","4","275 431"
"concept:gehoeft","concept","Gehöft","Anwesen","","farmstead","","","","","","","3","217 757 803"
"concept:gemaelde","concept","Gemälde","Kunstwerk","","painting","","","","","","","2","457 702"
"concept:gemeinde-und-spritzenhaus","concept","Gemeinde- und Spritzenhaus","Gebäude","","municipal and fire-engine house","","","","","","","7","479 605 614 619 638 749 782"
"concept:gemeinde-brau-und-spritzenhaus","concept","Gemeinde-, Brau- und Spritzenhaus","Gebäude","","municipal, brew and fire-engine house","","","","","","","2","520 756"
"concept:gemeindearmenhaus","concept","Gemeindearmenhaus","Gebäude","","parish poorhouse","","","","","","","9","461 478 541 560 563 594 762 777 817"
"concept:gemeindebrauerei","concept","Gemeindebrauerei","Anlage","","municipal brewery","","","","","","","1","746"
"concept:gemeindebrauhaus","concept","Gemeindebrauhaus","Gebäude","","municipal brewhouse","","","","","","","2","478 520"
"concept:gemeindehandspritze","concept","Gemeindehandspritze","Gerät","","municipal hand fire engine","","","","","","","1","491"
"concept:gemeindehaus","concept","Gemeindehaus","Gebäude","","municipal building","","","","","","","32","123 425 449 452 454 461 463 470 481 490 505 525 533 542 543 544 545 549 551 552 563 564 638 647 649 683 690 724 725 796"
"concept:gemeindeholz","concept","Gemeindeholz","Lebensraum","","municipal woodland (commons wood)","","","","","","","1","773"
"concept:gemeindeschenke","concept","Gemeindeschenke","Gebäude","","municipal alehouse","","","","","","","4","452 478 677 757"
"concept:gemeindeschmiede","concept","Gemeindeschmiede","Gebäude","","municipal smithy","","","","","","","1","821"
"concept:gemuesegarten","concept","Gemüsegarten","Lebensraum","","vegetable garden","","","","","","","3","466 777 824"
"concept:generalanzeiger-fuer-thueringen","concept","Generalanzeiger für Thüringen","Dokument","","General-Anzeiger für Thüringen (newspaper)","","","","","","","1","441"
"concept:georgenkirche-zu-schleiz","concept","Georgenkirche zu Schleiz","Bauwerk","","St George's Church, Schleiz","","","","","","","2","611 614"
"concept:geraburg","concept","Geraburg","Befestigung","","Geraburg (Sorbian castle at Gera)","","","","","","","3","198 442"
"concept:geraer-bahnhof","concept","Geraer Bahnhof","Gebäude","","Gera railway station","","","","","","","1","11"
"concept:geraer-zeitung","concept","Geraer Zeitung","Dokument","","Gera newspaper","","","","","","","1","441"
"concept:geraethschaft","concept","Geräthschaft","Gerät","","implements; equipment","","","","","","","6","214 216 231 294 519"
"concept:geroelle","concept","Gerölle","Gestein","","gravel, rubble","","","","","","","2","41 478"
"concept:gesangbuch","concept","Gesangbuch","Dokument","","hymnal","","","","","","","1","184"
"concept:gestein","concept","Gestein","Gestein","","rock (material)","","","","","","","6","137 199 242 246 428 706"
"concept:getraenk","concept","Getränk","Nahrungsmittel","","drinks, beverages","","","","","","","2","188 312"
"concept:getreide","concept","Getreide","Agrarprodukt","","grain, cereals","","","","","","","14","200 260 440 474 557 559 610 618 671 682 685 754"
"concept:getreidemuehle","concept","Getreidemühle","Anlage","","grain mill","","","","","","","2","257"
"concept:gewand","concept","Gewand","Kleidung","","garment","","","","","","","1","180"
"concept:gewaesser","concept","Gewässer","Gewässer","","waters, bodies of water","","","","","","","1","27"
"concept:gewehr","concept","Gewehr","Waffe","","rifle","","","","","","","1","272"
"concept:gewitter","concept","Gewitter","Wetter","","thunderstorm","","","","","","","22","65 66 67 68 148 186 189 190 203 466 613 743"
"concept:giebeldach","concept","Giebeldach","Bauteil","","gabled roof","","","","","","","1","633"
"concept:glas","concept","Glas","Material","","glass","","","","","","","5","184 192 261 440"
"concept:glasbouteille","concept","Glasbouteille","Hausrat","","glass bottle","","","","","","","1","777"
"concept:glasgemaelde","concept","Glasgemälde","Kunstwerk","","stained glass","","","","","","","1","612"
"concept:glasscheibe","concept","Glasscheibe","Bauteil","","glass pane","","","","","","","2","128 129"
"concept:glaubersalz","concept","Glaubersalz","Material","","Glauber's salt (sodium sulphate)","","","","","","","1","507"
"concept:glimmerdiabas","concept","Glimmerdiabas","Gestein","","mica diabase","","","","","","","1","33"
"concept:glocke","concept","Glocke","Kirchenausstattung","","bell","","","","","","","73","125 180 194 203 421 426 433 452 454 458 463 468 474 481 482 484 505 511 516 532 535 537 540 541 545 548 556 564 582 583 612 614 619 627 643 657 660 664 675 685 695 702 725 734 742 746 748 751 756 759 761 764 765 771 775 777 779 787 791 793 796 801 805 807 813 833"
"concept:glockenthurm","concept","Glockenthurm","Bauwerk","","bell tower","","","","","","","1","718"
"concept:gluecksthalhammer","concept","Glücksthalhammer","","","","","","","","","","1","243"
"concept:gneisboden","concept","Gneisboden","Boden","","gneiss soil","","","","","","","1","824"
"concept:gold","concept","Gold","Metall","","gold","","","","","","","19","34 41 197 206 242 243 245 248 272 367 519 525 611 635 704"
"concept:goldene-krone","concept","goldene Krone","Gebäude","","inn ""Zur goldenen Krone""","","","","","","","1","735"
"concept:goldener-hahn","concept","goldener Hahn","Gebäude","","inn ""Zum goldenen Hahn""","","","","","","","1","12"
"concept:goldener-hirsch","concept","goldener Hirsch","Gebäude","","inn ""Zum goldenen Hirsch""","","","","","","","1","814"
"concept:goldener-kranich","concept","goldener Kranich","Gebäude","","inn ""Zum goldenen Kranich"" (Hohenleuben)","","","","","","","2","640"
"concept:goldener-loewe","concept","goldener Löwe","Gebäude","","inn ""Zum goldenen Löwen""","","","","","","","3","719 735 814"
"concept:goldgulden","concept","Goldgulden","Zahlungsmittel","","gold florin","","","","","","","1","368"
"concept:goellersmuehle","concept","Göllersmühle","Anlage","","Göllersmühle (mill)","","","","","","","1","246"
"concept:gottesacker","concept","Gottesacker","Anlage","","churchyard; cemetery","","","","","","","16","426 464 474 510 541 603 657 716 734 737 759 771 804 807"
"concept:grab","concept","Grab","Denkmal","","graves","","","","","","","2","318"
"concept:graben","concept","Graben","Befestigung","","ditch; moat","","","","","","","3","426 512 552"
"concept:grabmal","concept","Grabmal","Denkmal","","tomb; gravestone","","","","","","","2","35 537"
"concept:grabmonument","concept","Grabmonument","Denkmal","","funerary monument","","","","","","","2","511 761"
"concept:grabstein","concept","Grabstein","Denkmal","","gravestone","","","","","","","5","464 468 474 516 537"
"concept:granit","concept","Granit","Gestein","","granite","","","","","","","2","33 766"
"concept:grasgarten","concept","Grasgarten","Lebensraum","","grass garden (meadow orchard)","","","","","","","3","79 637 743"
"concept:graunickelkies","concept","Graunickelkies","Gestein","","grey nickel ore","","","","","","","1","34"
"concept:graupenmuehle","concept","Graupenmühle","Anlage","","pearl-barley mill","","","","","","","1","601"
"concept:grauwacke","concept","Grauwacke","Gestein","","greywacke","","","","","","","8","4 29 32 43 75 77 606 630"
"concept:grenzstein","concept","Grenzstein","Denkmal","","boundary stone","","","","","","","2","195 521"
"concept:grosse-erholung","concept","große Erholung","Anlage","","""Große Erholung"" (property at Schleiz)","","","","","","","1","33"
"concept:grube","concept","Grube","Anlage","","pit; mine","","","","","","","6","30 36 601 610 644"
"concept:grube-arme-hilfe","concept","Grube Arme Hilfe","Anlage","","""Arme Hilfe"" mine","","","","","","","2","27 28"
"concept:grube-louise","concept","Grube Louise","Anlage","","""Louise"" mine","","","","","","","1","596"
"concept:grube-zufriedenheit-und-constanze","concept","Grube Zufriedenheit und Constanze","Anlage","","""Zufriedenheit und Constanze"" mine","","","","","","","1","802"
"concept:grubenbau","concept","Grubenbau","Anlage","","mine working","","","","","","","1","30"
"concept:grubenwasser","concept","Grubenwasser","","","","","","","","","","1","527"
"concept:grummet","concept","Grummet","Futter","","aftermath hay","","","","","","","2","293 780"
"concept:gruener-baum","concept","grüner Baum","Gebäude","","inn ""Zum grünen Baum""","","","","","","","1","592"
"concept:gruners-hammer","concept","Gruners Hammer","Anlage","","Gruner's hammer works","","","","","","","1","246"
"concept:gruenstein","concept","Grünstein","Gestein","","greenstone (diabase)","","","","","","","10","29 31 35 44 78 246 630"
"concept:gruensteintuff","concept","Grünsteintuff","Gestein","","greenstone tuff","","","","","","","1","31"
"concept:gueldebrunnen","concept","Güldebrunnen","Anlage","","Güldebrunnen (well)","","","","","","","1","608"
"concept:guenthersmuehle","concept","Günthersmühle","Anlage","","Günthersmühle (mill)","","","","","","","2","49 768"
"concept:gusseisen","concept","Gußeisen","Metall","Gusseisen","cast iron","","","","","","","1","584"
"concept:gussstahl","concept","Gußstahl","Metall","Gussstahl","cast steel","","","","","","","1","724"
"concept:gussstahlfabrik","concept","Gußstahlfabrik","Anlage","","cast-steel factory","","","","","","","1","724"
"concept:gutsgebaeude","concept","Gutsgebäude","Gebäude","","estate buildings","","","","","","","5","12 137 525 535 823"
"concept:gutshof","concept","Gutshof","Anwesen","","estate farmyard","","","","","","","1","539"
"concept:gutsmauerraum","concept","Gutsmauerraum","Gebäude","","estate jail (Hundeloch)","","","","","","","1","126"
"concept:gutswirthschaftsgebaeude","concept","Gutswirthschaftsgebäude","Gebäude","","estate farm buildings","","","","","","","1","802"
"concept:gymnasium","concept","Gymnasium","Gebäude","","grammar school building","","","","","","","1","444"
"concept:gyps","concept","Gyps","Gestein","Gips","gypsum","","","","","","","5","39 248 477 479 499"
"concept:gypsbrennerei","concept","Gypsbrennerei","Anlage","","gypsum kiln","","","","","","","1","477"
"concept:gypsbruch","concept","Gypsbruch","Anlage","","gypsum quarry","","","","","","","2","13 311"
"concept:gypsmuehle","concept","Gypsmühle","Anlage","","gypsum mill","","","","","","","1","560"
"concept:gypsstock","concept","Gypsstock","Gestein","","gypsum stock (deposit)","","","","","","","2","38"
"concept:hacke","concept","Hacke","Gerät","","hoe; mattock","","","","","","","3","71 187"
"concept:hafer","concept","Hafer","Agrarprodukt","","oats","","","","","","","2","516 682"
"concept:haferzone","concept","Haferzone","Klima","","oat zone (altitude zone of oat growing)","","","","","","","1","58"
"concept:hagelwetter","concept","Hagelwetter","Wetter","","hailstorm","","","","","","","9","148 460 614 619 624 647 650 654 739"
"concept:haide","concept","Haide","Lebensraum","Heide","heath","","","","","","","2","15 659"
"concept:hain","concept","Hain","Lebensraum","| Also a place name (Hain at Untermhaus near Gera).","grove","","","","","","","13","318 416 417 418 483 525 604 635 719 815"
"concept:hainsburg","concept","Hainsburg","Bauwerk","","Hainsburg (castle)","","","","","","","1","554"
"concept:hainteich","concept","Hainteich","Anlage","","grove pond","","","","","","","1","596"
"concept:halbmondfundgrube","concept","Halbmondfundgrube","Anlage","","Halbmond mine (Fundgrube)","","","","","","","1","30"
"concept:halde","concept","Halde","Anlage","","mine dump","","","","","","","1","721"
"concept:halseisen","concept","Halseisen","Gerät","","iron collar (pillory)","","","","","","","1","511"
"concept:hammer","concept","Hammer","Anlage","","hammer works","","","","","","","2","245 578"
"concept:haemmerchensmuehle","concept","Hämmerchensmühle","Anlage","","Hämmerchensmühle (mill)","","","","","","","1","712"
"concept:hammerwerk","concept","Hammerwerk","Anlage","","hammer works (ironworks)","","","","","","","16","242 250 475 599 601 675 723 726 747 769 784 803"
"concept:hammerwerk-gluecksthal","concept","Hammerwerk Glücksthal","Anlage","","Glücksthal hammer works","","","","","","","2","675 677"
"concept:hammerwerke-heinrichsthal","concept","Hammerwerke Heinrichsthal","Anlage","","Heinrichsthal hammer works","","","","","","","1","672"
"concept:handschlitten","concept","Handschlitten","Fahrzeug","","hand sledge","","","","","","","1","180"
"concept:handschuh","concept","Handschuh","Kleidung","","glove","","","","","","","1","440"
"concept:handspritze","concept","Handspritze","Gerät","","hand fire engine","","","","","","","1","736"
"concept:handstuhl","concept","Handstuhl","Gerät","","hand frame","","","","","","","1","439"
"concept:handtuch","concept","Handtuch","Hausrat","","towel","","","","","","","1","185"
"concept:harmonika","concept","Harmonika","Instrument","","harmonica; accordion","","","","","","","2","261 439"
"concept:harmonikafabrik","concept","Harmonikafabrik","Betrieb","","accordion factory","","","","","","","1","422"
"concept:harzhuette","concept","Harzhütte","Anlage","","resin works","","","","","","","1","699"
"concept:haeselburg","concept","Häselburg","Befestigung","","Häselburg (Sorbian fortification above Gera)","","","","","","","3","199 200 442"
"concept:hasensaeule","concept","Hasensäule","Denkmal","","Hasensäule (warning tablet against poaching)","","","","","","","1","558"
"concept:hauptkirche","concept","Hauptkirche","Bauwerk","","principal church","","","","","","","3","429 635 812"
"concept:hauptsteueramtsgebaeude","concept","Hauptsteueramtsgebäude","Gebäude","","main tax office building","","","","","","","1","275"
"concept:hauptsteueramtsgebaeude-gera","concept","Hauptsteueramtsgebäude (Gera)","Bauwerk","","main tax office building, Gera (1867)","","","","","","","1","431"
"concept:haus","concept","Haus","Gebäude","","house","","","","","","","46","6 81 123 138 152 178 184 188 193 194 207 257 452 482 552 560 686 700 705 709 722 737 746 757 776 779 780 793 823"
"concept:hauskapelle","concept","Hauskapelle","Bauwerk","","house chapel","","","","","","","1","526"
"concept:hausmobiliar","concept","Hausmobiliar","Hausrat","","household furniture","","","","","","","1","89"
"concept:hausmuehle","concept","Hausmühle","Gerät","","hand mill (household mill)","","","","","","","2","345 422"
"concept:hausthuere","concept","Hausthüre","Bauteil","","front door","","","","","","","2","128 180"
"concept:hecke","concept","Hecke","Lebensraum","","hedge","","","","","","","4","72 79 90 185"
"concept:heckenzaun","concept","Heckenzaun","Anlage","","hedge fence","","","","","","","1","123"
"concept:heerstrasse","concept","Heerstraße","Verkehrsweg","","military road; highway","","","","","","","3","722 741 780"
"concept:heftel","concept","Heftel","Schmuck","","clasp; brooch","","","","","","","1","451"
"concept:heiligenbild","concept","Heiligenbild","Kunstwerk","","holy picture","","","","","","","2","479 648"
"concept:heiligenschrein","concept","Heiligenschrein","Kirchenausstattung","","reliquary shrine","","","","","","","1","627"
"concept:heilquelle","concept","Heilquelle","Gewässer","","healing spring, medicinal spring","","","","","","","7","44 599"
"concept:heinrichsfreude","concept","Heinrichsfreude","Anlage","","Heinrichsfreude (mine)","","","","","","","1","30"
"concept:heinrichsmuehle","concept","Heinrichsmühle","Anlage","","Heinrichsmühle (mill)","","","","","","","1","814"
"concept:heinrichsthaler-hammer","concept","Heinrichsthaler Hammer","Anlage","","Heinrichsthal hammer works","","","","","","","1","246"
"concept:helm","concept","Helm","Waffe","","helmet","","","","","","","2","272 433"
"concept:herrnhaus","concept","Herrnhaus","Gebäude","","manor house","","","","","","","25","12 22 123 126 452 474 494 495 523 526 541 542 549 568 598 642 654 657 771 784 806"
"concept:herrnhuter-anbau","concept","herrnhuter Anbau","Anlage","","Moravian settlement (Herrnhuter Anbau)","","","","","","","1","732"
"concept:herzwurm","concept","Herzwurm","Krankheit","","heart worm (folk disease)","","","","","","","1","173"
"concept:heu","concept","Heu","Agrarprodukt","","hay","","","","","","","14","141 151 293 585 597 608 671 682 685 689 780"
"concept:heuwagen","concept","Heuwagen","Fahrzeug","","hay wagon","","","","","","","1","203"
"concept:hirschfelder-windmuehle","concept","Hirschfelder Windmühle","Anlage","","windmill at Hirschfeld","","","","","","","1","14"
"concept:hirtenhaus","concept","Hirtenhaus","Gebäude","","herdsman's house","","","","","","","3","454 555 618"
"concept:hitze","concept","Hitze","Klima","","heat","","","","","","","1","59"
"concept:hochflaeche","concept","Hochfläche","Gelände","","upland plateau, high surface","","","","","","","4","19 41 59 76"
"concept:hochland","concept","Hochland","Gelände","","highland, upland","","","","","","","1","574"
"concept:hochofen","concept","Hochofen","Anlage","","blast furnace","","","","","","","7","22 246 669 727 747 790"
"concept:hochofen-und-frischfeuerhuette","concept","Hochofen- und Frischfeuerhütte","Anlage","","blast furnace and refinery works","","","","","","","1","601"
"concept:hochofenmuehle","concept","Hochofenmühle","Anlage","","Hochofenmühle (mill)","","","","","","","2","246 601"
"concept:hochstrasse","concept","Hochstraße","Verkehrsweg","","high road","","","","","","","1","780"
"concept:hochwald","concept","Hochwald","Lebensraum","","high forest, timber forest","","","","","","","1","775"
"concept:hochwasser","concept","Hochwasser","Ereignis","","flood, high water","","","","","","","7","422 423 449 477 478 654 694"
"concept:hof","concept","Hof","Anwesen","","farmstead; yard","","","","","","","7","12 138 257 316 481 519 552"
"concept:hofgebaeude","concept","Hofgebäude","Gebäude","","farm building","","","","","","","1","525"
"concept:hofgelaenge","concept","Hofgelänge","Lebensraum","| Brückner (p. 80) names Hofgelänge, Gottesgelänge, Engel, Himmelreich, Selig as field-name types for fertile arable land; also a Flurstück name in Part II.","Hofgelänge (the better arable strips next to the farmstead)","","","","","","","1","660"
"concept:hofraithe","concept","Hofraithe","Anwesen","","farmyard (Hofraite)","","","","","","","3","123 224"
"concept:hofteich","concept","Hofteich","Anlage","","farm pond","","","","","","","1","36"
"concept:hoehe","concept","Höhe","Gelände","","height, hill","","","","","","","6","59 86 533 822"
"concept:hohenforst","concept","Hohenforst","Anlage","","Hohenforst (mine in the Erzgebirge)","","","","","","","3","242 337 366"
"concept:hohenofen","concept","Hohenofen","Anlage","","Hohenofen (blast furnace, Benignengrün)","","","","","","","1","712"
"concept:hoehenrauch","concept","Höhenrauch","Wetter","","dry haze (smoke from burnt moors, also Moorrauch, Haarrauch)","","","","","","","8","66 68"
"concept:hoehenwall","concept","Höhenwall","Befestigung","","hilltop rampart","","","","","","","2","312"
"concept:hollaendische-muehle","concept","Holländische Mühle","Anlage","","Dutch-type windmill","","","","","","","2","6 7"
"concept:hollunderthee","concept","Hollunderthee","Nahrungsmittel","Holundertee","elder-flower tea (folk medicine)","","","","","","","1","174"
"concept:holz","concept","Holz","Rohstoff","","wood, timber","","","","","","","107","5 17 126 136 164 166 176 178 184 190 202 203 207 236 237 238 239 241 242 249 256 258 259 260 261 270 293 322 418 421 438 440 454 455 461 462 467 468 470 471 484 488 489 518 520 527 550 570 594 595 602 603 606 607 612 615 616 621 624 627 629 636 658 664 671 676 677 685 686 687 688 696 701 719 723 736 752 756 757 762 764 768 776 777 779 781 812 832"
"concept:holzanpflanzung","concept","Holzanpflanzung","Lebensraum","","tree plantation (planted wood)","","","","","","","3","450 732 800"
"concept:holzaufsatz","concept","Holzaufsatz","Bauteil","","wooden superstructure","","","","","","","1","751"
"concept:holzbau","concept","Holzbau","Gebäude","","timber building","","","","","","","1","132"
"concept:holzbestand","concept","Holzbestand","Lebensraum","","timber stand","","","","","","","1","604"
"concept:holzdecke","concept","Holzdecke","Bauteil","","wooden ceiling","","","","","","","1","549"
"concept:hoelzerne-roehre","concept","hölzerne Röhre","Anlage","","wooden pipe","","","","","","","1","429"
"concept:holzfigur","concept","Holzfigur","Kunstwerk","","wooden figure","","","","","","","2","452 550"
"concept:holzfrevel","concept","Holzfrevel","Prozess","","timber theft, illegal logging","","","","","","","1","744"
"concept:holzinstrument","concept","Holzinstrument","Instrument","","woodwind instrument","","","","","","","1","311"
"concept:holzkeil","concept","Holzkeil","Gerät","","wooden wedge","","","","","","","1","203"
"concept:holzkohle","concept","Holzkohle","Rohstoff","","charcoal","","","","","","","1","571"
"concept:holzschnitzerei","concept","Holzschnitzerei","Kunstwerk","","wood carving","","","","","","","1","685"
"concept:holzschuh","concept","Holzschuh","Kleidung","","wooden shoe","","","","","","","1","261"
"concept:honig","concept","Honig","Nahrungsmittel","","honey","","","","","","","6","174 235 414"
"concept:hopfenbau","concept","Hopfenbau","Wirtschaftszweig","","hop growing","","","","","","","1","214"
"concept:hospital","concept","Hospital","Gebäude","","hospital; almshouse","","","","","","","8","505 512 515 586 714 718"
"concept:hostienkapsel","concept","Hostienkapsel","Kirchenausstattung","","pyx","","","","","","","1","765"
"concept:hotel-frommater","concept","Hôtel Frommater","Gebäude","","Hôtel Frommater (Gera)","","","","","","","1","433"
"concept:hufeisen","concept","Hufeisen","Gerät","","horseshoe","","","","","","","3","199 207 419"
"concept:hueftmesser","concept","Hüftmesser","Waffe","","hip knife","","","","","","","1","272"
"concept:huegelgelaende","concept","Hügelgelände","Gelände","","hilly terrain","","","","","","","1","76"
"concept:humus","concept","Humus","Boden","","humus, topsoil","","","","","","","2","75 408"
"concept:hungerjahre","concept","Hungerjahre","Ereignis","","famine years","","","","","","","1","333"
"concept:hut","concept","Hut","Kleidung","","hat","","","","","","","1","440"
"concept:huette","concept","Hütte","Anlage","","works (smelting or glass works); hut","","","","","","","2","128 180"
"concept:huettenwerk","concept","Hüttenwerk","Anlage","","smelting works","","","","","","","2","246 250"
"concept:huettenwerke","concept","Hüttenwerke","","","","","","","","","","1","243"
"concept:hutung","concept","Hutung","Lebensraum","","pasture, common grazing land","","","","","","","14","217 532 538 560 563 677 782 784 808 818 823 824"
"concept:hutzenhaus","concept","Hutzenhaus","Gebäude","","house for the Hutzengehn (winter social gathering)","","","","","","","1","188"
"concept:irmsaeule","concept","Irmsäule","Denkmal","","Irmsäule (legendary pillar near Ernsee)","","","","","","","1","418"
"concept:jacke","concept","Jacke","Kleidung","","jacket","","","","","","","1","153"
"concept:jagdbruecke","concept","Jagdbrücke","Bauwerk","","hunting bridge","","","","","","","1","418"
"concept:jagdhaus","concept","Jagdhaus","Gebäude","","hunting lodge","","","","","","","5","726 780"
"concept:jagdhaus-jaegersruh","concept","Jagdhaus Jägersruh","Gebäude","","Jägersruh hunting lodge","","","","","","","1","779"
"concept:jagdkarte","concept","Jagdkarte","Dokument","","hunting licence","","","","","","","1","277"
"concept:jaegerhaus","concept","Jägerhaus","Gebäude","","huntsman's house","","","","","","","2","499"
"concept:jaegerhof","concept","Jägerhof","Gebäude","","huntsman's lodge","","","","","","","1","421"
"concept:jaegersteg","concept","Jägersteg","Bauwerk","","Jägersteg (footbridge)","","","","","","","1","203"
"concept:jahresmittel","concept","Jahresmittel","Klima","","mean annual temperature","","","","","","","3","56 70"
"concept:jauchengrube","concept","Jauchengrube","Anlage","","liquid-manure pit","","","","","","","1","216"
"concept:jodokuskapelle","concept","Jodokuskapelle","Bauwerk","","St. Jodocus's chapel","","","","","","","1","318"
"concept:justizamtsgebaeude","concept","Justizamtsgebäude","Gebäude","","judicial office building","","","","","","","1","433"
"concept:justizgebaeude","concept","Justizgebäude","Gebäude","","court building","","","","","","","1","275"
"concept:kaffee","concept","Kaffee","Nahrungsmittel","","coffee","","","","","","","8","144 149 174 183 195 257"
"concept:kaiserlicher-mond","concept","kaiserlicher Mond","Anlage","","""Kaiserlicher Mond"" (mine, Rehberg)","","","","","","","1","802"
"concept:kalandshaus","concept","Kalandshaus","Gebäude","","Kaland house (confraternity house)","","","","","","","1","585"
"concept:kalk","concept","Kalk","Gestein","","lime, limestone","","","","","","","12","31 33 35 36 38 77 246 477 478 622 730"
"concept:kalkbrennerei","concept","Kalkbrennerei","Anlage","","lime kiln","","","","","","","1","747"
"concept:kalkbruch","concept","Kalkbruch","Abbaustätte","","limestone quarry","","","","","","","1","551"
"concept:kalkdiabas","concept","Kalkdiabas","Gestein","","lime diabase","","","","","","","1","35"
"concept:kalkknollen","concept","Kalkknollen","Gestein","","limestone nodules","","","","","","","1","31"
"concept:kalkofen","concept","Kalkofen","Anlage","","lime kiln","","","","","","","3","601 740 743"
"concept:kalkspath","concept","Kalkspath","Gestein","Kalkspat","calcite","","","","","","","4","33 35 247"
"concept:kalkstein","concept","Kalkstein","Gestein","","limestone","","","","","","","5","31 35 38 601 655"
"concept:kalksteinbruch","concept","Kalksteinbruch","Anlage","","limestone quarry","","","","","","","4","478 479 480 622"
"concept:kalktuff","concept","Kalktuff","Gestein","","calc-tufa (travertine)","","","","","","","1","45"
"concept:kaelte","concept","Kälte","Klima","","cold","","","","","","","2","59 763"
"concept:kambrisches-gebirge","concept","kambrisches Gebirge","Formation","","Cambrian formation","","","","","","","2","27 28"
"concept:kamm","concept","Kamm","Gerät","","comb","","","","","","","1","185"
"concept:kammergut","concept","Kammergut","Anwesen","","domain estate (Kammergut)","","","","","","","27","12 468 511 523 526 572 589 599 614 615 647 656 657 682 724 725 730 742 774 779 801 812"
"concept:kammergutsgebaeude","concept","Kammergutsgebäude","Gebäude","","crown-estate buildings","","","","","","","4","137 558 594 823"
"concept:kammerwagen","concept","Kammerwagen","Fahrzeug","","dowry wagon","","","","","","","1","183"
"concept:kanone","concept","Kanone","Waffe","","cannon","","","","","","","2","683 714"
"concept:kanzel","concept","Kanzel","Kirchenausstattung","","pulpit","","","","","","","8","137 431 545 582 734 745 759"
"concept:kapelle","concept","Kapelle","Bauwerk","","chapel","","","","","","","58","6 17 29 132 276 323 346 424 426 452 457 459 464 468 512 526 535 541 549 556 563 584 627 635 657 660 670 692 697 702 703 715 735 748 760 771 776 780 784 791 801 804 827"
"concept:kapelle-des-hospitals-beatae-virginis-mariae","concept","Kapelle des Hospitals beatae virginis Mariae","Bauwerk","","chapel of the hospital of the Blessed Virgin Mary","","","","","","","1","431"
"concept:kapelle-petri-und-pauli","concept","Kapelle Petri und Pauli","Bauwerk","","chapel of SS. Peter and Paul","","","","","","","1","555"
"concept:kapelle-zu-kospoda","concept","Kapelle zu Kospoda","Bauwerk","","chapel at Kospoda","","","","","","","1","582"
"concept:kapelle-zu-seligenstaedt","concept","Kapelle zu Seligenstädt","Bauwerk","","chapel at Seligenstädt","","","","","","","1","132"
"concept:kapellenbau","concept","Kapellenbau","Bauwerk","","chapel building","","","","","","","1","516"
"concept:kapellhaus","concept","Kapellhaus","Gebäude","","chapel house","","","","","","","1","636"
"concept:kaese","concept","Käse","Nahrungsmittel","","cheese","","","","","","","7","144 153 195 440"
"concept:kaserne","concept","Kaserne","Gebäude","","barracks","","","","","","","4","272 275 431"
"concept:kassenschein","concept","Kassenschein","Zahlungsmittel","","treasury note","","","","","","","4","277"
"concept:katharinenkapelle","concept","Katharinenkapelle","Bauwerk","","St. Catherine's chapel","","","","","","","1","813"
"concept:kauermuehle","concept","Kauermühle","Anlage","","Kauermühle (mill)","","","","","","","1","642"
"concept:kelch","concept","Kelch","Kirchenausstattung","","chalice","","","","","","","8","137 468 474 511 612 643 789"
"concept:keller","concept","Keller","Bauteil","","cellar","","","","","","","3","207 429 557"
"concept:kemnate","concept","Kemnate","Gebäude","","Kemenate (heated chamber; manor house)","","","","","","","4","199 203 480"
"concept:kessel","concept","Kessel","Gelände","","basin, hollow (kettle-shaped valley head)","","","","","","","3","59 143 761"
"concept:kieferpflanzung","concept","Kieferpflanzung","Anlage","","pine plantation","","","","","","","1","26"
"concept:kienlichtpfanne","concept","Kienlichtpfanne","Gerät","","pan for pine-splinter light","","","","","","","1","153"
"concept:kies-und-eisengrube","concept","Kies- und Eisengrube","Anlage","","gravel and iron-ore pit","","","","","","","1","725"
"concept:kiesbruch","concept","Kiesbruch","Anlage","","gravel pit","","","","","","","2","629 659"
"concept:kieselerde","concept","Kieselerde","Gestein","","silica (siliceous earth)","","","","","","","1","247"
"concept:kieselschiefer","concept","Kieselschiefer","Gestein","","lydite, siliceous slate","","","","","","","7","28 29 31 246 630"
"concept:kieselstein","concept","Kieselstein","Gestein","","pebble, flint","","","","","","","3","185 205 761"
"concept:kiesgrube","concept","Kiesgrube","Anlage","","gravel pit","","","","","","","4","40 532 536 624"
"concept:kinderschlitten","concept","Kinderschlitten","Fahrzeug","","child's sledge","","","","","","","1","153"
"concept:kirch-und-amthausplatz","concept","Kirch- und Amthausplatz","Platz","","church and Amthaus square","","","","","","","1","663"
"concept:kirche","concept","Kirche","Bauwerk","","church","","","","","","","305","6 7 12 13 20 21 22 121 123 124 126 130 165 178 179 182 183 184 187 190 191 194 195 196 199 217 267 317 322 370 420 421 424 425 427 433 451 452 453 454 457 458 459 461 463 464 466 468 473 474 475 476 481 482 486 490 494 500 505 506 511 515 516 521 532 534 535 537 539 541 542 543 544 545 547 549 555 562 564 580 591 594 596 603 605 609 610 614 619 620 622 626 627 633 634 635 638 642 643 644 650 652 654 657 658 660 668 670 675 677 681 685 693 694 695 697 699 700 702 714 716 722 732 734 735 740 742 745 746 748 749 751 752 756 757 758 759 761 762 764 765 766 768 769 771 772 776 777 789 790 791 792 793 796 798 802 804 807 808 813 817"
"concept:kirche-in-langenberg","concept","Kirche in Langenberg","Bauwerk","","church of Langenberg","","","","","","","1","133"
"concept:kirche-von-gera","concept","Kirche von Gera","Bauwerk","","church of Gera","","","","","","","1","421"
"concept:kirche-zu-gesell","concept","Kirche zu Gesell","Bauwerk","","church of Gesell","","","","","","","2","792 818"
"concept:kirche-zu-grossaga","concept","Kirche zu Großaga","Bauwerk","","church at Großaga","","","","","","","2","526"
"concept:kirche-zu-grossenstein","concept","Kirche zu Großenstein","Bauwerk","","church of Großenstein","","","","","","","1","534"
"concept:kirche-zu-hirschberg","concept","Kirche zu Hirschberg","Bauwerk","","church of Hirschberg","","","","","","","1","133"
"concept:kirche-zu-kospoda","concept","Kirche zu Kospoda","Bauwerk","","church at Kospoda","","","","","","","1","582"
"concept:kirche-zu-koestritz","concept","Kirche zu Köstritz","Bauwerk","","church of Köstritz","","","","","","","1","500"
"concept:kirche-zu-markersdorf","concept","Kirche zu Markersdorf","Bauwerk","","church at Markersdorf","","","","","","","1","461"
"concept:kirche-zu-pottendorf","concept","Kirche zu Pottendorf","Bauwerk","","church at Pottendorf","","","","","","","1","132"
"concept:kirche-zu-roben","concept","Kirche zu Roben","Bauwerk","","church of Roben","","","","","","","2","520 528"
"concept:kirche-zu-roedersdorf","concept","Kirche zu Rödersdorf","Bauwerk","","church of Rödersdorf","","","","","","","1","612"
"concept:kirche-zu-rothenacker","concept","Kirche zu Rothenacker","Bauwerk","","church at Rothenacker","","","","","","","1","22"
"concept:kirche-zu-saalburg","concept","Kirche zu Saalburg","Bauwerk","","church at Saalburg","","","","","","","1","665"
"concept:kirche-zu-schleiz","concept","Kirche zu Schleiz","Bauwerk","","church of Schleiz","","","","","","","2","594 616"
"concept:kirche-zu-schmirchau","concept","Kirche zu Schmirchau","Bauwerk","","church of Schmirchau","","","","","","","1","557"
"concept:kirche-zu-thieschuetz","concept","Kirche zu Thieschütz","Bauwerk","","church of Thieschütz","","","","","","","1","477"
"concept:kirche-zu-untermhaus","concept","Kirche zu Untermhaus","Bauwerk","","church of Untermhaus","","","","","","","1","133"
"concept:kirchenbibliothek","concept","Kirchenbibliothek","Dokument","","church library","","","","","","","1","716"
"concept:kirchenbuch","concept","Kirchenbuch","Dokument","","parish register","","","","","","","1","657"
"concept:kirchendach","concept","Kirchendach","Bauteil","","church roof","","","","","","","1","751"
"concept:kirchengebaeude","concept","Kirchengebäude","Bauwerk","","church building","","","","","","","4","541 735 737 759"
"concept:kirchenmauer","concept","Kirchenmauer","Bauteil","","churchyard wall","","","","","","","2","133 609"
"concept:kirchenruine","concept","Kirchenruine","Bauwerk","","church ruin","","","","","","","1","22"
"concept:kirchensaal","concept","Kirchensaal","Gebäude","","church hall","","","","","","","1","736"
"concept:kirchenschiff","concept","Kirchenschiff","Bauteil","","nave","","","","","","","2","511 552"
"concept:kirchenspannfrohnhof","concept","Kirchenspannfrohnhof","Anwesen","","farm owing draught labour to the church","","","","","","","2","624 626"
"concept:kirchensteig","concept","Kirchensteig","Verkehrsweg","","church path","","","","","","","1","649"
"concept:kirchhof","concept","Kirchhof","Anlage","","churchyard","","","","","","","6","482 537 540 541 626 675"
"concept:kirchlein","concept","Kirchlein","Bauwerk","","small church","","","","","","","5","128 545 670 734 777"
"concept:kirchner-organistenhaus","concept","Kirchner-Organistenhaus","Gebäude","","sexton and organist house","","","","","","","1","714"
"concept:kirchthurm","concept","Kirchthurm","Bauwerk","","church tower","","","","","","","8","123 421 454 501 511 537 541 745"
"concept:kirchthuermchen","concept","Kirchthürmchen","Bauwerk","","small church tower","","","","","","","1","452"
"concept:kirschbaumallee","concept","Kirschbaumallee","Verkehrsweg","","cherry-tree avenue","","","","","","","1","494"
"concept:kleebau","concept","Kleebau","Wirtschaftszweig","","clover growing","","","","","","","4","214 231 232"
"concept:kleinhaus","concept","Kleinhaus","Gebäude","","small house; cottage","","","","","","","2","633 803"
"concept:klima","concept","Klima","Klima","","climate","","","","","","","13","4 5 45 70 78 127 213 311 570 748 782 791"
"concept:kloss","concept","Kloß","Speise","","dumplings","","","","","","","2","15 188"
"concept:kloster","concept","Kloster","Einrichtung","","monastery","","","","","","","20","199 205 235 267 294 333 338 417 419 558 592 609 663 665 721 760 803 804"
"concept:klostergebaeude","concept","Klostergebäude","Gebäude","","monastery building","","","","","","","1","670"
"concept:klostergut","concept","Klostergut","Anwesen","","monastery estate","","","","","","","1","801"
"concept:klosterhof","concept","Klosterhof","Anwesen","","monastery farm","","","","","","","3","454 478 801"
"concept:klosterkirche-zu-mildenfurt","concept","Klosterkirche zu Mildenfurt","Bauwerk","","monastery church at Mildenfurt","","","","","","","1","330"
"concept:klostervorwerk","concept","Klostervorwerk","Anwesen","","monastery farm","","","","","","","1","454"
"concept:klotzmuehle","concept","Klotzmühle","Anlage","","Klotzmühle (mill, Gera)","","","","","","","3","249 345 433"
"concept:knabenschule","concept","Knabenschule","Gebäude","","boys' school","","","","","","","3","714 768 817"
"concept:knabenschulhaus","concept","Knabenschulhaus","Gebäude","","boys' school building","","","","","","","1","665"
"concept:knochenmuehle","concept","Knochenmühle","Anlage","","bone mill","","","","","","","2","644 690"
"concept:knochesche-lohmuehle","concept","Knochesche Lohmühle","Anlage","","Knoche's bark mill","","","","","","","1","814"
"concept:kochsalz","concept","Kochsalz","Rohstoff","","common salt (sodium chloride)","","","","","","","2","248 251"
"concept:kohle","concept","Kohle","Rohstoff","","coal, charcoal","","","","","","","5","206 428 528 609 635"
"concept:kohlenblende","concept","Kohlenblende","Gestein","","'coal blende' (anthracitic coal)","","","","","","","3","36 247"
"concept:kohlensaeure","concept","Kohlensäure","Material","","carbonic acid (carbon dioxide in mineral water)","","","","","","","1","44"
"concept:kohlhaeuser","concept","Kohlhäuser","Gebäude","","Kohlhäuser (houses)","","","","","","","1","6"
"concept:kopftuch","concept","Kopftuch","Kleidung","","headscarf","","","","","","","1","153"
"concept:korb","concept","Korb","Gerät","","basket","","","","","","","1","633"
"concept:korn","concept","Korn","Agrarprodukt","| In Thuringian usage Korn is rye (Winterkorn).","grain, rye","","","","","","","7","516 585 597 671 682 696"
"concept:kornboden","concept","Kornboden","Gebäude","","granary","","","","","","","2","511 664"
"concept:koernerbau","concept","Körnerbau","Wirtschaftszweig","","grain growing","","","","","","","1","571"
"concept:krankenhaus","concept","Krankenhaus","Gebäude","","hospital","","","","","","","4","113 177 438 587"
"concept:krankenhausstation","concept","Krankenhausstation","Einrichtung","","hospital ward","","","","","","","1","169"
"concept:kranz","concept","Kranz","Brauchtumsgegenstand","","wreath","","","","","","","3","183"
"concept:kraussherrleinshammer","concept","Kraußherrleinshammer","Anlage","","Kraußherrleinshammer (hammer works)","","","","","","","1","784"
"concept:kreuz","concept","Kreuz","Kirchenausstattung","","cross","","","","","","","2","195 612"
"concept:kreuzgewoelbe","concept","Kreuzgewölbe","Bauteil","","groin vault","","","","","","","1","582"
"concept:krippe","concept","Krippe","Brauchtumsgegenstand","","nativity scene","","","","","","","1","193"
"concept:kroetenmuehle","concept","Krötenmühle","Anlage","","Krötenmühle (mill)","","","","","","","2","44 783"
"concept:krug","concept","Krug","Hausrat","","jug","","","","","","","1","312"
"concept:kuchen","concept","Kuchen","Speise","","cake","","","","","","","5","183 188"
"concept:kuechengarten","concept","Küchengarten","Lebensraum","","kitchen garden","","","","","","","5","75 422 760 830"
"concept:kuechengebaeude","concept","Küchengebäude","Gebäude","","kitchen building","","","","","","","1","600"
"concept:kuhbauer","concept","Kuhbauer","Stand","","farmer with cows","","","","","","","1","616"
"concept:kuehmuehle","concept","Kühmühle","Anlage","","Kühmühle (mill)","","","","","","","2","812 814"
"concept:kuehnmuehle","concept","Kühnmühle","Anlage","","Kühnmühle (mill)","","","","","","","1","812"
"concept:kultfigur","concept","Kultfigur","Fundobjekt","","cult figure","","","","","","","1","294"
"concept:kuenstliche-blume","concept","künstliche Blume","Erzeugnis","","artificial flower","","","","","","","1","440"
"concept:kunstpyramide","concept","Kunstpyramide","Hausrat","","artistic Christmas pyramid","","","","","","","1","193"
"concept:kunststrasse","concept","Kunststraße","Verkehrsweg","","paved road (Kunststraße)","","","","","","","2","262 741"
"concept:kupfer","concept","Kupfer","Metall","","copper","","","","","","","10","129 242 243 245 248 250 555 589 723"
"concept:kupfererz","concept","Kupfererz","Gestein","","copper ore","","","","","","","6","37 38 245 249 423 501"
"concept:kupferhammer","concept","Kupferhammer","Anlage","","copper hammer works","","","","","","","2","423 786"
"concept:kupferkies","concept","Kupferkies","Gestein","","chalcopyrite","","","","","","","3","38 247 248"
"concept:kupferlasur","concept","Kupferlasur","Gestein","","azurite","","","","","","","1","248"
"concept:kupferplatte","concept","Kupferplatte","Anlage","","Kupferplatte (copper smelting works at Harra)","","","","","","","1","245"
"concept:kupferschiefer","concept","Kupferschiefer","Gestein","","copper shale","","","","","","","1","37"
"concept:kupferschmelzhuette","concept","Kupferschmelzhütte","Anlage","","copper smelting works","","","","","","","2","790 804"
"concept:kupferstich","concept","Kupferstich","Kunstwerk","","copper engraving","","","","","","","2","441 457"
"concept:kurgarten","concept","Kurgarten","Anlage","","spa garden","","","","","","","1","721"
"concept:kutsche","concept","Kutsche","Fahrzeug","","coach; carriage","","","","","","","4","200 206 635 789"
"concept:laboratorium","concept","Laboratorium","Gebäude","","laboratory","","","","","","","1","275"
"concept:land","concept","Land","Lebensraum","","land, dry land (as opposed to water)","","","","","","","5","72 146 151 276"
"concept:landarbeitshaus","concept","Landarbeitshaus","Gebäude","","workhouse","","","","","","","2","275 433"
"concept:landhaus","concept","Landhaus","Gebäude","","country house; Landhaus (Gera, government building)","","","","","","","5","125 275 431 600 603"
"concept:landplage","concept","Landplage","Ereignis","","plague of insects (e.g. locusts, mosquitoes)","","","","","","","2","90"
"concept:landrathsamtsgebaeude","concept","Landrathsamtsgebäude","Gebäude","","district office building","","","","","","","1","275"
"concept:landstrasse","concept","Landstraße","Verkehrsweg","","country road","","","","","","","10","29 275 276 776 796 808"
"concept:landstrasse-nach-schleiz","concept","Landstraße nach Schleiz","Verkehrsweg","","road to Schleiz","","","","","","","1","697"
"concept:langenberger-schloss","concept","Langenberger Schloß","Bauwerk","","Langenberg castle (lower castle)","","","","","","","1","512"
"concept:langgasse","concept","Langgasse","Verkehrsweg","","Langgasse (long lane)","","","","","","","1","793"
"concept:lanze","concept","Lanze","Waffe","","lance","","","","","","","1","557"
"concept:laterne","concept","Laterne","Gerät","","lantern","","","","","","","2","143 153"
"concept:latzschuerze","concept","Latzschürze","Kleidung","","bib apron","","","","","","","1","15"
"concept:laubengang","concept","Laubengang","Bauteil","","arcade; pergola walk","","","","","","","2","463 721"
"concept:laubholz","concept","Laubholz","Rohstoff","","deciduous wood, hardwood","","","","","","","3","39 217 459"
"concept:laubwald","concept","Laubwald","Lebensraum","","deciduous forest","","","","","","","3","240 532 536"
"concept:laufbrunnen","concept","Laufbrunnen","Anlage","","running fountain","","","","","","","1","124"
"concept:laeusekamm","concept","Läusekamm","Gerät","","lice comb","","","","","","","2","179 194"
"concept:leder","concept","Leder","Material","","leather","","","","","","","8","257 259 260 261 312 815"
"concept:lederfabrik","concept","Lederfabrik","Betrieb","","leather factory","","","","","","","3","589 803"
"concept:lehm","concept","Lehm","Gestein","","loam, clay","","","","","","","8","40 75 121 128 488 567 824"
"concept:lehmboden","concept","Lehmboden","Boden","","loamy soil","","","","","","","1","524"
"concept:lehmgrube","concept","Lehmgrube","Anlage","","clay pit","","","","","","","17","426 451 475 478 480 486 502 532 598 629 683 736 741 760 772 808"
"concept:lehmziegelwand","concept","Lehmziegelwand","Bauteil","","clay-brick wall","","","","","","","1","762"
"concept:leichenhaus","concept","Leichenhaus","Gebäude","","mortuary","","","","","","","1","433"
"concept:leichenstegsbruecke","concept","Leichenstegsbrücke","Bauwerk","","Leichensteg bridge","","","","","","","1","43"
"concept:leichenstein","concept","Leichenstein","Denkmal","","gravestone","","","","","","","2","459 702"
"concept:leichenwagen","concept","Leichenwagen","Fahrzeug","","hearse","","","","","","","1","183"
"concept:leichenweg","concept","Leichenweg","Verkehrsweg","","funeral road","","","","","","","1","649"
"concept:leim","concept","Leim","Material","","glue","","","","","","","1","440"
"concept:leinwand","concept","Leinwand","Material","","linen cloth","","","","","","","5","155 157 256 261 624"
"concept:leitlitzmuehle","concept","Leitlitzmühle","Anlage","","Leitlitzmühle (mill)","","","","","","","1","627"
"concept:lesebibliothek","concept","Lesebibliothek","Einrichtung","","lending library","","","","","","","2","426 560"
"concept:leumnitzer-thor","concept","Leumnitzer Thor","Bauwerk","","Leumnitz Gate (Gera)","","","","","","","1","429"
"concept:licht","concept","Licht","Gerät","","candles; lights","","","","","","","4","163 183 738"
"concept:lindenallee","concept","Lindenallee","Lebensraum","","avenue of lime trees","","","","","","","1","742"
"concept:lobdaburg","concept","Lobdaburg","Bauwerk","","Lobdaburg (castle)","","","","","","","2","721"
"concept:lobensteiner-brod","concept","Lobensteiner Brod","Speise","","Lobenstein bread","","","","","","","1","160"
"concept:lobensteiner-intelligenzblatt","concept","Lobensteiner Intelligenzblatt","Zeitung","","Lobenstein 'Intelligenzblatt' (local newspaper)","","","","","","","6","112 231 718 746 799"
"concept:lochmuehle","concept","Lochmühle","Anlage","","Lochmühle (mill, Collis/Kaimberg)","","","","","","","4","199 561 563 642"
"concept:locomobile","concept","Locomobile","Gerät","","portable steam engine","","","","","","","1","439"
"concept:loeffel","concept","Löffel","Hausrat","","spoon","","","","","","","1","130"
"concept:lohgerberei","concept","Lohgerberei","Anlage","","tannery","","","","","","","1","803"
"concept:lohmuehle","concept","Lohmühle","Anlage","","bark mill (tanbark mill)","","","","","","","6","472 593 601 747 806"
"concept:loessmuehle","concept","Lößmühle","Anlage","","Lößmühle (mill)","","","","","","","1","48"
"concept:lothramuehle","concept","Lothramühle","Anlage","","Lothramühle (mill)","","","","","","","1","759"
"concept:lottoweg","concept","Lottoweg","Verkehrsweg","","Lottoweg (path)","","","","","","","1","594"
"concept:louisenburg","concept","Louisenburg","Gebäude","","Louisenburg (princely building, Schleiz)","","","","","","","1","581"
"concept:louisium","concept","Louisium","Gebäude","","Louisium (earlier name of the manor house at Dürrenberg)","","","","","","","1","494"
"concept:loewe","concept","Löwe","Gebäude","","inn ""Zum Löwen""","","","","","","","1","768"
"concept:loewe-schlossthor-gera","concept","Löwe (Schloßthor, Gera)","Kunstwerk","","lion above the rear gate of the castle (Gera)","","","","","","","1","416"
"concept:luft","concept","Luft","Klima","","air","","","","","","","5","40 60 163 213"
"concept:luftdruck","concept","Luftdruck","Klima","","air pressure","","","","","","","4","53 54 55"
"concept:luftstroemung","concept","Luftströmung","Wetter","","air current, wind current","","","","","","","6","53 62"
"concept:lustgarten","concept","Lustgarten","Lebensraum","","pleasure garden","","","","","","","1","425"
"concept:lusthaus","concept","Lusthaus","Gebäude","","pleasure house (Lusthaus)","","","","","","","1","741"
"concept:luxuswagen","concept","Luxuswagen","Fahrzeug","","luxury carriage","","","","","","","1","257"
"concept:maedchenhaus","concept","Mädchenhaus","Gebäude","","girls' house","","","","","","","1","639"
"concept:maedchenschule","concept","Mädchenschule","Gebäude","","girls' school","","","","","","","4","714 722 768"
"concept:mahl-und-schneidemuehle","concept","Mahl- und Schneidemühle","Anlage","","grist and sawmill","","","","","","","12","245 475 491 660 679 724 771 780 784 790 806"
"concept:mahlmuehle","concept","Mahlmühle","Anlage","","grist mill","","","","","","","12","478 498 719 727 728 747 775 800 803 807 823"
"concept:malachit","concept","Malachit","Gestein","","malachite","","","","","","","1","248"
"concept:maelzerei","concept","Mälzerei","Anlage","","malthouse","","","","","","","1","495"
"concept:mangholz","concept","Mangholz","Gerät","","mangle roller","","","","","","","1","179"
"concept:mangolds-drahthammer","concept","Mangolds Drahthammer","Anlage","","Mangold's wire hammer works","","","","","","","2","246 770"
"concept:marien-und-laurentiialtar","concept","Marien- und Laurentiialtar","Kirchenausstattung","","altar of St. Mary and St. Lawrence","","","","","","","1","582"
"concept:marien-altarschrein","concept","Marien-Altarschrein","Kirchenausstattung","","altar shrine of St. Mary","","","","","","","1","614"
"concept:marienburg","concept","Marienburg","Bauwerk","","Marienburg (castle of the Teutonic Order)","","","","","","","1","358"
"concept:marienkapelle","concept","Marienkapelle","Bauwerk","","St. Mary's chapel","","","","","","","1","740"
"concept:marienkirche","concept","Marienkirche","Bauwerk","","Church of St Mary","","","","","","","5","133 582 595"
"concept:marienkirche-zu-pottendorf","concept","Marienkirche zu Pottendorf","Bauwerk","","St Mary's Church, Pottendorf (destroyed)","","","","","","","1","474"
"concept:marienkirchlein","concept","Marienkirchlein","Bauwerk","","small church of St. Mary","","","","","","","1","419"
"concept:marienzeche","concept","Marienzeche","Anlage","","Marienzeche (mine)","","","","","","","1","783"
"concept:marktbrunnen","concept","Marktbrunnen","Anlage","","market fountain","","","","","","","1","438"
"concept:marktgasse","concept","Marktgasse","Verkehrsweg","","Marktgasse","","","","","","","1","812"
"concept:marktplatz","concept","Marktplatz","Platz","","market square","","","","","","","3","12 514 663"
"concept:marmor","concept","Marmor","Gestein","","marble","","","","","","","8","246 600 611 616 623 691"
"concept:marmorbruch","concept","Marmorbruch","Anlage","","marble quarry","","","","","","","1","746"
"concept:marstall","concept","Marstall","Gebäude","","stables (Marstall)","","","","","","","4","433 664 732 833"
"concept:marstallgebaeude","concept","Marstallgebäude","Gebäude","","stables (Marstall building)","","","","","","","6","275 437 713 715 716 721"
"concept:martinshorn","concept","Martinshorn","Speise","","St. Martin's pastry horn","","","","","","","1","191"
"concept:maschine","concept","Maschine","Gerät","","machines","","","","","","","4","186 255 257 261"
"concept:maschinenbauanstalt","concept","Maschinenbauanstalt","Anlage","","machine-building works","","","","","","","1","257"
"concept:mauer","concept","Mauer","Bauwerk","","wall","","","","","","","9","72 199 419 453 663 813"
"concept:mauereinfriedigung","concept","Mauereinfriedigung","Bauteil","","wall enclosure","","","","","","","1","474"
"concept:mauerrest","concept","Mauerrest","Bauwerk","","wall remains","","","","","","","3","519 622 791"
"concept:mauerstein","concept","Mauerstein","Baustoff","","building stone with inscription","","","","","","","1","417"
"concept:mauerwerk","concept","Mauerwerk","Bauteil","","masonry","","","","","","","2","545 557"
"concept:meer","concept","Meer","Gewässer","","sea","","","","","","","4","25 33"
"concept:mehl","concept","Mehl","Nahrungsmittel","","flour","","","","","","","6","159 161 175 189"
"concept:meiler","concept","Meiler","Anlage","","charcoal pile (charcoal kiln)","","","","","","","1","238"
"concept:meisel","concept","Meisel","Gerät","","chisel","","","","","","","1","312"
"concept:melkgefaess","concept","Melkgefäß","Gerät","","milking pail","","","","","","","1","185"
"concept:merkurs-mussestunden","concept","Merkurs Mußestunden","Dokument","","""Merkurs Mußestunden"" (periodical)","","","","","","","1","441"
"concept:messer","concept","Messer","Gerät","","knife","","","","","","","2","183 185"
"concept:messgewand","concept","Messgewand","Kirchenausstattung","","chasuble (Mass vestment)","","","","","","","2","612 789"
"concept:messing","concept","Messing","Metall","","brass","","","","","","","1","651"
"concept:messtisch","concept","Meßtisch","Gerät","","plane table","","","","","","","1","7"
"concept:metall","concept","Metall","Material","","metals (collective)","","","","","","","1","312"
"concept:meth","concept","Meth","Nahrungsmittel","Met","mead","","","","","","","1","317"
"concept:milch","concept","Milch","Nahrungsmittel","","milk","","","","","","","4","178 195 232 261"
"concept:milchhaus","concept","Milchhaus","Gebäude","","dairy house","","","","","","","1","128"
"concept:militaerdienstkreuz","concept","Militärdienstkreuz","Auszeichnung","","military service cross","","","","","","","1","272"
"concept:militaerlazareth","concept","Militärlazareth","Gebäude","","military hospital","","","","","","","2","275 431"
"concept:militaerschiessplatz","concept","Militärschießplatz","Anlage","","military shooting range","","","","","","","1","422"
"concept:mineral","concept","Mineral","Gestein","","minerals","","","","","","","4","5 27 31 441"
"concept:mineralfarbe","concept","Mineralfarbe","Material","","mineral pigment","","","","","","","2","247"
"concept:mineralquelle","concept","Mineralquelle","Gewässer","","mineral spring","","","","","","","1","44"
"concept:mineralwasser","concept","Mineralwasser","Rohstoff","","mineral water","","","","","","","3","44 45"
"concept:missionskirche","concept","Missionskirche","Bauwerk","","mission church","","","","","","","2","635"
"concept:missionskirchlein","concept","Missionskirchlein","Bauwerk","","small mission church","","","","","","","2","549 635"
"concept:mistgabel","concept","Mistgabel","Gerät","","dung fork","","","","","","","1","185"
"concept:mittelmuehle","concept","Mittelmühle","Anlage","","Mittelmühle (middle mill)","","","","","","","3","601 687 690"
"concept:mondhof","concept","Mondhof","Wetter","","lunar halo","","","","","","","1","66"
"concept:monstranz","concept","Monstranz","Kirchenausstattung","","monstrance","","","","","","","1","612"
"concept:moor","concept","Moor","Lebensraum","","moor, bog, peat bog","","","","","","","6","44 68 75 311 720 821"
"concept:moosnutzung","concept","Moosnutzung","Wirtschaftszweig","","use of moss","","","","","","","1","237"
"concept:moertel","concept","Mörtel","Material","","mortar","","","","","","","1","32"
"concept:mostrich","concept","Mostrich","Nahrungsmittel","","mustard","","","","","","","1","440"
"concept:muehle","concept","Mühle","Anlage","","mill","","","","","","","72","7 200 202 303 335 420 422 423 426 433 451 462 467 468 470 473 475 480 484 488 493 502 512 515 541 546 551 561 562 564 571 578 580 593 596 601 605 626 627 628 634 645 670 672 699 708 725 736 740 744 751 754 762 763 768 777 788 789 803 817 819 821"
"concept:muehle-zu-koestritz","concept","Mühle zu Köstritz","Anlage","","mill at Köstritz","","","","","","","1","507"
"concept:muehle-zu-oerlsdorf","concept","Mühle zu Örlsdorf","Anlage","","mill at Örlsdorf","","","","","","","1","52"
"concept:muehle-zu-pottiga","concept","Mühle zu Pottiga","Anlage","","mill at Pottiga","","","","","","","1","46"
"concept:muehle-zu-scheubengrobsdorf","concept","Mühle zu Scheubengrobsdorf","Anlage","","mill at Scheubengrobsdorf","","","","","","","1","474"
"concept:muehle-zu-weckersdorf","concept","Mühle zu Weckersdorf","Anlage","","mill at Weckersdorf","","","","","","","1","629"
"concept:muehle-zu-weitisberga","concept","Mühle zu Weitisberga","Anlage","","mill at Weitisberga","","","","","","","1","49"
"concept:muehlgraben","concept","Mühlgraben","Wasserbau","","mill race","","","","","","","11","48 52 350 423 429 434 507 590 721"
"concept:muehlhof","concept","Mühlhof","Anwesen","","mill farm","","","","","","","1","825"
"concept:muehlrad","concept","Mühlrad","Gerät","","mill wheel","","","","","","","1","164"
"concept:muehlteich","concept","Mühlteich","Anlage","","mill pond","","","","","","","1","488"
"concept:muehlweg","concept","Mühlweg","Verkehrsweg","","mill path","","","","","","","2","595 777"
"concept:mulde","concept","Mulde","Gelände","","hollow, basin","","","","","","","7","19 59 461 660"
"concept:mundharmonika","concept","Mundharmonika","Instrument","","mouth organ","","","","","","","1","439"
"concept:muenze-schleiz","concept","Münze (Schleiz)","Gebäude","","""Münze"" (building with turret at Schleiz)","","","","","","","1","580"
"concept:muenze-zu-gera","concept","Münze zu Gera","Gebäude","","mint at Gera","","","","","","","1","337"
"concept:mutterkirche","concept","Mutterkirche","Bauwerk","","mother church","","","","","","","1","635"
"concept:mutz-oder-kittermuehle","concept","Mutz- oder Kittermühle","Anlage","","Mutz or Kitter mill","","","","","","","1","644"
"concept:nadelholz","concept","Nadelholz","Rohstoff","","coniferous wood, softwood","","","","","","","1","217"
"concept:nadelwald","concept","Nadelwald","Lebensraum","","coniferous forest","","","","","","","5","79 90 218 240 631"
"concept:naehmaschine","concept","Nähmaschine","Gerät","","sewing machine","","","","","","","1","440"
"concept:naesse","concept","Nässe","Wetter","","wetness, wet weather","","","","","","","2","59 619"
"concept:nebel","concept","Nebel","Wetter","","fog, mist","","","","","","","11","59 65 66 67 140 188 678"
"concept:nebengasse","concept","Nebengasse","Verkehrsweg","","side lane","","","","","","","1","538"
"concept:nebengebaeude","concept","Nebengebäude","Gebäude","","outbuilding","","","","","","","1","780"
"concept:nervenfieber","concept","Nervenfieber","Seuche","| 19th-century term, probably typhoid fever; Brückner does not specify.","nervous fever (typhoid or typhus)","","","","","","","1","782"
"concept:neue-muehle","concept","Neue Mühle","Anlage","","Neue Mühle (mill, Hohenleuben)","","","","","","","3","20 22 26"
"concept:nic-koechels-muehle","concept","Nic. Köchels Mühle","Anlage","","Nic. Köchel's mill (Wurzbach)","","","","","","","1","769"
"concept:nicolaithurm","concept","Nicolaithurm","Bauwerk","","St. Nicholas's tower","","","","","","","1","7"
"concept:niederschlag","concept","Niederschlag","Wetter","","precipitation","","","","","","","4","42 67 213 677"
"concept:nipphaus","concept","Nipphaus","Gebäude","","small cottage (Nipphaus)","","","","","","","1","780"
"concept:norddeutsches-wochenblatt","concept","Norddeutsches Wochenblatt","Dokument","","North German weekly","","","","","","","1","441"
"concept:nordfluegel","concept","Nordflügel","Bauteil","","north wing (of Schloß Osterstein)","","","","","","","2","416"
"concept:nordhaus","concept","Nordhaus","Gebäude","","Nordhaus (building at the Dorfteich)","","","","","","","1","6"
"concept:nordlicht","concept","Nordlicht","Wetter","","northern lights, aurora borealis","","","","","","","1","66"
"concept:nordostwind","concept","Nordostwind","Wetter","","north-east wind","","","","","","","1","215"
"concept:nutzholz","concept","Nutzholz","Rohstoff","","timber (as opposed to firewood)","","","","","","","2","237 520"
"concept:ober-oder-queckmuehle","concept","Ober- oder Queckmühle","Anlage","","Ober- or Queck mill","","","","","","","1","486"
"concept:obere-muehle","concept","obere Mühle","Anlage","","upper mill","","","","","","","1","772"
"concept:oberlaenders-hammer","concept","Oberländers Hammer","Anlage","","Oberländers Hammer (hammer works, Saalbach)","","","","","","","1","803"
"concept:obermuehle","concept","Obermühle","Anlage","","Obermühle (upper mill)","","","","","","","3","480 488 712"
"concept:oberpfarrei","concept","Oberpfarrei","Gebäude","","upper parsonage","","","","","","","3","664 714 722"
"concept:oberwetterhammer","concept","Oberwetterhammer","Anlage","","Oberwetterhammer (hammer works)","","","","","","","1","246"
"concept:obstbau","concept","Obstbau","Wirtschaftszweig","","fruit growing","","","","","","","2","502 606"
"concept:obstpflanzung","concept","Obstpflanzung","Anlage","","orchard","","","","","","","7","427 454 460 466 482 638"
"concept:obstplantage","concept","Obstplantage","Lebensraum","","fruit plantation, orchard","","","","","","","9","217 488 501 523 528 563 568 831"
"concept:ochsenbauer","concept","Ochsenbauer","Stand","","farmer with oxen","","","","","","","2","231 616"
"concept:ochsenstollen","concept","Ochsenstollen","Anlage","","Ochsenstollen (mine adit)","","","","","","","1","23"
"concept:ocker","concept","Ocker","Gestein","| One mention (p. 151, dialect text) is dialect for Acker (field).","ochre","","","","","","","4","44 151 247"
"concept:ockergrube","concept","Ockergrube","Anlage","","ochre pit","","","","","","","2","802 821"
"concept:oeconomiegebaeude","concept","Oeconomiegebäude","Gebäude","","farm buildings","","","","","","","5","538 633 723 780 813"
"concept:oeconomieofen","concept","Oeconomieofen","Gerät","","economy stove","","","","","","","1","130"
"concept:oel-und-schneidemuehle","concept","Oel- und Schneidemühle","Anlage","","oil and sawmill","","","","","","","4","422 468 470 655"
"concept:oel-loh-und-schneidemuehle","concept","Oel-, Loh- und Schneidemühle","Anlage","","oil, bark and sawmill","","","","","","","2","473 498"
"concept:oelmuehle","concept","Oelmühle","Anlage","","oil mill","","","","","","","6","433 434 488 493 610 644"
"concept:ofen","concept","Ofen","Gerät","","stove; oven; furnace","","","","","","","4","128 130 182 238"
"concept:ofenbank","concept","Ofenbank","Hausrat","","stove bench","","","","","","","1","188"
"concept:ofenblase","concept","Ofenblase","Hausrat","","stove water boiler (Ofenblase)","","","","","","","2","130 191"
"concept:ofenloch","concept","Ofenloch","Hausrat","","oven hole","","","","","","","2","164 188"
"concept:oeffentliches-gebaeude","concept","öffentliches Gebäude","Gebäude","","public building","","","","","","","3","124 126 722"
"concept:oel","concept","Öl","Material","","oil (dialect Ihl)","","","","","","","1","149"
"concept:olivenoel","concept","Olivenöl","Nahrungsmittel","","olive oil","","","","","","","1","175"
"concept:opfergeraeth","concept","Opfergeräth","Fundobjekt","","sacrificial implement","","","","","","","1","312"
"concept:opferlade","concept","Opferlade","Kirchenausstattung","","offertory box","","","","","","","1","521"
"concept:opferschale","concept","Opferschale","Fundobjekt","","sacrificial bowl","","","","","","","1","451"
"concept:opferstein","concept","Opferstein","Fundobjekt","","sacrificial stone","","","","","","","1","521"
"concept:orangerie","concept","Orangerie","Gebäude","","orangery","","","","","","","2","439 732"
"concept:ordenshof","concept","Ordenshof","Anwesen","","estate of a religious order","","","","","","","1","130"
"concept:orgel","concept","Orgel","Instrument","","organ","","","","","","","50","421 424 426 452 457 459 463 474 476 481 500 516 532 537 541 544 545 549 553 556 605 612 619 621 627 628 643 657 660 698 702 734 742 745 748 751 756 759 761 764 771 777 791 793 796 807 813"
"concept:ortskirche","concept","Ortskirche","Bauwerk","","village church","","","","","","","5","657 659 677 735"
"concept:ortsmuehle","concept","Ortsmühle","Anlage","","village mill","","","","","","","1","764"
"concept:osslaer-muehle","concept","Oßlaer Mühle","Anlage","","mill at Oßla","","","","","","","1","22"
"concept:osterwasser","concept","Osterwasser","Rohstoff","| Folk belief: water that never spoils and serves as a remedy and beauty aid (p. 189).","Easter water (water drawn in silence on Easter morning)","","","","","","","1","189"
"concept:ostwind","concept","Ostwind","Wetter","","east wind","","","","","","","2","57 64"
"concept:pachtershaus","concept","Pachtershaus","Gebäude","","tenant farmer's house","","","","","","","1","525"
"concept:pachterswohnung","concept","Pachterswohnung","Gebäude","","tenant farmer's dwelling","","","","","","","3","468 633 780"
"concept:pachtschenke","concept","Pachtschenke","Gebäude","","leased alehouse","","","","","","","1","660"
"concept:palais","concept","Palais","Gebäude","","palace","","","","","","","1","431"
"concept:palais-christianenzell","concept","Palais Christianenzell","Gebäude","","Palais Christianenzell","","","","","","","1","715"
"concept:palmesel","concept","Palmesel","Brauchtumsgegenstand","","Palm Sunday donkey effigy","","","","","","","1","184"
"concept:papiergeld","concept","Papiergeld","Zahlungsmittel","","paper money","","","","","","","1","277"
"concept:papiermuehle","concept","Papiermühle","Anlage","","paper mill","","","","","","","2","480 669"
"concept:park","concept","Park","Lebensraum","","park","","","","","","","21","45 79 83 125 388 408 425 426 496 518 580 600 715 727 732 733 809"
"concept:parochialkirche","concept","Parochialkirche","Bauwerk","","parish church","","","","","","","1","745"
"concept:pech","concept","Pech","Rohstoff","","pitch, resin","","","","","","","2","175 237"
"concept:pechofen","concept","Pechofen","Anlage","","pitch kiln","","","","","","","1","628"
"concept:pegel","concept","Pegel","Messeinrichtung","","gauge","","","","","","","1","12"
"concept:peitsche","concept","Peitsche","Gerät","","whip","","","","","","","1","183"
"concept:pempelmuehle","concept","Pempelmühle","Anlage","","Pempelmühle (mill)","","","","","","","1","828"
"concept:pempelsmuehle","concept","Pempelsmühle","","","","","","","","","","1","243"
"concept:percussionsgewehr","concept","Percussionsgewehr","Waffe","","percussion rifle","","","","","","","1","272"
"concept:pest","concept","Pest","Seuche","","plague, pestilence","","","","","","","28","376 427 455 466 502 504 506 511 514 515 517 521 524 597 604 608 625 628 636 645 697 700 711 781 789 808"
"concept:pestkelch","concept","Pestkelch","Kirchenausstattung","","plague chalice","","","","","","","1","664"
"concept:peterskapelle","concept","Peterskapelle","Bauwerk","","St. Peter's chapel","","","","","","","1","551"
"concept:peterskirche","concept","Peterskirche","Bauwerk","","St. Peter's church","","","","","","","1","549"
"concept:peterskirche-in-weida","concept","Peterskirche in Weida","Bauwerk","","St Peter's Church, Weida","","","","","","","1","356"
"concept:petrikirche-erfurt","concept","Petrikirche (Erfurt)","Bauwerk","","Petrikirche, Erfurt","","","","","","","2","133"
"concept:petroleum","concept","Petroleum","Rohstoff","","petroleum, mineral oil","","","","","","","1","214"
"concept:pfahleisen","concept","Pfahleisen","Gerät","","stake iron","","","","","","","1","185"
"concept:pfanne","concept","Pfanne","Gerät","","pan","","","","","","","1","128"
"concept:pfarr-und-schulhaus","concept","Pfarr- und Schulhaus","Gebäude","","parsonage and school building","","","","","","","1","772"
"concept:pfarrbrunn","concept","Pfarrbrunn","Anlage","","parsonage well","","","","","","","1","735"
"concept:pfarrei","concept","Pfarrei","Gebäude","","parish","","","","","","","26","126 182 452 463 473 515 549 552 591 596 604 609 614 620 626 627 638 657 695 745 759 761 766 777"
"concept:pfarrgebaeude","concept","Pfarrgebäude","Gebäude","","parish buildings","","","","","","","1","665"
"concept:pfarrgut","concept","Pfarrgut","Anwesen","","parish glebe","","","","","","","1","634"
"concept:pfarrhaus","concept","Pfarrhaus","Gebäude","","parsonage","","","","","","","26","12 128 452 463 464 468 494 511 538 603 668 686 696 722 735 751 762 764 771 777 788 789 796 813"
"concept:pfarrhof","concept","Pfarrhof","Gebäude","","parsonage farm","","","","","","","9","459 538 560 615 624 634 637 765 771"
"concept:pfarrholz","concept","Pfarrholz","Lebensraum","","parish woodland (church-owned wood)","","","","","","","8","482 535 539 607 609 681 756"
"concept:pfarrwohnung","concept","Pfarrwohnung","Gebäude","","parsonage dwelling","","","","","","","4","464 511 523"
"concept:pfefferkuchen","concept","Pfefferkuchen","Speise","","gingerbread","","","","","","","1","193"
"concept:pfeffermuehle","concept","Pfeffermühle","Gerät","","pepper mill","","","","","","","3","590 593"
"concept:pfeffersmuehle","concept","Pfeffersmühle","Anlage","","Pfeffersmühle (mill)","","","","","","","1","719"
"concept:pferdebauer","concept","Pferdebauer","Stand","","farmer with horses","","","","","","","3","470 518 528"
"concept:pfloeckchen","concept","Pflöckchen","Gerät","","small peg","","","","","","","1","185"
"concept:pflug","concept","Pflug","Gerät","","plough","","","","","","","7","71 119 125 162 164 186 312"
"concept:pflugschar","concept","Pflugschar","Gerät","","ploughshare","","","","","","","1","186"
"concept:phyllodocitesschiefer","concept","Phyllodocitesschiefer","Gestein","","Phyllodocites slate","","","","","","","1","32"
"concept:pianoforte","concept","Pianoforte","Instrument","","pianoforte","","","","","","","2","257 440"
"concept:pickertsmuehle","concept","Pickertsmühle","Anlage","","Pickertsmühle (mill)","","","","","","","1","719"
"concept:plassenburg","concept","Plassenburg","Bauwerk","","Plassenburg (fortress)","","","","","","","1","361"
"concept:plateau","concept","Plateau","Gelände","","plateau","","","","","","","5","16 19 59 60 533"
"concept:pochwerk","concept","Pochwerk","Anlage","","stamp mill","","","","","","","1","807"
"concept:pocken","concept","Pocken","Seuche","","smallpox","","","","","","","1","114"
"concept:polarluft","concept","Polarluft","Wetter","","polar air","","","","","","","1","169"
"concept:pollerhaus","concept","Pollerhaus","Gebäude","","Pollerhaus (house, Gera)","","","","","","","2","48 276"
"concept:polnischer-hammer","concept","Polnischer Hammer","Anlage","","Polnischer Hammer (hammer works)","","","","","","","3","246 727 729"
"concept:porphyr","concept","Porphyr","Gestein","","porphyry","","","","","","","1","33"
"concept:portal-schleiz","concept","Portal (Schleiz)","Bauteil","","portal at Schleiz","","","","","","","1","133"
"concept:porzellan","concept","Porzellan","Erzeugnis","","porcelain","","","","","","","1","440"
"concept:porzellanfabrik","concept","Porzellanfabrik","Betrieb","","porcelain factory","","","","","","","2","422 424"
"concept:positiv","concept","Positiv","Instrument","","positive organ (small chamber organ)","","","","","","","1","779"
"concept:post","concept","Post","Einrichtung","","postal service","","","","","","","5","260 589 639 719"
"concept:postgebaeude","concept","Postgebäude","Gebäude","","post office building","","","","","","","1","431"
"concept:poststrasse","concept","Poststraße","Verkehrsweg","","post road","","","","","","","1","820"
"concept:postzug","concept","Postzug","Fahrzeug","","mail train","","","","","","","1","262"
"concept:pottaschensiederei","concept","Pottaschensiederei","Anlage","","potash boilery","","","","","","","1","784"
"concept:pranger","concept","Pranger","Denkmal","","pillory","","","","","","","1","268"
"concept:privatgasthof","concept","Privatgasthof","Gebäude","","private inn","","","","","","","3","426 541 560"
"concept:privathaus","concept","Privathaus","Gebäude","","private house","","","","","","","27","452 463 466 470 479 481 482 490 519 533 541 542 552 560 594 609 614 634 639 660 700 714 722 724 771 796"
"concept:privatkapelle","concept","Privatkapelle","Bauwerk","","private chapel","","","","","","","1","526"
"concept:privatschenke","concept","Privatschenke","Gebäude","","private alehouse","","","","","","","2","454 470"
"concept:privatwirthshaus","concept","Privatwirthshaus","Gebäude","","private inn","","","","","","","9","470 533 535 552 624 773 784 821 823"
"concept:promenadenweg","concept","Promenadenweg","Verkehrsweg","","promenade path","","","","","","","1","727"
"concept:pulvermuehle","concept","Pulvermühle","Anlage","","gunpowder mill","","","","","","","8","22 244 247 593 770"
"concept:pulverthurm","concept","Pulverthurm","Bauwerk","","powder tower","","","","","","","3","12 275 431"
"concept:pumpbrunnen","concept","Pumpbrunnen","Anlage","","pump well","","","","","","","1","125"
"concept:pumpwerk","concept","Pumpwerk","Anlage","","pumping station","","","","","","","1","429"
"concept:puppe","concept","Puppe","Brauchtumsgegenstand","","doll; harvest effigy","","","","","","","7","186 188 189 192"
"concept:pyramide","concept","Pyramide","Denkmal","","pyramid (as heraldic charge in village seals)","","","","","","","2","124 125"
"concept:pyrolusit","concept","Pyrolusit","Gestein","","pyrolusite (manganese ore)","","","","","","","1","247"
"concept:quark","concept","Quark","Nahrungsmittel","","curd cheese","","","","","","","1","153"
"concept:quarz","concept","Quarz","Gestein","","quartz","","","","","","","3","37 40 247"
"concept:quarzit","concept","Quarzit","Gestein","","quartzite","","","","","","","1","246"
"concept:queckbrunnen","concept","Queckbrunnen","Anlage","","Queckbrunnen (well)","","","","","","","1","69"
"concept:quelle","concept","Quelle","Gewässer","","spring","","","","","","","12","15 69 70 78 176 213 460 555 599"
"concept:quellwasser","concept","Quellwasser","Rohstoff","","spring water","","","","","","","13","5 25 42 45 53 159 429 620 720 741 761 822"
"concept:quirl","concept","Quirl","Gerät","","whisk","","","","","","","1","203"
"concept:raehlemuehle","concept","Rählemühle","Anlage","","Rählemühle (mill)","","","","","","","1","608"
"concept:rain","concept","Rain","Lebensraum","","field margin, baulk","","","","","","","1","72"
"concept:rasirmesser","concept","Rasirmesser","Gerät","","razor","","","","","","","1","194"
"concept:rathhaus","concept","Rathhaus","Gebäude","","town hall","","","","","","","29","124 182 189 429 433 444 512 514 587 588 591 640 666 668 686 689 714 718 722 813 814 817"
"concept:rathskeller","concept","Rathskeller","Gebäude","","town-hall cellar tavern","","","","","","","1","687"
"concept:rattenmuehle","concept","Rattenmühle","Anlage","","Rattenmühle (mill)","","","","","","","2","246 727"
"concept:raubburg","concept","Raubburg","Bauwerk","","robber-baron castle","","","","","","","2","199 557"
"concept:raupenfrass","concept","Raupenfraß","Ereignis","","caterpillar damage","","","","","","","6","187 627 629 725 727 831"
"concept:rechen","concept","Rechen","Gerät","","rake","","","","","","","3","124 125 185"
"concept:regen","concept","Regen","Wetter","","rain","","","","","","","26","25 59 65 66 67 68 69 70 148 184 186 188 190 473 613 743 785"
"concept:regenguss","concept","Regenguss","Wetter","","downpour, heavy rain","","","","","","","1","453"
"concept:regenschirm","concept","Regenschirm","Gerät","","umbrella","","","","","","","1","154"
"concept:regenwasser","concept","Regenwasser","Rohstoff","","rainwater","","","","","","","1","39"
"concept:regierungsgebaeude","concept","Regierungsgebäude","Gebäude","","government building","","","","","","","2","275 431"
"concept:reichsburg","concept","Reichsburg","Bauwerk","","imperial castle","","","","","","","2","416"
"concept:reif","concept","Reif","Wetter","","hoarfrost","","","","","","","5","59 65 66 67"
"concept:reisig","concept","Reisig","Rohstoff","","brushwood","","","","","","","1","804"
"concept:reissigsmuehle","concept","Reißigsmühle","Anlage","","Reißigsmühle (mill)","","","","","","","1","629"
"concept:reitbahn","concept","Reitbahn","Anlage","","riding hall","","","","","","","1","78"
"concept:reitbahngebaeude","concept","Reitbahngebäude","Gebäude","","riding school building","","","","","","","1","735"
"concept:reiterstatue","concept","Reiterstatue","Kunstwerk","","equestrian statue","","","","","","","1","765"
"concept:reithaus","concept","Reithaus","Gebäude","","riding hall","","","","","","","1","732"
"concept:reliquie","concept","Reliquie","Kirchenausstattung","","relic","","","","","","","1","294"
"concept:rennstieg","concept","Rennstieg","Verkehrsweg","","Rennstieg (ridge road)","","","","","","","2","198 782"
"concept:residenzschloss","concept","Residenzschloß","Bauwerk","","residential palace","","","","","","","7","381 383 384 388 416 735"
"concept:rettungshaus","concept","Rettungshaus","Gebäude","","reformatory (rescue home)","","","","","","","2","20 639"
"concept:reussischer-hof","concept","reußischer Hof","Gebäude","","inn ""Reußischer Hof""","","","","","","","4","21 433 640 719"
"concept:riedelmuehle","concept","Riedelmühle","Anlage","","Riedelmühle (mill)","","","","","","","3","50 660"
"concept:riesenburg","concept","Riesenburg","Befestigung","","Riesenburg (legendary giants' fortress near Weitisberga)","","","","","","","2","197 766"
"concept:riethmuehle","concept","Riethmühle","Anlage","","Riethmühle (mill)","","","","","","","2","325 326"
"concept:rinde","concept","Rinde","Rohstoff","","bark (tanbark)","","","","","","","1","238"
"concept:rindenhaeuschen","concept","Rindenhäuschen","Gebäude","","bark hut","","","","","","","1","78"
"concept:ring","concept","Ring","Schmuck","","ring","","","","","","","1","451"
"concept:ringmauer","concept","Ringmauer","Befestigung","","enclosing wall","","","","","","","13","122 123 130 416 429 632 664 714 722 751"
"concept:ritter-und-zwingburg","concept","Ritter- und Zwingburg","Bauwerk","","knightly castle and stronghold","","","","","","","1","480"
"concept:rittergut","concept","Rittergut","Anwesen","","manor (Rittergut)","","","","","","","53","12 78 450 452 456 480 481 494 505 518 519 523 525 533 540 541 542 547 548 549 552 557 560 562 596 608 634 650 690 693 725 762 784 801 820"
"concept:rittergut-duerrenberg","concept","Rittergut Dürrenberg","Anwesen","","Dürrenberg manor estate","","","","","","","1","492"
"concept:rittergut-ebersdorf","concept","Rittergut Ebersdorf","Anwesen","","Ebersdorf manor estate","","","","","","","1","741"
"concept:rittergut-hohenpreis","concept","Rittergut Hohenpreis","Anwesen","","Hohenpreis manor estate","","","","","","","1","797"
"concept:rittergut-venzka","concept","Rittergut Venzka","Anwesen","","Venzka manor estate","","","","","","","1","818"
"concept:rittergutshof","concept","Rittergutshof","Anwesen","","manorial farmyard","","","","","","","1","495"
"concept:rittersitz","concept","Rittersitz","Anwesen","","knight's seat","","","","","","","2","557 687"
"concept:rocken","concept","Rocken","Gerät","","distaff","","","","","","","2","185"
"concept:rodung","concept","Rodung","Prozess","","clearing, deforestation, clear-felling","","","","","","","7","17 58 77 85 238 634 648"
"concept:roggenwerth","concept","Roggenwerth","Maßeinheit","","rye value","","","","","","","1","226"
"concept:roheisen","concept","Roheisen","Metall","","pig iron","","","","","","","1","677"
"concept:roehre","concept","Röhre","Bauteil","","oven tube","","","","","","","1","130"
"concept:roehrennetz","concept","Röhrennetz","Anlage","","pipe network","","","","","","","1","429"
"concept:rolandssaeule","concept","Rolandssäule","Denkmal","","Roland's column","","","","","","","3","198 514"
"concept:rossmuehle","concept","Roßmühle","Anlage","","horse mill","","","","","","","1","608"
"concept:rothe-bruecke","concept","rothe Brücke","Bauwerk","","""red bridge""","","","","","","","1","590"
"concept:rotheisenstein","concept","Rotheisenstein","Gestein","Roteisenstein","red iron ore (haematite)","","","","","","","5","30 32 34 36"
"concept:rothliegendes","concept","Rothliegendes","Formation","Rotliegendes","Rotliegend (geological formation)","","","","","","","2","39 75"
"concept:rothnickelkies","concept","Rothnickelkies","Gestein","Rotnickelkies","red nickel ore (niccolite)","","","","","","","1","34"
"concept:ruebenzucker","concept","Rübenzucker","Nahrungsmittel","","beet sugar","","","","","","","1","277"
"concept:ruhr","concept","Ruhr","Seuche","","dysentery","","","","","","","2","475 822"
"concept:ruine","concept","Ruine","Bauwerk","","ruin","","","","","","","1","639"
"concept:ruinenthurm","concept","Ruinenthurm","Bauwerk","","ruined tower","","","","","","","1","6"
"concept:rundbau","concept","Rundbau","Gebäude","","round building","","","","","","","1","780"
"concept:ruthe","concept","Ruthe","Gerät","","birch rod","","","","","","","1","192"
"concept:saalbruecke","concept","Saalbrücke","Bauwerk","","bridge over the Saale","","","","","","","5","47 668 669 788 814"
"concept:saalburger-bier","concept","Saalburger Bier","Erzeugnis","","Saalburg beer","","","","","","","1","160"
"concept:saalfabrikgebaeude","concept","Saalfabrikgebäude","Gebäude","","factory building on the Saale","","","","","","","1","790"
"concept:saalgasse","concept","Saalgasse","Verkehrsweg","","Saalgasse","","","","","","","1","812"
"concept:saalhammer","concept","Saalhammer","Anlage","","Saalhammer (hammer works)","","","","","","","1","245"
"concept:saalsteg","concept","Saalsteg","Bauwerk","","footbridge over the Saale","","","","","","","1","809"
"concept:saatflur","concept","Saatflur","Lebensraum","","sown field, arable land","","","","","","","1","72"
"concept:saebel","concept","Säbel","Waffe","","sabre","","","","","","","3","272 557"
"concept:saechsisch-hofer-eisenbahn","concept","Sächsisch-Hofer Eisenbahn","Verkehrsweg","","Saxon–Hof railway","","","","","","","2","702 705"
"concept:saeckchen","concept","Säckchen","Gerät","","small bag","","","","","","","1","176"
"concept:sacristei","concept","Sacristei","Gebäude","","sacristy","","","","","","","3","426 549 793"
"concept:saege","concept","Säge","Gerät","","saw","","","","","","","1","194"
"concept:saline","concept","Saline","Anlage","","saltworks","","","","","","","5","45 248 250 254"
"concept:salinencontrolgebaeude","concept","Salinencontrolgebäude","Gebäude","","saltworks control building","","","","","","","1","275"
"concept:salpeter-und-pottaschensiederei","concept","Salpeter- und Pottaschensiederei","Betrieb","","saltpetre and potash boileries","","","","","","","1","247"
"concept:salz","concept","Salz","Rohstoff","","salt","","","","","","","8","184 185 192 248 277 689 831"
"concept:salzquelle","concept","Salzquelle","Gewässer","","salt spring, brine spring","","","","","","","1","477"
"concept:salzsaeure","concept","Salzsäure","Material","","hydrochloric acid","","","","","","","2","251 507"
"concept:salzsohle","concept","Salzsohle","Rohstoff","Salzsole","brine (saturated salt solution)","","","","","","","1","38"
"concept:samensack","concept","Samensack","Gerät","","seed bag","","","","","","","1","186"
"concept:sand","concept","Sand","Gestein","","sand","","","","","","","6","26 32 40 51 75"
"concept:sandboden","concept","Sandboden","Boden","","sandy soil","","","","","","","1","77"
"concept:sandgrube","concept","Sandgrube","Abbaustätte","","sand pit","","","","","","","5","453 532 543 553 598"
"concept:sandmuehle","concept","Sandmühle","Anlage","","Sandmühle (mill)","","","","","","","1","652"
"concept:sandstein","concept","Sandstein","Gestein","","sandstone","","","","","","","8","39 261 463 467 488 597 788"
"concept:sandsteinaltar","concept","Sandsteinaltar","Kirchenausstattung","","sandstone altar","","","","","","","1","767"
"concept:sandsteinbruch","concept","Sandsteinbruch","Anlage","","sandstone quarry","","","","","","","4","467 486 488 568"
"concept:sarg","concept","Sarg","Gerät","","coffin","","","","","","","3","192 194 195"
"concept:sauerkraut","concept","Sauerkraut","Speise","","sauerkraut","","","","","","","1","188"
"concept:saeule","concept","Säule","Bauteil","","column","","","","","","","1","702"
"concept:schacht","concept","Schacht","Anlage","","mine shaft","","","","","","","3","555 557 802"
"concept:schaefer","concept","Schäfer","Beruf","","shepherd","","","","","","","2","419 505"
"concept:schaeferei","concept","Schäferei","Anlage","","sheep farm","","","","","","","14","31 481 596 600 682 734 742 806 809 819 823"
"concept:schaeferei-zu-oschitz","concept","Schäferei zu Oschitz","Anlage","","sheep farm at Oschitz","","","","","","","2","31 32"
"concept:schafstall","concept","Schafstall","Gebäude","","sheepfold","","","","","","","1","521"
"concept:schale","concept","Schale","Hausrat","","bowl","","","","","","","1","153"
"concept:schanze","concept","Schanze","Befestigung","","earthwork; redoubt","","","","","","","2","200 731"
"concept:schanzgraben","concept","Schanzgraben","Befestigung","","earthwork ditch","","","","","","","1","694"
"concept:scharfrichterei","concept","Scharfrichterei","Gebäude","","executioner's house (knacker's yard)","","","","","","","2","592 723"
"concept:schaerpe","concept","Schärpe","Kleidung","","sash","","","","","","","1","272"
"concept:schauenstein","concept","Schauenstein","Bauwerk","","Schauenstein (castle)","","","","","","","1","337"
"concept:schaufel","concept","Schaufel","Gerät","","shovel","","","","","","","1","194"
"concept:schaufensterladen","concept","Schaufensterladen","Bauteil","","shop window","","","","","","","1","440"
"concept:schaumkalk","concept","Schaumkalk","Gestein","","foam limestone (porous Zechstein limestone)","","","","","","","2","247 478"
"concept:schauspielhaus","concept","Schauspielhaus","Gebäude","","theatre","","","","","","","1","431"
"concept:scheffelsbrunnen","concept","Scheffelsbrunnen","Anlage","","Scheffelsbrunnen (well)","","","","","","","1","69"
"concept:schenke","concept","Schenke","Gebäude","","tavern; alehouse","","","","","","","7","148 187 188 482 501 598 626"
"concept:scheunchen","concept","Scheunchen","Gebäude","","small barn","","","","","","","1","823"
"concept:scheune","concept","Scheune","Gebäude","","barn","","","","","","","50","123 128 141 164 199 452 463 466 470 475 479 481 482 490 491 505 519 523 525 533 541 552 560 594 599 600 609 614 634 660 668 700 714 722 724 743 757 776 779 782 793 806 813"
"concept:schiefer","concept","Schiefer","Gestein","","slate, shale (the dominant rock of the Oberland)","","","","","","","124","27 35 78 129 261 425 426 430 450 452 454 455 457 458 469 477 487 496 505 510 511 515 521 541 549 552 553 555 562 564 568 580 594 597 600 602 607 609 611 612 614 616 617 618 619 620 627 634 646 647 648 649 651 654 656 660 663 675 677 678 681 684 685 690 691 693 695 698 700 702 705 724 730 732 735 740 742 744 745 748 750 751 752 756 758 761 766 767 769 770 772 773 774 775 776 777 778 781 782 783 784 786 787 790 793 794 796 797 805 807 812 817 819 820 821 822 824"
"concept:schieferbau","concept","Schieferbau","Gebäude","","slate-roofed building","","","","","","","1","801"
"concept:schieferbruch","concept","Schieferbruch","Anlage","","slate quarry","","","","","","","16","246 720 724 746 768 769 770 778 782 794 819 821 822"
"concept:schieferdach","concept","Schieferdach","Bauteil","","slate roof","","","","","","","1","793"
"concept:schieferdeckerhammer","concept","Schieferdeckerhammer","Erzeugnis","","slater's hammer","","","","","","","1","736"
"concept:schiefergestein","concept","Schiefergestein","Gestein","","slate rock","","","","","","","1","31"
"concept:schieferhaus","concept","Schieferhaus","Gebäude","","slate-roofed house","","","","","","","2","489 790"
"concept:schiefertafel","concept","Schiefertafel","Erzeugnis","","slate tablet","","","","","","","1","773"
"concept:schiesshaus","concept","Schießhaus","Gebäude","","shooting lodge (Schützenhaus)","","","","","","","15","34 36 512 513 590 592 639 653 669 720 723 768"
"concept:schild","concept","Schild","Waffe","","shield","","","","","","","3","124 125"
"concept:schindel","concept","Schindel","Material","","shingle (wooden roofing)","","","","","","","65","129 179 420 491 505 510 580 594 607 609 611 614 616 619 627 634 646 647 648 654 656 660 663 675 677 678 681 690 691 693 695 702 705 724 730 732 735 745 750 752 756 767 770 774 776 777 778 781 782 783 784 786 790 793 796 801 805 807 812 817 819 820 824"
"concept:schindeldachbau","concept","Schindeldachbau","Gebäude","","building with shingle roof","","","","","","","1","480"
"concept:schlagbaum","concept","Schlagbaum","Bauteil","","toll barrier","","","","","","","1","426"
"concept:schleizer-gebot","concept","Schleizer Gebot","Erzeugnis","","Schleizer Gebot (local specialty)","","","","","","","1","160"
"concept:schleizer-kalender","concept","Schleizer Kalender","Dokument","","Schleiz almanac","","","","","","","1","186"
"concept:schloss","concept","Schloß","Bauwerk","","castle; palace","","","","","","","89","6 20 21 125 199 200 217 275 316 338 381 416 418 425 434 488 494 495 497 500 505 525 549 571 580 584 591 592 599 608 632 634 635 639 641 663 664 668 715 721 731 732 733 739 781 801 809"
"concept:schloss-doelau","concept","Schloß Dölau","Bauwerk","","Dölau castle","","","","","","","1","390"
"concept:schloss-ebersdorf","concept","Schloß Ebersdorf","Bauwerk","","Ebersdorf palace","","","","","","","1","382"
"concept:schloss-gleissberg","concept","Schloß Gleißberg","Bauwerk","","Gleißberg castle","","","","","","","1","365"
"concept:schloss-greiz","concept","Schloß Greiz","Bauwerk","","Greiz castle","","","","","","","1","835"
"concept:schloss-hauenstein","concept","Schloß Hauenstein","Bauwerk","","Hauenstein castle","","","","","","","1","340"
"concept:schloss-hirschberg","concept","Schloß Hirschberg","Bauwerk","","Hirschberg castle","","","","","","","10","794 799 806 809 810 812 816 817"
"concept:schloss-osterstein","concept","Schloß Osterstein","Bauwerk","","Osterstein Castle (Gera)","","","","","","","11","40 301 376 380 382 474 499 835 836"
"concept:schloss-reichenfels","concept","Schloß Reichenfels","Bauwerk","","Reichenfels castle","","","","","","","7","388 630 631 640"
"concept:schloss-slewicz","concept","Schloß Slewicz","Bauwerk","","Slewicz castle (Schleiz)","","","","","","","1","581"
"concept:schloss-stein","concept","Schloß Stein","Bauwerk","","Stein castle","","","","","","","1","366"
"concept:schloss-untergreiz","concept","Schloß Untergreiz","Bauwerk","","Untergreiz castle","","","","","","","1","390"
"concept:schloss-waldeck","concept","Schloß Waldeck","Bauwerk","","Waldeck castle","","","","","","","1","366"
"concept:schloss-weida","concept","Schloß Weida","Bauwerk","","Weida castle (Osterburg)","","","","","","","1","338"
"concept:schloss-wildenfels","concept","Schloß Wildenfels","Bauwerk","","Wildenfels castle","","","","","","","1","339"
"concept:schloss-oder-amtsgebaeude","concept","Schloß- oder Amtsgebäude","Gebäude","","castle or district office building","","","","","","","1","713"
"concept:schlossallee","concept","Schloßallee","Verkehrsweg","","castle avenue","","","","","","","1","419"
"concept:schlossbau","concept","Schloßbau","Bauwerk","","castle construction","","","","","","","1","634"
"concept:schloesschen","concept","Schlösschen","Bauwerk","","small castle (Schlösschen)","","","","","","","6","519 694 712 724 829"
"concept:schlossgarten","concept","Schloßgarten","Anlage","","palace garden","","","","","","","2","45 721"
"concept:schlossgut","concept","Schloßgut","Anwesen","","castle estate","","","","","","","1","634"
"concept:schlosskapelle","concept","Schloßkapelle","Bauwerk","","castle chapel","","","","","","","6","345 418 431 581 585 798"
"concept:schlosskirche","concept","Schloßkirche","Bauwerk","","castle church","","","","","","","3","418 585"
"concept:schlosspark","concept","Schloßpark","Anlage","","palace park","","","","","","","1","494"
"concept:schlossraum","concept","Schloßraum","Bauteil","","castle rooms","","","","","","","1","634"
"concept:schlossstrasse","concept","Schloßstraße","Verkehrsweg","","Schloßstraße","","","","","","","1","448"
"concept:schlossthor","concept","Schloßthor","Bauwerk","","castle gate","","","","","","","2","416 430"
"concept:schlossthurm","concept","Schloßthurm","Bauwerk","","castle tower","","","","","","","2","7 634"
"concept:schlucht","concept","Schlucht","Gelände","","gorge, ravine","","","","","","","3","25 86 88"
"concept:schmalz","concept","Schmalz","Nahrungsmittel","","lard","","","","","","","1","158"
"concept:schmelzherd","concept","Schmelzherd","Gerät","","smelting hearth","","","","","","","1","41"
"concept:schmelzhuette","concept","Schmelzhütte","Anlage","","smelting works","","","","","","","8","250 448 525 588 590 629 764"
"concept:schmelzofen","concept","Schmelzofen","Anlage","","smelting furnace","","","","","","","2","246 723"
"concept:schmidtsgut","concept","Schmidtsgut","Anwesen","","Schmidtsgut (farm near Leitlitz)","","","","","","","1","20"
"concept:schmidtsmuehle","concept","Schmidtsmühle","Anlage","","Schmidtsmühle (mill)","","","","","","","1","644"
"concept:schmiede","concept","Schmiede","Gebäude","","smithy","","","","","","","7","123 276 552 727 820 821 824"
"concept:schmiedeeisen","concept","Schmiedeeisen","Metall","","wrought iron","","","","","","","1","675"
"concept:schmierofen","concept","Schmierofen","Anlage","","grease-boiling kiln","","","","","","","1","628"
"concept:schmucksache","concept","Schmucksache","Schmuck","","jewellery","","","","","","","2","318"
"concept:schnaps","concept","Schnaps","Nahrungsmittel","","schnapps, spirits","","","","","","","4","183 187 193 194"
"concept:schnapsschenke","concept","Schnapsschenke","Gebäude","","schnapps tavern","","","","","","","1","823"
"concept:schnee","concept","Schnee","Wetter","","snow","","","","","","","17","59 65 67 69 162 188 190 191 207 313 681 747 785"
"concept:schneedruck","concept","Schneedruck","Ereignis","","snow-load damage (to forests)","","","","","","","2","237"
"concept:schneegraupen","concept","Schneegraupen","Wetter","","snow pellets, graupel","","","","","","","1","66"
"concept:schneide-und-lohmuehle","concept","Schneide- und Lohmühle","Anlage","","saw and bark mill","","","","","","","2","478 803"
"concept:schneide-und-oelmuehle","concept","Schneide- und Oelmühle","Anlage","","saw and oil mill","","","","","","","2","512 807"
"concept:schneidemuehle","concept","Schneidemühle","Anlage","","sawmill","","","","","","","26","245 465 467 480 484 488 593 599 605 642 644 649 719 728 736 744 747 751 768 775 819 823"
"concept:schnellpresse","concept","Schnellpresse","Gerät","","high-speed printing press","","","","","","","2","258 441"
"concept:schornstein","concept","Schornstein","Bauteil","","chimney","","","","","","","4","6 7 187"
"concept:schrank","concept","Schrank","Hausrat","","cupboard","","","","","","","2","144 149"
"concept:schrothaus","concept","Schrothaus","Gebäude","","log-built house (Schrothaus)","","","","","","","4","90 316 463 675"
"concept:schuh","concept","Schuh","Kleidung","","shoes","","","","","","","5","180 183 184 193 760"
"concept:schulbrunnen","concept","Schulbrunnen","Anlage","","school well","","","","","","","1","762"
"concept:schule","concept","Schule","Gebäude","","school","","","","","","","137","123 126 165 267 296 425 426 427 452 454 459 461 463 465 466 468 473 475 481 504 505 506 523 543 549 555 560 568 591 594 596 600 603 605 609 614 615 624 626 627 634 638 642 647 649 654 657 658 660 668 677 681 689 693 694 695 697 700 722 724 725 735 742 745 749 756 757 758 759 761 762 771 772 777 781 782 784 788 790 791 792 793 796 801 807 817"
"concept:schulgebaeude","concept","Schulgebäude","Gebäude","","school building","","","","","","","8","437 475 494 587 610 626 677 735"
"concept:schulhaus","concept","Schulhaus","Gebäude","","school building","","","","","","","68","297 387 426 451 452 465 481 501 505 512 516 523 532 538 544 560 601 603 605 610 615 624 627 629 658 664 686 693 696 718 725 735 737 742 746 748 751 752 759 764 766 771 773 777 779 782 784 793 795 799 802 807 813 817 819 821 823 824"
"concept:schulhaeuschen","concept","Schulhäuschen","Gebäude","","small school building","","","","","","","1","817"
"concept:schulhof","concept","Schulhof","Anlage","","school yard","","","","","","","1","735"
"concept:schulwohnung","concept","Schulwohnung","Gebäude","","schoolmaster's dwelling","","","","","","","1","538"
"concept:schuppen","concept","Schuppen","Gebäude","","shed","","","","","","","1","128"
"concept:schuerze","concept","Schürze","Kleidung","","apron","","","","","","","1","186"
"concept:schuetz-oder-untermuehle","concept","Schütz- oder Untermühle","Anlage","","Schütz or lower mill","","","","","","","1","486"
"concept:schutzteich","concept","Schutzteich","Anlage","","retention pond","","","","","","","2","728 802"
"concept:schwarzer-baer","concept","schwarzer Bär","Gebäude","","inn ""Zum schwarzen Bären""","","","","","","","2","526 591"
"concept:schwarzer-brunnen","concept","schwarzer Brunnen","Anlage","","""black well""","","","","","","","1","622"
"concept:schwarzer-tod","concept","Schwarzer Tod","Seuche","","Black Death (1348)","","","","","","","1","344"
"concept:schwarzkupfer","concept","Schwarzkupfer","Metall","","black copper (crude copper)","","","","","","","1","249"
"concept:schwedenschanze","concept","Schwedenschanze","Befestigung","","""Swedish redoubt"" (earthwork)","","","","","","","9","122 200 312 456 599 668"
"concept:schwefel","concept","Schwefel","Rohstoff","","sulphur","","","","","","","1","689"
"concept:schwefelkies","concept","Schwefelkies","Gestein","","pyrite (iron pyrites)","","","","","","","3","27 247 248"
"concept:schwefelsaeure","concept","Schwefelsäure","Material","","sulphuric acid","","","","","","","2","251 507"
"concept:schweinemarkt","concept","Schweinemarkt","Markt","","pig market","","","","","","","1","262"
"concept:schwerspath","concept","Schwerspath","Gestein","Schwerspat","barite (heavy spar)","","","","","","","2","247"
"concept:schwert","concept","Schwert","Waffe","","sword","","","","","","","5","124 312 433 519"
"concept:schwesternhaus","concept","Schwesternhaus","Bauwerk","","sisters' house (Moravian)","","","","","","","1","738"
"concept:see","concept","See","Gewässer","","lake","","","","","","","1","311"
"concept:seeboden","concept","Seeboden","Gelände","","lake bed (former lake floor)","","","","","","","1","19"
"concept:seekrebsschere","concept","Seekrebsschere","Fundobjekt","","sea-crab claw (church relic)","","","","","","","1","673"
"concept:seife","concept","Seife","Material","","soap","","","","","","","2","312 738"
"concept:selbizbruecke","concept","Selbizbrücke","Bauwerk","","Selbiz bridge","","","","","","","1","785"
"concept:seminargebaeude","concept","Seminargebäude","Gebäude","","seminary building","","","","","","","1","275"
"concept:semmel","concept","Semmel","Speise","","bread roll","","","","","","","1","191"
"concept:sense","concept","Sense","Gerät","","scythe","","","","","","","5","124 125 186"
"concept:sichel","concept","Sichel","Gerät","","sickle","","","","","","","2","181 186"
"concept:sichel-oder-holzmuehle","concept","Sichel- oder Holzmühle","Anlage","","Sichel or Holz mill","","","","","","","1","655"
"concept:siechenhaus","concept","Siechenhaus","Gebäude","","leper house; infirmary","","","","","","","3","176 512 718"
"concept:siegellack","concept","Siegellack","Erzeugnis","","sealing wax","","","","","","","1","738"
"concept:siegmundsburg","concept","Siegmundsburg","Anwesen","","Siegmundsburg (manorial farm)","","","","","","","1","625"
"concept:signal","concept","Signal","Vermessungspunkt","","trigonometric signal point","","","","","","","16","6 7 14 15"
"concept:silber","concept","Silber","Metall","","silver","","","","","","","24","34 129 156 157 242 243 245 248 250 272 277 368 414 454 525 555 583 589 623 651 764 809"
"concept:silber-und-kupferhuette","concept","Silber- und Kupferhütte","Anlage","","silver and copper smelting works","","","","","","","1","246"
"concept:silberbergwerk","concept","Silberbergwerk","Anlage","","silver mine","","","","","","","1","765"
"concept:silbererz","concept","Silbererz","Gestein","","silver ore","","","","","","","4","249 278 629 764"
"concept:simson-loewengruppe","concept","Simson-Löwengruppe","Kunstwerk","","Samson and the lion group (fountain sculpture)","","","","","","","1","438"
"concept:simsonfontaine-und-neue-theaterplatzfontaine","concept","Simsonfontaine und neue Theaterplatzfontaine","Kunstwerk","","Samson and Theaterplatz fountains (Gera)","","","","","","","1","429"
"concept:slaven","concept","Slaven","Volk","","Slavs","","","","","","","1","122"
"concept:soda","concept","Soda","Material","","soda (sodium carbonate)","","","","","","","1","507"
"concept:solaroel","concept","Solaröl","Rohstoff","","solar oil (lamp oil)","","","","","","","1","214"
"concept:sommer","concept","Sommer","Klima","","summer (season)","","","","","","","1","41"
"concept:sommermittel","concept","Sommermittel","Klima","","mean summer temperature","","","","","","","2","56"
"concept:sonnenhof","concept","Sonnenhof","Wetter","","solar halo","","","","","","","1","66"
"concept:sonnenschein","concept","Sonnenschein","Wetter","","sunshine","","","","","","","2","26 184"
"concept:soerbitzmuehle-a-d-weida-920","concept","Sörbitzmühle a. d. Weida 920","","","","","","","","","","1","20"
"concept:sormitzbruecke","concept","Sormitzbrücke","Bauwerk","","bridge over the Sormitz","","","","","","","1","767"
"concept:spanholz","concept","Spanholz","Material","","wood shavings, kindling splints","","","","","","","2","128"
"concept:spatheisenstein","concept","Spatheisenstein","Gestein","Spateisenstein","siderite (spathic iron ore)","","","","","","","4","27 28 34 247"
"concept:spiegel","concept","Spiegel","Hausrat","","mirror","","","","","","","2","179 203"
"concept:spindel","concept","Spindel","Gerät","","spindle","","","","","","","1","439"
"concept:spinnerei","concept","Spinnerei","Anlage","","spinning mill","","","","","","","2","724 728"
"concept:spinnfabrik","concept","Spinnfabrik","Betrieb","","spinning mill","","","","","","","2","422 834"
"concept:spinnrad","concept","Spinnrad","Gerät","","spinning wheel","","","","","","","3","261 618 762"
"concept:spiritus","concept","Spiritus","Material","","spirits, alcohol (e.g. ant spirit)","","","","","","","1","90"
"concept:spiritusbrennerei","concept","Spiritusbrennerei","Anlage","","spirits distillery","","","","","","","1","806"
"concept:sporn","concept","Sporn","Kleidung","","spurs","","","","","","","2","419 519"
"concept:sprinzel","concept","Sprinzel","Gerät","","bird snare","","","","","","","1","84"
"concept:spritzen-und-herrnhaus","concept","Spritzen- und Herrnhaus","Gebäude","","fire-engine and manor house","","","","","","","1","521"
"concept:spritzenhaus","concept","Spritzenhaus","Gebäude","","fire-engine house","","","","","","","29","467 485 506 525 541 555 600 608 622 638 642 654 660 674 675 702 704 732 736 745 758 766 777 786 790 793 807 820 824"
"concept:st-annenaltar","concept","St. Annenaltar","Kirchenausstattung","","altar of St. Anne","","","","","","","1","582"
"concept:st-annenkapelle","concept","St. Annenkapelle","Bauwerk","","St. Anne's chapel","","","","","","","1","582"
"concept:st-georgenkapelle","concept","St. Georgenkapelle","Bauwerk","","St. George's chapel","","","","","","","1","714"
"concept:st-georgenkirche","concept","St. Georgenkirche","Bauwerk","","St. George's church","","","","","","","3","134 582 585"
"concept:st-gilgenkapelle","concept","St. Gilgenkapelle","Bauwerk","","St. Giles's chapel","","","","","","","1","663"
"concept:st-jacobskapelle","concept","St. Jacobskapelle","Bauwerk","","St. James's chapel","","","","","","","1","431"
"concept:st-jacobskirche","concept","St. Jacobskirche","Bauwerk","","St. James's church","","","","","","","3","511 512"
"concept:st-johanniskirche","concept","St. Johanniskirche","Bauwerk","","St. John's church","","","","","","","6","132 431 444 445"
"concept:st-johanniskirche-zu-gera","concept","St. Johanniskirche zu Gera","Bauwerk","","St John's Church, Gera","","","","","","","7","426 432 437 454 455"
"concept:st-lorenzkapelle","concept","St. Lorenzkapelle","Bauwerk","","St. Lawrence's chapel","","","","","","","1","431"
"concept:st-niclaskapelle","concept","St. Niclaskapelle","Bauwerk","","St. Nicholas's chapel","","","","","","","1","431"
"concept:st-nicolai","concept","St. Nicolai","Bauwerk","","St. Nicholas's church","","","","","","","6","583 584 585 591"
"concept:st-nicolaikapelle","concept","St. Nicolaikapelle","Bauwerk","","St. Nicholas's chapel","","","","","","","2","635 636"
"concept:st-salvator-und-st-trinitatiskirche","concept","St. Salvator- und St. Trinitatiskirche","Bauwerk","","churches of St. Saviour and the Holy Trinity","","","","","","","1","431"
"concept:st-salvatorkirche","concept","St. Salvatorkirche","Bauwerk","","St. Saviour's church","","","","","","","3","134 380 445"
"concept:st-salvatorkirche-zu-gera","concept","St. Salvatorkirche zu Gera","Bauwerk","","St Saviour's Church, Gera","","","","","","","5","432 433 437 447"
"concept:st-veitskirche","concept","St. Veitskirche","Bauwerk","","St. Vitus's church","","","","","","","1","318"
"concept:st-wolfgangskapelle","concept","St. Wolfgangskapelle","Bauwerk","","St. Wolfgang's chapel","","","","","","","5","132 201 431 583 592"
"concept:st-wolfgangskapelle-zu-schleiz","concept","St. Wolfgangskapelle zu Schleiz","Bauwerk","","St Wolfgang's chapel, Schleiz","","","","","","","3","199 432 580"
"concept:staat","concept","Staat","Staatswesen","","state","","","","","","","1","177"
"concept:staatsschuldschein","concept","Staatsschuldschein","Dokument","","state bond","","","","","","","1","277"
"concept:stabhammer","concept","Stabhammer","Anlage","","bar-iron hammer works","","","","","","","2","727 728"
"concept:stadtkirche","concept","Stadtkirche","Bauwerk","","town church","","","","","","","6","591 601 663 664 665 810"
"concept:stadtmauer","concept","Stadtmauer","Befestigung","","town wall","","","","","","","2","715 721"
"concept:stadtschulgebaeude","concept","Stadtschulgebäude","Gebäude","","town school building","","","","","","","1","438"
"concept:stahlbad","concept","Stahlbad","Anlage","","chalybeate spa","","","","","","","1","44"
"concept:stahlhammer","concept","Stahlhammer","Anlage","","steel hammer works","","","","","","","3","669 675 677"
"concept:stahlhuette","concept","Stahlhütte","Anlage","","steelworks","","","","","","","2","712 728"
"concept:stahlhuetten","concept","Stahlhütten","","","","","","","","","","1","243"
"concept:stall","concept","Stall","Gebäude","","stable; cowshed","","","","","","","7","123 128 179 184 193 216"
"concept:stallgebaeude","concept","Stallgebäude","Gebäude","","stable building","","","","","","","1","600"
"concept:stallung","concept","Stallung","Gebäude","","stabling","","","","","","","1","128"
"concept:stammburg","concept","Stammburg","Bauwerk","","ancestral castle","","","","","","","1","535"
"concept:standrohrspritze","concept","Standrohrspritze","Gerät","","standpipe fire engine","","","","","","","1","613"
"concept:stange","concept","Stange","Gerät","","pole","","","","","","","1","153"
"concept:staerke","concept","Stärke","Material","","starch","","","","","","","1","440"
"concept:staerkefabrik","concept","Stärkefabrik","Betrieb","","starch factory","","","","","","","1","450"
"concept:starkenmuehle","concept","Starkenmühle","Anlage","","Starkenmühle (mill)","","","","","","","1","660"
"concept:steg","concept","Steg","Bauwerk","","footbridge","","","","","","","1","269"
"concept:stein","concept","Stein","Gestein","","stone, rock","","","","","","","7","136 186 322 428 584 654 787"
"concept:stein-und-holzmuehle","concept","Stein- und Holzmühle","Anlage","","stone and wood mill","","","","","","","1","668"
"concept:steinbruch","concept","Steinbruch","Anlage","","quarry","","","","","","","81","38 247 451 458 462 463 466 475 481 483 490 491 498 501 502 506 513 524 548 554 556 560 561 563 564 590 596 598 601 604 608 610 615 617 618 620 622 626 628 629 644 647 659 676 679 680 683 688 690 694 697 699 701 703 721 725 736 741 744 746 751 755 760 765 769 772 775 779 781 789 791 794 795 806 808 816 818 824"
"concept:steinbruecke","concept","Steinbrücke","Bauwerk","","stone bridge","","","","","","","2","454 565"
"concept:steinhaus","concept","Steinhaus","Gebäude","","stone house","","","","","","","3","480 608 624"
"concept:steininstrument","concept","Steininstrument","Fundobjekt","","stone implement","","","","","","","1","312"
"concept:steinkohle","concept","Steinkohle","Rohstoff","","hard coal","","","","","","","8","37 245 248 261 439 451 571 589"
"concept:steinkreuz","concept","Steinkreuz","Denkmal","","stone cross","","","","","","","1","590"
"concept:steinmuehle","concept","Steinmühle","Anlage","","Steinmühle (mill)","","","","","","","3","668 814"
"concept:steinsalz","concept","Steinsalz","Gestein","","rock salt","","","","","","","6","38 250 487 507"
"concept:steinsaeule","concept","Steinsäule","Denkmal","","stone pillar","","","","","","","1","558"
"concept:steinveste","concept","Steinveste","Bauwerk","","stone fortress","","","","","","","1","122"
"concept:steinwaffe","concept","Steinwaffe","Waffe","","stone weapons","","","","","","","2","311 318"
"concept:steuershammerwerk","concept","Steuershammerwerk","Anlage","","Steuershammer works","","","","","","","1","784"
"concept:stickerei","concept","Stickerei","Erzeugnis","","embroidery","","","","","","","1","738"
"concept:stiftsgut","concept","Stiftsgut","Anwesen","","endowment estate (Stiftsgut)","","","","","","","1","443"
"concept:stiftsvoigteiliche-burg","concept","stiftsvoigteiliche Burg","Bauwerk","","castle of the Stiftsvogt","","","","","","","1","429"
"concept:stock","concept","Stock","Gerät","","stick","","","","","","","3","182 185 191"
"concept:stollen","concept","Stollen","Anlage","","mine gallery (adit)","","","","","","","4","45 193 592 596"
"concept:strasse","concept","Straße","Verkehrsweg","","street; road","","","","","","","11","4 28 40 260 275 387 438 776 784"
"concept:strasse-gera-zeitz","concept","Straße Gera–Zeitz","Verkehrsweg","","road from Gera to Zeitz","","","","","","","1","425"
"concept:strasse-leipzig-bamberg","concept","Straße Leipzig–Bamberg","Verkehrsweg","","road from Leipzig to Bamberg","","","","","","","1","742"
"concept:strasse-nach-bamberg","concept","Straße nach Bamberg","Verkehrsweg","","road to Bamberg","","","","","","","1","780"
"concept:strasse-nach-hof","concept","Straße nach Hof","Verkehrsweg","","road to Hof","","","","","","","1","692"
"concept:strasse-nach-lobenstein","concept","Straße nach Lobenstein","Verkehrsweg","","road to Lobenstein","","","","","","","1","741"
"concept:strasse-nuernberg-leipzig","concept","Straße Nürnberg–Leipzig","Verkehrsweg","","road from Nuremberg to Leipzig","","","","","","","1","428"
"concept:strasse-ronneburg-eisenberg","concept","Straße Ronneburg–Eisenberg","Verkehrsweg","","road from Ronneburg to Eisenberg","","","","","","","1","557"
"concept:strasse-ronneburg-zeitz","concept","Straße Ronneburg–Zeitz","Verkehrsweg","","road from Ronneburg to Zeitz","","","","","","","3","537 538 540"
"concept:strasse-schleiz-plauen","concept","Straße Schleiz–Plauen","Verkehrsweg","","road from Schleiz to Plauen","","","","","","","1","594"
"concept:strassenlaterne","concept","Straßenlaterne","Anlage","","street lamp","","","","","","","2","429 590"
"concept:strassenwirthshaus","concept","Straßenwirthshaus","Gebäude","","roadside inn","","","","","","","2","276 827"
"concept:strassenwirthshaus-wacholderbaum","concept","Straßenwirthshaus Wacholderbaum","Gebäude","","roadside inn ""Wacholderbaum""","","","","","","","1","742"
"concept:strassenzollstation","concept","Straßenzollstation","Gebäude","","road toll station","","","","","","","1","694"
"concept:strauss","concept","Strauß","Brauchtumsgegenstand","","bouquet","","","","","","","1","188"
"concept:streichinstrument","concept","Streichinstrument","Instrument","","string instrument","","","","","","","2","182 440"
"concept:streitaxt","concept","Streitaxt","Fundobjekt","","battle-axe","","","","","","","1","451"
"concept:streu","concept","Streu","Material","","litter, bedding (straw or forest litter)","","","","","","","1","141"
"concept:strick","concept","Strick","Gerät","","rope","","","","","","","2","185"
"concept:stroh","concept","Stroh","Material","","straw","","","","","","","27","129 164 186 187 189 450 458 466 482 491 515 518 520 521 534 541 549 558 568 614 620 647 654 695 790 820 824"
"concept:strohband","concept","Strohband","Gerät","","straw band","","","","","","","2","188 195"
"concept:strohdach","concept","Strohdach","Bauteil","","thatched roof","","","","","","","1","128"
"concept:strohhut","concept","Strohhut","Kleidung","","straw hat","","","","","","","1","153"
"concept:strumpf","concept","Strumpf","Kleidung","","stocking","","","","","","","1","261"
"concept:stuebnitzmuehle","concept","Stübnitzmühle","Anlage","","Stübnitzmühle (mill)","","","","","","","1","490"
"concept:stueckkugel","concept","Stückkugel","Waffe","","cannonball","","","","","","","1","456"
"concept:stuhl","concept","Stuhl","Hausrat","","chairs","","","","","","","3","128 439"
"concept:sturm","concept","Sturm","Wetter","","storm","","","","","","","6","58 66 202 207 442 830"
"concept:sturmfass","concept","Sturmfass","Gerät","","alarm barrel","","","","","","","1","551"
"concept:sturzbad","concept","Sturzbad","Anlage","","shower bath","","","","","","","1","599"
"concept:suedostwind","concept","Südostwind","Wetter","","south-east wind","","","","","","","1","24"
"concept:suedwestwind","concept","Südwestwind","Wetter","","south-west wind","","","","","","","2","79 215"
"concept:suedwind","concept","Südwind","Wetter","","south wind","","","","","","","2","64"
"concept:sumpf","concept","Sumpf","Lebensraum","","swamp, marsh","","","","","","","5","36 40 75 480 519"
"concept:superintendentur","concept","Superintendentur","Einrichtung","","superintendency (church district and its seat)","","","","","","","3","433 719 722"
"concept:suesswassersandstein","concept","Süßwassersandstein","Gestein","","freshwater sandstone (limnoquartzite, local name 'Wacke')","","","","","","","2","39"
"concept:tagloehnerhaus","concept","Taglöhnerhaus","Gebäude","","labourer's house","","","","","","","1","494"
"concept:talglicht","concept","Talglicht","Gerät","","tallow candle","","","","","","","1","152"
"concept:tanzboden","concept","Tanzboden","Gebäude","","dance floor","","","","","","","1","182"
"concept:tasse","concept","Tasse","Hausrat","","cup","","","","","","","1","153"
"concept:taubenschlag","concept","Taubenschlag","Gebäude","","dovecote","","","","","","","2","128 480"
"concept:taubstummengebaeude","concept","Taubstummengebäude","Gebäude","","institution building for the deaf-mute","","","","","","","1","603"
"concept:taufbecken","concept","Taufbecken","Kirchenausstattung","","baptismal basin","","","","","","","4","137 481 537 767"
"concept:taufengel","concept","Taufengel","Kirchenausstattung","","baptismal angel","","","","","","","1","801"
"concept:taufstein","concept","Taufstein","Kirchenausstattung","","stone baptismal font","","","","","","","7","532 537 540 582 685 693 702"
"concept:tegmuehle","concept","Tegmühle","Anlage","","Tegmühle (mill)","","","","","","","2","618 619"
"concept:teich","concept","Teich","Lebensraum","","pond","","","","","","","200","12 15 22 36 53 75 78 84 87 88 123 126 159 203 217 342 419 425 426 427 451 453 454 456 457 458 460 461 462 463 466 467 470 473 478 480 481 482 484 485 486 488 490 493 494 502 504 513 515 518 520 521 524 525 526 528 530 531 532 533 538 540 543 544 545 551 552 555 556 558 560 562 563 564 565 568 569 580 596 598 604 608 610 614 615 618 620 622 624 626 627 628 633 637 638 644 646 647 648 650 655 658 659 660 675 677 679 680 682 683 688 690 692 694 695 697 699 700 703 704 705 715 719 721 725 730 736 740 741 743 746 751 754 757 759 760 765 768 773 775 778 779 780 781 782 785 790 791 794 795 799 806 807 808 818 819 820 821 823 824"
"concept:teichdamm","concept","Teichdamm","Wasserbau","","pond dam","","","","","","","2","448 751"
"concept:teichwiese","concept","Teichwiese","Lebensraum","","meadow beside a pond","","","","","","","3","471 560 741"
"concept:telegraphenbureau","concept","Telegraphenbureau","Einrichtung","","telegraph office","","","","","","","2","589 719"
"concept:telegraphenlinie","concept","Telegraphenlinie","Anlage","","telegraph line","","","","","","","1","262"
"concept:teller","concept","Teller","Hausrat","","plate","","","","","","","2","177 183"
"concept:tempel","concept","Tempel","Befestigung","","""Tempel"" (prehistoric mound with rampart)","","","","","","","1","639"
"concept:temperatur","concept","Temperatur","Klima","","temperature","","","","","","","10","42 53 54 55 60 62 70"
"concept:tentaculitenformation","concept","Tentaculitenformation","Formation","","Tentaculites formation","","","","","","","1","32"
"concept:terrasse","concept","Terrasse","Gelände","","terrace","","","","","","","2","16 19"
"concept:terrassenteich","concept","Terrassenteich","Anlage","","terraced pond","","","","","","","5","123 594 619 649 699"
"concept:teufelsbruecke","concept","Teufelsbrücke","Bauwerk","","Devil's bridge","","","","","","","1","200"
"concept:thal","concept","Thal","Gelände","Tal","valley","","","","","","","19","19 25 32 36 50 57 59 75 83 84 88 501 632"
"concept:thalebene","concept","Thalebene","Gelände","Talebene","valley plain","","","","","","","1","505"
"concept:thalgehaenge","concept","Thalgehänge","Gelände","Talhang","valley slope","","","","","","","3","31 83 86"
"concept:thalschloss","concept","Thalschloß","Bauwerk","","valley castle","","","","","","","1","416"
"concept:thalsohle","concept","Thalsohle","Gelände","Talsohle","valley floor","","","","","","","2","507 793"
"concept:theater-zu-schleiz","concept","Theater zu Schleiz","Gebäude","","theatre at Schleiz","","","","","","","1","384"
"concept:theerofen","concept","Theerofen","Anlage","","tar kiln","","","","","","","1","644"
"concept:thon","concept","Thon","Gestein","Ton","clay","","","","","","","2","41 248"
"concept:thon-und-sandgrube","concept","Thon- und Sandgrube","Anlage","","clay and sand pit","","","","","","","1","533"
"concept:thonboden","concept","Thonboden","Boden","Tonboden","clay soil","","","","","","","1","39"
"concept:thongrube","concept","Thongrube","Abbaustätte","Tongrube","clay pit","","","","","","","1","551"
"concept:thonroehre","concept","Thonröhre","Anlage","","clay pipe","","","","","","","1","429"
"concept:thonschiefer","concept","Thonschiefer","Gestein","Tonschiefer","clay slate","","","","","","","5","4 42 214 246 630"
"concept:thor","concept","Thor","Bauwerk","","gate","","","","","","","9","122 429 663 664 668 721 813"
"concept:thorweg","concept","Thorweg","Bauteil","","gateway","","","","","","","2","128 526"
"concept:thuer","concept","Thür","Bauteil","","door","","","","","","","1","164"
"concept:thueringer-schulzeitung","concept","Thüringer Schulzeitung","Dokument","","Thuringian school newspaper","","","","","","","1","441"
"concept:thurm","concept","Thurm","Bauwerk","","tower","","","","","","","36","7 122 421 424 426 463 464 468 474 481 532 582 599 600 609 613 633 643 657 663 675 685 702 734 751 759 777 779 793 808 813"
"concept:thuermchen","concept","Thürmchen","Bauteil","","turret","","","","","","","2","23 725"
"concept:thurmgiebel","concept","Thurmgiebel","Bauteil","","tower gable","","","","","","","1","459"
"concept:thurmknopf","concept","Thurmknopf","Bauwerk","","tower finial (with time capsule)","","","","","","","12","6 7 767"
"concept:thurmruine","concept","Thurmruine","Bauwerk","","tower ruin","","","","","","","1","21"
"concept:thurmspitze","concept","Thurmspitze","Bauwerk","","spire","","","","","","","4","463 535 793"
"concept:tiefland","concept","Tiefland","Gelände","","lowland","","","","","","","1","25"
"concept:tinzer-schloss","concept","Tinzer Schloß","Bauwerk","","Tinz castle","","","","","","","1","510"
"concept:tisch","concept","Tisch","Hausrat","","table","","","","","","","2","128 184"
"concept:tischbein","concept","Tischbein","Hausrat","","table leg","","","","","","","1","185"
"concept:tischplatte","concept","Tischplatte","Hausrat","","table top (polished stone)","","","","","","","1","35"
"concept:topfbrett","concept","Topfbrett","Hausrat","","pot board","","","","","","","1","153"
"concept:topographie-der-pflege-reichenfels","concept","Topographie der Pflege Reichenfels","Dokument","","Topography of the Pflege Reichenfels","","","","","","","1","54"
"concept:torf","concept","Torf","Rohstoff","","peat","","","","","","","7","75 150 247 248 690 789 795"
"concept:torfgraeberei","concept","Torfgräberei","Anlage","","peat diggings","","","","","","","2","247 626"
"concept:torfgrube","concept","Torfgrube","Anlage","","peat pit","","","","","","","7","688 690 794 795 798 821"
"concept:torfstich","concept","Torfstich","Anlage","","peat cutting","","","","","","","10","502 626 697 699 806 808 816 818 820 824"
"concept:torfwiese","concept","Torfwiese","Lebensraum","","peat meadow","","","","","","","1","76"
"concept:torfziegel","concept","Torfziegel","Erzeugnis","","peat brick","","","","","","","1","821"
"concept:tragspritze","concept","Tragspritze","Gerät","","portable fire engine","","","","","","","1","491"
"concept:triebichs-oder-buttermuehle","concept","Triebichs- oder Buttermühle","Anlage","","Triebich or Butter mill","","","","","","","1","680"
"concept:trift","concept","Trift","Lebensraum","","drove, grazing track (Trift)","","","","","","","1","72"
"concept:trinitatiskirche","concept","Trinitatiskirche","Bauwerk","","Trinity church","","","","","","","2","431 540"
"concept:trinitatiskirche-zu-gera","concept","Trinitatiskirche zu Gera","Bauwerk","","Trinity Church, Gera","","","","","","","5","133 137 432 437"
"concept:trinkquelle","concept","Trinkquelle","Gewässer","","drinking spring (spa spring at Lobenstein)","","","","","","","2","44"
"concept:trinkwasser","concept","Trinkwasser","Rohstoff","","drinking water","","","","","","","4","594 674 762 801"
"concept:trommel","concept","Trommel","Instrument","","drum","","","","","","","1","685"
"concept:trompete","concept","Trompete","Instrument","","trumpet","","","","","","","1","192"
"concept:tschirmers-haus","concept","Tschirmers Haus","Gebäude","","Tschirmer's house (former residence of a princess)","","","","","","","1","666"
"concept:tuch","concept","Tuch","Material","","cloth, woollen cloth","","","","","","","3","131 312 439"
"concept:tuchfabrik","concept","Tuchfabrik","Betrieb","","cloth factory","","","","","","","6","245 246 719 727 728"
"concept:tummelhaus","concept","Tummelhaus","Gebäude","","Tummelhaus (former stables, Saalburg)","","","","","","","1","664"
"concept:tuempfel","concept","Tümpfel","Gewässer","Tümpel","pool, puddle","","","","","","","1","89"
"concept:turnhalle","concept","Turnhalle","Gebäude","","gymnasium (hall)","","","","","","","1","437"
"concept:turnplatz","concept","Turnplatz","Anlage","","gymnastics ground","","","","","","","1","437"
"concept:typhus","concept","Typhus","Seuche","","typhus","","","","","","","1","604"
"concept:ueberschwemmung","concept","Ueberschwemmung","Ereignis","Überschwemmung","flood, inundation","","","","","","","10","41 466 478 506 507 592 613 668 689 790"
"concept:ufer","concept","Ufer","Gelände","","bank, shore","","","","","","","11","12 72 280 449 663 725 727 769 786 807"
"concept:uferbau","concept","Uferbau","Wasserbau","","bank works","","","","","","","1","477"
"concept:uhr","concept","Uhr","Gerät","","clock","","","","","","","8","125 195 421 440 512 532 544 779"
"concept:umfassungsmauer","concept","Umfassungsmauer","Befestigung","","enclosing wall","","","","","","","2","526 663"
"concept:unschlitt","concept","Unschlitt","Rohstoff","Talg","tallow","","","","","","","2","175 636"
"concept:unteres-silur","concept","unteres Silur","Formation","","Lower Silurian","","","","","","","1","28"
"concept:unterirdischer-gang","concept","unterirdischer Gang","Bauwerk","","underground passage","","","","","","","3","468 633"
"concept:untermauer","concept","Untermauer","Bauteil","","foundation wall","","","","","","","1","793"
"concept:untermuehle","concept","Untermühle","Anlage","","Untermühle (lower mill)","","","","","","","2","480 488"
"concept:unterschloesschen","concept","Unterschlösschen","Gebäude","","Lower Schlösschen","","","","","","","1","729"
"concept:urne","concept","Urne","Fundobjekt","","urn (prehistoric burial vessel)","","","","","","","3","312 451 766"
"concept:valentinsmuehle","concept","Valentinsmühle","Anlage","","Valentinsmühle (mill)","","","","","","","1","50"
"concept:verdunstung","concept","Verdunstung","Klima","","evaporation","","","","","","","1","54"
"concept:versumpfung","concept","Versumpfung","Prozess","","waterlogging, swamp formation","","","","","","","2","32 42"
"concept:verwitterung","concept","Verwitterung","Prozess","","weathering","","","","","","","6","26 30 32 33"
"concept:veste","concept","Veste","Bauwerk","","fortress","","","","","","","6","323 361 632 634"
"concept:veste-saalburg","concept","Veste Saalburg","Bauwerk","","Saalburg fortress","","","","","","","1","664"
"concept:veste-treuen","concept","Veste Treuen","Bauwerk","","Treuen fortress","","","","","","","1","365"
"concept:vicareigebaeude","concept","Vicareigebäude","Gebäude","","vicarage building","","","","","","","1","505"
"concept:vicinalweg","concept","Vicinalweg","Verkehrsweg","","local road","","","","","","","12","127 477 517 532 561 660 751 757 759 762 768 814"
"concept:viehmarkt","concept","Viehmarkt","Markt","","livestock market","","","","","","","18","262 640"
"concept:viehstall","concept","Viehstall","Gebäude","","cowshed","","","","","","","4","86 128 608 806"
"concept:viehzucht","concept","Viehzucht","Wirtschaftszweig","","livestock breeding","","","","","","","8","5 232 626 703"
"concept:vitriolwerk","concept","Vitriolwerk","Anlage","","vitriol works","","","","","","","2","712 727"
"concept:vogelbauer","concept","Vogelbauer","Gerät","","birdcage","","","","","","","1","162"
"concept:vogelherd","concept","Vogelherd","Anlage","","fowling place","","","","","","","5","23 84 191 601"
"concept:voigtsberg","concept","Voigtsberg","Bauwerk","","Voigtsberg (castle)","","","","","","","1","356"
"concept:volkmars-hammer","concept","Volkmars-Hammer","Anlage","","Volkmars-Hammer (ironworks, alter Haueisen)","","","","","","","1","726"
"concept:volksbibliothek","concept","Volksbibliothek","Einrichtung","","people's library","","","","","","","1","736"
"concept:vorburg","concept","Vorburg","Bauwerk","","outer bailey","","","","","","","1","635"
"concept:vorwerk","concept","Vorwerk","Anwesen","","outlying farm (Vorwerk)","","","","","","","6","449 461 494 692 759 782"
"concept:vorwerk-laasen","concept","Vorwerk Laasen","Anwesen","","Laasen outlying farm","","","","","","","1","557"
"concept:vorwerk-zoche","concept","Vorwerk Zoche","Anwesen","","Zoche outlying farm","","","","","","","1","557"
"concept:vorwerk-zu-dobareuth","concept","Vorwerk zu Dobareuth","Anwesen","","outlying farm at Dobareuth","","","","","","","1","821"
"concept:vorwerksgebaeude","concept","Vorwerksgebäude","Gebäude","","outlying-farm buildings","","","","","","","2","494 648"
"concept:wachholdersaftbrennerei","concept","Wachholdersaftbrennerei","Anlage","","juniper-juice distillery","","","","","","","1","747"
"concept:wachs","concept","Wachs","Rohstoff","","wax","","","","","","","5","175 235 512 607"
"concept:waffe","concept","Waffe","Waffe","","weapons","","","","","","","2","312 318"
"concept:waffenhammer","concept","Waffenhammer","Anlage","","weapons hammer works","","","","","","","2","246 728"
"concept:waffenrock","concept","Waffenrock","Kleidung","","tunic (military)","","","","","","","1","272"
"concept:wagen","concept","Wagen","Fahrzeug","","wagon; cart","","","","","","","6","166 183 192 207 257 440"
"concept:wahlhof","concept","Wahlhof","Bauwerk","","Wahlhof (legendary castle in the Wahlteich, Hohenleuben)","","","","","","","2","200 635"
"concept:waisen-und-zuchthaus","concept","Waisen- und Zuchthaus","Gebäude","","orphanage and house of correction","","","","","","","1","433"
"concept:waisenhaus","concept","Waisenhaus","Gebäude","","orphanage","","","","","","","10","377 431 435 437 622 624 737"
"concept:waisenhauskirche-zu-gera","concept","Waisenhauskirche zu Gera","Bauwerk","","orphanage church, Gera","","","","","","","1","432"
"concept:wald","concept","Wald","Lebensraum","","forest, woodland","","","","","","","188","4 5 9 15 16 17 22 32 33 40 42 53 59 62 69 71 72 77 79 82 83 85 89 93 120 122 126 146 164 165 166 191 199 202 236 237 240 241 256 267 269 311 312 313 316 317 318 339 418 437 442 448 449 450 457 465 477 479 484 496 500 502 505 518 521 524 529 533 538 555 557 565 570 574 575 598 600 604 608 610 612 613 622 627 633 639 641 642 645 646 648 651 667 670 677 679 681 688 692 694 697 702 706 721 722 724 731 744 745 746 751 754 755 759 760 764 772 773 774 779 780 781 784 785 788 790 801 802 803 805 808 809 814 816 818"
"concept:wald-saugarten","concept","Wald-Saugarten","Lebensraum","","forest boar park (Saugarten laid out 1853, later abandoned)","","","","","","","1","419"
"concept:waldboden","concept","Waldboden","Boden","","forest soil","","","","","","","10","39 72 76 225 241 682 687 775 799"
"concept:walddistrict","concept","Walddistrict","Lebensraum","Waldbezirk","forest district (forestry unit)","","","","","","","4","237 419 552 678"
"concept:waldkirchlein","concept","Waldkirchlein","Bauwerk","","forest chapel","","","","","","","1","804"
"concept:waldrand","concept","Waldrand","Lebensraum","","forest edge","","","","","","","1","29"
"concept:waldschloesschen","concept","Waldschlösschen","Gebäude","","forest lodge (Waldschlösschen)","","","","","","","2","418 594"
"concept:waldteufel","concept","Waldteufel","Spielzeug","","""Waldteufel"" (toy)","","","","","","","1","192"
"concept:walkerei","concept","Walkerei","Anlage","","fulling works","","","","","","","1","724"
"concept:walkmuehle","concept","Walkmühle","Anlage","","fulling mill","","","","","","","7","27 434 593 601 719 728"
"concept:wall","concept","Wall","Befestigung","","rampart; embankment","","","","","","","4","608 633 653 733"
"concept:wallfahrtskapelle","concept","Wallfahrtskapelle","Bauwerk","","pilgrimage chapel","","","","","","","2","421 675"
"concept:wallfahrtskapelle-zu-pottendorf","concept","Wallfahrtskapelle zu Pottendorf","Bauwerk","","pilgrimage chapel at Pottendorf","","","","","","","1","132"
"concept:wallgraben","concept","Wallgraben","Befestigung","","moat; rampart ditch","","","","","","","10","122 425 523 558 639 694 714 801 802 804"
"concept:wallteich","concept","Wallteich","Anlage","","moat pond","","","","","","","2","473 526"
"concept:walzquetschmuehle","concept","Walzquetschmühle","Anlage","","roller crushing mill","","","","","","","1","593"
"concept:wanderschule","concept","Wanderschule","Schulform","","itinerant school","","","","","","","3","296 677"
"concept:wandersteig","concept","Wandersteig","Verkehrsweg","","hiking path","","","","","","","1","538"
"concept:waerme","concept","Wärme","Klima","","warmth, heat","","","","","","","6","53 55 58 70 763"
"concept:warmhaus","concept","Warmhaus","Gebäude","","hothouse","","","","","","","1","439"
"concept:wartthurm","concept","Wartthurm","Bauwerk","","watchtower","","","","","","","6","18 416 490 599 714"
"concept:wasser","concept","Wasser","Rohstoff","","water","","","","","","","30","16 18 39 41 50 53 70 72 120 176 178 179 186 190 191 192 460 515 521 608 622 633 676 692 722"
"concept:wasser-und-windmuehle","concept","Wasser- und Windmühle","Anlage","","water mill and windmill","","","","","","","1","523"
"concept:wassergefaess","concept","Wassergefäß","Hausrat","","water vessel","","","","","","","1","154"
"concept:wassergraben","concept","Wassergraben","Wasserbau","","water ditch; moat","","","","","","","3","480 642 733"
"concept:wasserhebungsmaschine","concept","Wasserhebungsmaschine","Gerät","","water-lifting machine","","","","","","","1","499"
"concept:wasserkraft","concept","Wasserkraft","Rohstoff","","water power","","","","","","","2","244 475"
"concept:wasserkunst","concept","Wasserkunst","Anlage","","waterworks (pumping works)","","","","","","","3","429 433"
"concept:wasserleitung","concept","Wasserleitung","Anlage","","water pipeline","","","","","","","5","269 429 438 719"
"concept:wassermangel","concept","Wassermangel","Ereignis","","water shortage","","","","","","","2","641 676"
"concept:wassermuehle","concept","Wassermühle","Anlage","","water mill","","","","","","","9","541 601 608 610 618 687 690 694 698"
"concept:wasserpumpe","concept","Wasserpumpe","Gerät","","water pump","","","","","","","1","128"
"concept:wasserrad","concept","Wasserrad","Gerät","","water wheel","","","","","","","1","541"
"concept:webstuhl","concept","Webstuhl","Gerät","","loom","","","","","","","3","162 256 303"
"concept:weg","concept","Weg","Verkehrsweg","","path; road","","","","","","","7","72 217 269 601 635 771"
"concept:wehr-zu-zwoetzen","concept","Wehr zu Zwötzen","Wasserbau","","weir at Zwötzen","","","","","","","1","38"
"concept:wehrteich","concept","Wehrteich","Anlage","","weir pond","","","","","","","1","48"
"concept:weibersommer","concept","Weibersommer","Wetter","Altweibersommer","Indian summer (late-summer spell)","","","","","","","1","59"
"concept:weide","concept","Weide","Lebensraum","","pasture, grazing land","","","","","","","9","72 166 232 237 239 598 778"
"concept:wein","concept","Wein","Nahrungsmittel","","wine","","","","","","","11","58 191 199 261 317 345 608 709 731 804"
"concept:weinberg","concept","Weinberg","Lebensraum","| Frequently a field or hill name (Weinberg near Untermhaus, at Langenberg), not necessarily with vines.","vineyard","","","","","","","15","13 58 81 159 346 369 417 418 419 422 427 505 508 512 670"
"concept:weinzone","concept","Weinzone","Klima","","wine zone (altitude zone of viticulture)","","","","","","","1","58"
"concept:weisskers-hammer","concept","Weißkers Hammer","Anlage","","Weißker's hammer works","","","","","","","1","246"
"concept:weizenbau","concept","Weizenbau","Wirtschaftszweig","","wheat growing","","","","","","","1","215"
"concept:werkzeug","concept","Werkzeug","Gerät","","tools","","","","","","","2","312"
"concept:westgiebel-des-westgebaeudes","concept","Westgiebel des Westgebäudes","Bauteil","","west gable of the west building","","","","","","","1","7"
"concept:westthurm","concept","Westthurm","Bauwerk","","west tower","","","","","","","2","6 21"
"concept:westwind","concept","Westwind","Wetter","","west wind","","","","","","","2","64"
"concept:wetter","concept","Wetter","Wetter","","weather","","","","","","","5","54 137 144 184"
"concept:wetter-oder-brueckenhammer","concept","Wetter- oder Brückenhammer","Anlage","","Wetter or Brücken hammer works","","","","","","","2","246 675"
"concept:wetterabruecke","concept","Wetterabrücke","Bauwerk","","bridge over the Wetterau","","","","","","","1","694"
"concept:wetterahammer","concept","Wetterahammer","Anlage","","Wetterahammer (hammer works)","","","","","","","1","31"
"concept:wettermuehle","concept","Wettermühle","Anlage","","Wettermühle (mill)","","","","","","","1","674"
"concept:wetzkumpf","concept","Wetzkumpf","Gerät","","whetstone holder","","","","","","","1","149"
"concept:wiege","concept","Wiege","Hausrat","","cradle","","","","","","","2","152 179"
"concept:wiese","concept","Wiese","Lebensraum","","meadow","","","","","","","115","35 43 71 72 76 81 89 90 121 151 157 166 203 217 218 225 231 270 419 423 437 450 451 457 458 461 465 470 477 479 488 491 497 501 503 508 511 520 521 526 535 543 546 557 558 589 592 600 601 612 615 618 627 629 637 638 642 648 652 657 660 670 675 677 682 683 687 689 692 719 741 743 747 748 751 757 762 766 768 774 778 779 780 781 782 784 788 791 795 801 802 804 806 808 809 814 818 821 823 830"
"concept:wiesenboden","concept","Wiesenboden","Boden","","meadow soil","","","","","","","2","80 795"
"concept:wiesengeraeumde","concept","Wiesengeräumde","Lebensraum","","cleared meadow land (Geräumde)","","","","","","","1","237"
"concept:wiesengrund","concept","Wiesengrund","Lebensraum","","meadow bottom, meadow land","","","","","","","5","478 525 558 822 824"
"concept:wiesenthalbruecke","concept","Wiesenthalbrücke","Bauwerk","","Wiesenthal bridge (Gera)","","","","","","","1","20"
"concept:wind","concept","Wind","Wetter","","wind","","","","","","","16","19 53 59 64 69 77 123 163 164 184 188 207 747"
"concept:windbruch","concept","Windbruch","Ereignis","","windthrow, wind damage to forests","","","","","","","5","237 238"
"concept:windfahne","concept","Windfahne","Bauteil","","weathervane","","","","","","","2","6 62"
"concept:windmuehle","concept","Windmühle","Anlage","","windmill","","","","","","","22","12 13 14 459 521 526 538 541 543 561 567 593 608 615 618 649 658 687 696 736"
"concept:winter","concept","Winter","Klima","","winter (season)","","","","","","","11","41 59 70 82 84 85 180"
"concept:wintermittel","concept","Wintermittel","Klima","","mean winter temperature","","","","","","","2","56"
"concept:wirthschaftsgebaeude","concept","Wirthschaftsgebäude","Gebäude","","farm building","","","","","","","9","137 425 495 523 541 598 670 801 806"
"concept:wirthschaftslocal","concept","Wirthschaftslocal","Gebäude","","farm premises","","","","","","","1","495"
"concept:wirthshaus","concept","Wirthshaus","Gebäude","","tavern; inn","","","","","","","9","146 178 207 600 626 776 779 780 799"
"concept:wirthshaus-zum-weissen-trutz","concept","Wirthshaus zum weißen Trutz","Gebäude","","inn ""Zum weißen Trutz""","","","","","","","4","741 742"
"concept:witterung","concept","Witterung","Wetter","","weather conditions, weathering of the seasons","","","","","","","2","28 62"
"concept:wohnhaus","concept","Wohnhaus","Gebäude","","dwelling house","","","","","","","8","128 351 542 718 743 782 823"
"concept:wohnung","concept","Wohnung","Gebäude","","dwelling","","","","","","","2","137 169"
"concept:wolf","concept","Wolf","Gebäude","","inn ""Zum Wolf""","","","","","","","1","644"
"concept:wolfsbruecke","concept","Wolfsbrücke","Bauwerk","","Wolfsbrücke (bridge)","","","","","","","5","199 416 417 418"
"concept:wolkenbruch","concept","Wolkenbruch","Wetter","","cloudburst","","","","","","","2","452 453"
"concept:wolle","concept","Wolle","Rohstoff","","wool","","","","","","","5","257 261 440 631 653"
"concept:wollengarnspinnerei","concept","Wollengarnspinnerei","Anlage","","woollen yarn spinning mill","","","","","","","2","246 669"
"concept:wollgarnspinnerei","concept","Wollgarnspinnerei","Betrieb","","woollen yarn spinning mill","","","","","","","2","245 727"
"concept:wollspinnerei","concept","Wollspinnerei","Anlage","","wool spinning mill","","","","","","","1","601"
"concept:wuenschelruthe","concept","Wünschelruthe","Gerät","","divining rod","","","","","","","1","191"
"concept:wurst","concept","Wurst","Nahrungsmittel","","sausage","","","","","","","3","153 189 261"
"concept:zainhammer","concept","Zainhammer","Anlage","","bar-iron hammer works","","","","","","","3","246 675 764"
"concept:zaun","concept","Zaun","Anlage","","fence","","","","","","","2","164 302"
"concept:zechenhuette","concept","Zechenhütte","Anlage","","mine-owners' lodge","","","","","","","1","727"
"concept:zechstein","concept","Zechstein","Formation","","Zechstein (geological formation)","","","","","","","6","39 41 45 499"
"concept:zehrwurm","concept","Zehrwurm","Krankheit","","wasting worm (folk disease)","","","","","","","1","173"
"concept:zelt","concept","Zelt","Gerät","","tent","","","","","","","1","312"
"concept:ziegel","concept","Ziegel","Baustoff","","brick; roof tile","","","","","","","76","129 179 252 420 424 425 430 450 452 454 457 466 467 469 470 476 477 482 491 502 505 510 515 520 521 528 534 537 539 541 545 549 552 553 555 558 564 568 580 594 600 602 607 609 611 614 616 619 620 627 634 646 647 654 656 660 663 678 681 690 693 695 698 700 702 724 732 740 750 761 766 767 782 796 824"
"concept:ziegelbrennerei","concept","Ziegelbrennerei","Anlage","","brick kiln","","","","","","","1","477"
"concept:ziegeldachung","concept","Ziegeldachung","Bauteil","","tiled roofing","","","","","","","1","758"
"concept:ziegelei","concept","Ziegelei","Anlage","","brickworks","","","","","","","50","12 13 245 250 426 449 451 452 468 475 476 477 480 488 502 504 506 512 518 519 529 530 551 555 556 560 593 601 615 621 629 644 646 649 660 669 687 690 699 700 703 730 734 736 743 762 768 795 824"
"concept:ziegelei-zu-seligenstaedt","concept","Ziegelei zu Seligenstädt","Anlage","","brickworks at Seligenstädt","","","","","","","1","14"
"concept:ziegelfabrik","concept","Ziegelfabrik","Anlage","","brick factory","","","","","","","2","448 728"
"concept:ziegelhuette","concept","Ziegelhütte","Anlage","","brick kiln","","","","","","","4","568 618 724 740"
"concept:ziegelscheune","concept","Ziegelscheune","Gebäude","","brick barn","","","","","","","1","426"
"concept:zink","concept","Zink","Metall","","zinc","","","","","","","1","430"
"concept:zinn","concept","Zinn","Metall","","tin","","","","","","","5","129 243 245 651 664"
"concept:zippenbusch-ziegelei","concept","Zippenbusch-Ziegelei","Anlage","","Zippenbusch brickworks","","","","","","","1","14"
"concept:zodiakallicht","concept","Zodiakallicht","Wetter","","zodiacal light","","","","","","","1","66"
"concept:zucht-und-waisenhaus","concept","Zucht- und Waisenhaus","Gebäude","","house of correction and orphanage","","","","","","","1","380"
"concept:zuchthaus","concept","Zuchthaus","Gebäude","","house of correction","","","","","","","1","716"
"concept:zuckerduete","concept","Zuckerdüte","Brauchtumsgegenstand","","cone of sweets","","","","","","","1","180"
"concept:zugbruecke","concept","Zugbrücke","Bauwerk","","drawbridge","","","","","","","3","523 633 653"
"concept:zuendnadelgewehr","concept","Zündnadelgewehr","Waffe","","needle gun","","","","","","","1","272"
"concept:zwing-und-schutzburg","concept","Zwing- und Schutzburg","Bauwerk","","stronghold and protective castle","","","","","","","1","663"
"concept:zwinger","concept","Zwinger","Befestigung","","outer ward (Zwinger)","","","","","","","1","663"
"concept:zwirn","concept","Zwirn","Erzeugnis","","thread","","","","","","","1","261"
"nature:aga","nature","Aga","Fluss","","Aga stream","","","","","","","8","53 75 521 523 525"
"nature:agaer-hochebene","nature","Agaer Hochebene","Plateau","","Aga plateau","","","","","","","1","517"
"nature:agamulde","nature","Agamulde","Tal","","Aga basin","","","","","","","3","408 528"
"nature:agnesquelle","nature","Agnesquelle","Quelle","","Agnesquelle (spring of the Lobenstein spa, opened 1868)","","","","","","","1","44"
"nature:ahornhoehe","nature","Ahornhöhe","Höhe","","Ahornhöhe (heights)","","","","","","","2","690"
"nature:albrechtsberg","nature","Albrechtsberg","Berg","","Albrechtsberg (hill)","","","","","","","2","249 250"
"nature:allerbachin","nature","Allerbachin","Flur","","Allerbachin (meadow)","","","","","","","1","736"
"nature:alte-elster","nature","Alte Elster","Altarm","","Old Elster (oxbow)","","","","","","","2","477"
"nature:alte-fichte","nature","Alte Fichte","Höhenpunkt","","survey point","","","","","","","1","14"
"nature:angerteich","nature","Angerteich","Teich","","Angerteich (pond)","","","","","","","1","553"
"nature:arlasbach","nature","Arlasbach","Bach","","Arlasbach stream","","","","","","","1","804"
"nature:arlaswald","nature","Arlaswald","Wald","","Arlaswald (forest near Arlas)","","","","","","","2","803 804"
"nature:asbach","nature","Asbach","Bach","","Asbach stream","","","","","","","2","766"
"nature:aubach","nature","Aubach","Bach","","Aubach stream","","","","","","","16","46 48 200 244 743 786 803 817 819 823"
"nature:augensee","nature","Augensee","Teich","","Augensee (pond)","","","","","","","1","606"
"nature:augrund","nature","Augrund","Tal","","Augrund (valley)","","","","","","","1","461"
"nature:auleitenbach","nature","Auleitenbach","Bach","","Auleitenbach stream","","","","","","","1","47"
"nature:auma","nature","Auma","Fluss","","Auma river","","2954047","Q383426","","50.77623","12.06222","1","50"
"nature:bailesbach","nature","Bailesbach","Bach","","Bailesbach stream","","","","","","","4","48 590"
"nature:baltisches-meer","nature","Baltisches Meer","Urmeer","","Baltic Sea (geological)","","","","","","","1","40"
"nature:baerengraben","nature","Bärengraben","Graben","","Bärengraben (gully)","","","","","","","1","470"
"nature:baerengrund","nature","Bärengrund","Tal","","Bärengrund (valley at Ullersreuth)","","","","","","","1","805"
"nature:bauernholz","nature","Bauernholz","Wald","","Bauernholz (wood at Untermhaus)","","","","","","","1","418"
"nature:bergbach","nature","Bergbach","Bach","","Bergbach stream","","","","","","","1","618"
"nature:bergholz","nature","Bergholz","Berg","","Holzberg (Bergholz), hill west-north-west of Frankendorf","","","","","","","1","23"
"nature:bergteich","nature","Bergteich","Teich","","Bergteich (pond)","","","","","","","1","618"
"nature:bettelholz","nature","Bettelholz","Wald","","Bettelholz (wood, field name)","","","","","","","1","750"
"nature:betzenbach","nature","Betzenbach","Bach","","Betzenbach stream","","","","","","","1","204"
"nature:binnenbach","nature","Binnenbach","Bach","","Binnenbach stream","","","","","","","2","660"
"nature:birkicht","nature","Birkicht","Wald","","Birkicht (birch copse; common field name)","","","","","","","2","469 705"
"nature:blauer-berg","nature","Blauer Berg","Berg","","Blauer Berg (hill)","","","","","","","1","10"
"nature:bodenhoehe","nature","Bodenhöhe","Berg","","Bodenhöhe (height)","","","","","","","1","22"
"nature:bornfluss","nature","Bornfluss","Flur","","Bornfluß (field name)","","","","","","","1","483"
"nature:borngraben","nature","Borngraben","Graben","","Borngraben (gully)","","","","","","","1","518"
"nature:borngrund","nature","Borngrund","Tal","","Borngrund (valley)","","","","","","","2","52 418"
"nature:bornthal","nature","Bornthal","Tal","Borntal","Bornthal (valley)","","","","","","","8","52 53 505 517 518 568"
"nature:borstenberg","nature","Borstenberg","Berg","","Borstenberg (hill)","","","","","","","1","249"
"nature:brambach","nature","Brambach","Bach","","Brambach stream","","","","","","","12","51 52 53 424 539 542 543 546 547 548 549"
"nature:braemsegrund","nature","Brämsegrund","Tal","","Brämsegrund (also Kerbe, Schwaaragrund) near Zschippach","","","","","","","3","53"
"nature:bramthal","nature","Bramthal","Tal","Bramtal","Bramthal valley","","","","","","","21","10 11 37 38 39 43 198 408 424 425 528 539 543 545 546 549 553 557"
"nature:brand","nature","Brand","Berg","","Brand (hill)","","","","","","","2","20 47"
"nature:brand-sassenhochebene","nature","Brand-Sassenhochebene","Hochebene","","Brand-Sassen plateau","","","","","","","1","794"
"nature:braunhoelzer","nature","Braunhölzer","Wald","","Braunhölzer (woods, field name)","","","","","","","1","680"
"nature:breitenwiesenteich","nature","Breitenwiesenteich","Teich","","Breitenwiesenteich (pond)","","","","","","","1","618"
"nature:briete","nature","Briete","Bach","","Briete stream","","","","","","","1","51"
"nature:brosteich","nature","Brosteich","Teich","","Brosteich (pond)","","","","","","","1","608"
"nature:brueckenholz","nature","Brückenholz","Wald","","Brückenholz (wood near a deserted village)","","","","","","","1","747"
"nature:buchbach","nature","Buchbach","Bach","","Buchbach stream","","","","","","","2","770 771"
"nature:buchberg","nature","Buchberg","Berg","","Buchberg (hill)","","","","","","","1","655"
"nature:buchhuegel","nature","Buchhügel","Berg","","Buchhügel (hill)","","","","","","","4","29 30 245 592"
"nature:buckel","nature","Buckel","Berg","","Buckel (hill)","","","","","","","1","23"
"nature:buehl","nature","Bühl","Berg","","Bühl (hill)","","","","","","","4","23 594 626 824"
"nature:burgteich","nature","Burgteich","Teich","","Burgteich (pond)","","","","","","","1","608"
"nature:burgwald","nature","Burgwald","Wald","","Burgwald (forest)","","","","","","","2","49 608"
"nature:burkersdorfer-auwasser","nature","Burkersdorfer Auwasser","Bach","","Burkersdorf stream","","","","","","","1","50"
"nature:burkertsholz","nature","Burkertsholz","Wald","","Burkertsholz (Birkertsholz; wood with the 'Gerichtstanne')","","","","","","","2","677"
"nature:collisbaechlein","nature","Collisbächlein","Bach","","Collisbächlein stream","","","","","","","1","648"
"nature:collisberg","nature","Collisberg","Berg","","Collisberg (hill)","","","","","","","3","10 14 561"
"nature:colliser-thal","nature","Colliser Thal","Tal","","Colliser Thal (valley of the Pfortenbach near Collis)","","","","","","","1","52"
"nature:collisgrund","nature","Collisgrund","Tal","","Collisgrund (valley)","","","","","","","1","562"
"nature:cossen-forst","nature","Cossen-Forst","Wald","","Cossen forest","","","","","","","1","218"
"nature:cossengraben","nature","Cossengraben","Graben","","Cossengraben (gully)","","","","","","","1","418"
"nature:culm","nature","Culm","Berg","","Culm (hill)","","","","","","","3","14 596 597"
"nature:culmberg","nature","Culmberg","Berg","","Culmberg (hill)","","","","","","","3","545 568 666"
"nature:dachsgraben","nature","Dachsgraben","Graben","","Dachsgraben (gully)","","","","","","","1","518"
"nature:delschig","nature","Delschig","Berg","","Delschig (hill)","","","","","","","1","10"
"nature:delzschteich","nature","Delzschteich","Teich","","Delzschteich (pond)","","","","","","","1","618"
"nature:desse","nature","Desse","Bach","","Desse stream","","","","","","","4","51 485 487 489"
"nature:dessegrund","nature","Dessegrund","Tal","","Dessegrund (valley)","","","","","","","2","45 69"
"nature:dickenberg","nature","Dickenberg","Berg","","Dickenberg (hill)","","","","","","","1","473"
"nature:diebsweg","nature","Diebsweg","Höhenzug","","Diebsweg (ridge)","","","","","","","1","16"
"nature:dienstbach","nature","Dienstbach","Bach","","Dienstbach stream","","","","","","","1","47"
"nature:dittersdorfer-hoehe","nature","Dittersdorfer Höhe","Höhe","","Dittersdorf heights","","","","","","","1","23"
"nature:dobareuther-und-ullersreuther-tal","nature","Dobareuther und Ullersreuther Tal","Tal","","Dobareuth and Ullersreuth valleys","","","","","","","1","27"
"nature:donau","nature","Donau","Fluss","","Danube river","","","Q1653","","","","1","312"
"nature:dorfa","nature","Dorfa","Bach","","Dorfa stream","","","","","","","3","619 622"
"nature:dornbach","nature","Dornbach","Bach","","Dornbach stream","","","","","","","4","47 244 669 676"
"nature:dornbachsgrund","nature","Dornbachsgrund","Tal","","Dornbachsgrund (valley of the Dornbach near Kulm)","","","","","","","1","675"
"nature:duerrenbachsgrund","nature","Dürrenbachsgrund","Tal","","Dürrenbachsgrund (valley of the Dürrenbach)","","","","","","","1","773"
"nature:duerrenberg","nature","Dürrenberg","Berg","","Dürrenberg (hill)","","","","","","","5","207 249 492 494"
"nature:duerrenbergsgraeben","nature","Dürrenbergsgräben","Bach","","Dürrenberg ditches","","","","","","","1","52"
"nature:duerrenthalsbach","nature","Dürrenthalsbach","Bach","","Dürrenthalsbach stream","","","","","","","2","48 596"
"nature:ebersberg","nature","Ebersberg","Berg","","Ebersberg (hill)","","","","","","","7","21 23 29 47 684 700 702"
"nature:ebersdorfer-forst","nature","Ebersdorfer Forst","Wald","","Ebersdorf forest","","","","","","","1","727"
"nature:ebersdorfer-muckenberg","nature","Ebersdorfer Muckenberg","Berg","","Ebersdorfer Muckenberg (hill)","","2933914","Q30791400","","50.45","11.68333","4","23 34 727"
"nature:eger","nature","Eger","Fluss","","Eger river","","","","","","","2","312 314"
"nature:eibener-wald","nature","Eibener Wald","Wald","","Eibener Wald (forest near Eiben)","","","","","","","1","819"
"nature:eichberg","nature","Eichberg","Berg","","Eichberg (hill)","","","","","","","8","10 14 249 470 494 513 549"
"nature:eichelbach","nature","Eichelbach","Bach","","Eichelbach stream","","","","","","","1","611"
"nature:eichelsee","nature","Eichelsee","Teich","","Eichelsee (pond)","","","","","","","1","553"
"nature:eichelsteich","nature","Eichelsteich","Teich","","Eichelsteich (pond)","","","","","","","1","524"
"nature:eichert","nature","Eichert","Berg","","Eichert (Eichart), hill near Saalburg","","","","","","","1","672"
"nature:eichert-eichhart","nature","Eichert (Eichhart)","Wald","","","","","","","","","3","671"
"nature:eichleite","nature","Eichleite","Berg","","Eichleite (slope)","","","","","","","2","237 786"
"nature:eisbrunnen","nature","Eisbrunnen","Quelle","","Eisbrunnen (spring)","","","","","","","2","46 49"
"nature:elbe","nature","Elbe","Fluss","","Elbe river","","","Q1644","","","","8","4 312 314 315 316 322"
"nature:elbgebiet","nature","Elbgebiet","Flussgebiet","","Elbe basin","","","Q12046596","","","","1","41"
"nature:eleonorenthal","nature","Eleonorenthal","Tal","Eleonorental","Eleonorenthal (valley near Gera)","","","","","","","1","10"
"nature:eliasbrunner-pyramide","nature","Eliasbrunner Pyramide","Berg","","Eliasbrunn pyramid (hill)","","","","","","","1","753"
"nature:elschbach","nature","Elschbach","Bach","","Elschbach stream","","","","","","","3","42 48 622"
"nature:elschnitzbach","nature","Elschnitzbach","Bach","","Elschnitzbach stream","","","","","","","3","42 48 600"
"nature:elstergebirge","nature","Elstergebirge","Gebirge","","Elster Mountains","","","","","","","2","4 50"
"nature:elsterthal","nature","Elsterthal","Tal","Elstertal","Elster valley","","2930683","","","50.85","12.08333","34","9 10 15 38 41 57 58 61 64 75 301 311 408 415 425 427 450 476 478 479 494 505 513"
"nature:entensee","nature","Entensee","Teich","","Entensee (pond)","","","","","","","5","43 618 622"
"nature:erdbuehl","nature","Erdbühl","Berg","","Erdbühl (hill)","","","","","","","1","622"
"nature:erlbach","nature","Erlbach","Bach","","Erlbach stream","","","","","","","11","41 42 51 407 476 477 478 479 485 487"
"nature:erlbachsgrund","nature","Erlbachsgrund","Tal","","Erlbachsgrund (valley of the Erlbach near Milbitz)","","","","","","","1","478"
"nature:erlbachsthal","nature","Erlbachsthal","Tal","","Erlbach valley","","","","","","","4","86 408 481 483"
"nature:erlich","nature","Erlich","Wald","","Erlich (alder copse; field name)","","","","","","","1","659"
"nature:ernseer-berg","nature","Ernseer Berg","Berg","","Ernsee hill","","","","","","","1","473"
"nature:ernseer-forst","nature","Ernseer Forst","Wald","","Ernsee forest","","","","","","","2","85 218"
"nature:ernseer-hoehe","nature","Ernseer Höhe","Berg","","Ernsee height","","","","","","","1","78"
"nature:erzgebirge","nature","Erzgebirge","Gebirge","","Ore Mountains","","","Q4198","","","","7","20 634 684 695 702 749 785"
"nature:eselsberg","nature","Eselsberg","Berg","","Eselsberg (hill)","","","","","","","3","449 672"
"nature:eulengraben","nature","Eulengraben","Tal","","Eulengraben (gully)","","","","","","","1","78"
"nature:falker-grund","nature","Falker Grund","Tal","","valley of Falke","","","","","","","1","10"
"nature:fichteberg","nature","Fichteberg","Berg","","Fichteberg (hill)","","2926984","Q30755588","","50.44579","11.47148","4","4 17 706 773"
"nature:fichtelberg","nature","Fichtelberg","Berg","","Fichtelberg (hill)","","","","","","","1","702"
"nature:fichtelgebirge","nature","Fichtelgebirge","Gebirge","","Fichtelgebirge (mountains)","","","Q157728","","","","14","4 9 17 18 46 59 312 318 634 684 702 785"
"nature:filzig","nature","Filzig","Berg","","Filzig (hill)","","","","","","","1","596"
"nature:finkenberg","nature","Finkenberg","Berg","","Finkenberg (hill)","","","","","","","2","774"
"nature:fleisch-und-maerzeichbaechlein","nature","Fleisch- und Märzeichbächlein","Bach","","Fleisch and Märzeich streams","","","","","","","1","48"
"nature:forellenbach","nature","Forellenbach","Bach","","Forellenbach stream","","","","","","","4","41 51 125 485"
"nature:forstbach","nature","Forstbach","Bach","","Forstbach stream","","","","","","","2","47"
"nature:foerthnerberg","nature","Förthnerberg","Berg","","Förthnerberg (hill)","","","","","","","1","22"
"nature:frankenteich","nature","Frankenteich","Teich","","Frankenteich (pond)","","","","","","","1","613"
"nature:frankenwald","nature","Frankenwald","Gebirge","","Franconian Forest (mountain range)","","2925544","Q282737","","50.30595","11.57675","66","4 9 16 17 18 24 41 45 49 57 59 70 78 79 81 82 85 127 132 139 155 157 194 197 198 205 214 215 237 241 242 256 276 294 318 695 702 706 707 711 721 770 772 774 775 776 778 780 782 783 785"
"nature:franzensberg","nature","Franzensberg","Berg","","Franzensberg (hill)","","","","","","","3","32 33 247"
"nature:frauenberg","nature","Frauenberg","Berg","","Frauenberg (hill)","","","","","","","3","32 597"
"nature:friedrichsberg","nature","Friedrichsberg","Berg","","Friedrichsberg (hill)","","","","","","","2","14 482"
"nature:friesa","nature","Friesa","Bach","","Friesa stream","","","","","","","5","31 34 48 732 742"
"nature:friesauer-grundbach","nature","Friesauer Grundbach","Bach","","Friesau stream","","","","","","","1","49"
"nature:frisches-haff","nature","Frisches Haff","Haff","","Vistula Lagoon (Frisches Haff)","","","","","","","1","358"
"nature:froessener-bach","nature","Frössener Bach","Bach","","Frössen stream","","","","","","","1","800"
"nature:froessner-hoehe","nature","Frössner Höhe","Höhe","","Frössen heights","","","","","","","1","23"
"nature:fuchsberg","nature","Fuchsberg","Berg","","Fuchsberg (hill)","","","","","","","4","10 37 449 775"
"nature:galgenberg","nature","Galgenberg","Berg","","Galgenberg (hill)","","","","","","","12","10 14 34 38 39 424 426 477 480 494"
"nature:gallenberg","nature","Gallenberg","Berg","","Gallenberg (hill)","","","","","","","1","21"
"nature:gaensebuehl","nature","Gänsebühl","Berg","","Gänsebühl (hill)","","2922668","Q30709001","","50.4","11.68333","1","786"
"nature:gebind","nature","Gebind","Berg","","Gebind (hill)","","","","","","","1","494"
"nature:geheeg","nature","Geheeg","Berg","","Geheeg (hill near Lobenstein)","","","","","","","2","23 786"
"nature:gehurne-gehoern","nature","Gehurne (Gehörn)","Wald","","Gehurne or Gehörn (half of the Pöllwitzer Wald)","","","","","","","1","648"
"nature:geiersberg","nature","Geiersberg","Berg","","Geiersberg (hill)","","","","","","","7","10 23 34 38 39 248"
"nature:geiershuegel","nature","Geiershügel","Berg","","Geiershügel (hill)","","","","","","","3","24 49 750"
"nature:geierskopf","nature","Geierskopf","Berg","","Geierskopf (hill)","","","","","","","1","485"
"nature:geisla","nature","Geisla","Berg","","Geisla (hill)","","","","","","","2","35 606"
"nature:geissengraben","nature","Geissengraben","Graben","","Geissengraben (gully)","","","","","","","1","250"
"nature:gemaessgrund","nature","Gemäßgrund","Tal","","Gemäßgrund (valley near Neundorf)","","","","","","","1","780"
"nature:geraberg","nature","Geraberg","Berg","","Geraberg (hill)","","","","","","","2","203 480"
"nature:geraer-berg","nature","Geraer Berg","Berg","","Gera hill (Geraer Berg)","","","","","","","2","424 473"
"nature:geraer-stadtwald","nature","Geraer Stadtwald","Wald","","Gera town forest","","","","","","","1","448"
"nature:gerbersgraben","nature","Gerbersgraben","Graben","","Gerbersgraben (gully)","","","","","","","1","449"
"nature:gerischbach","nature","Gerischbach","Bach","","Gerischbach stream","","","","","","","1","47"
"nature:gickersberg","nature","Gickersberg","Berg","","Gickersberg (hill)","","","","","","","1","477"
"nature:gittersberg","nature","Gittersberg","Berg","","Gittersberg (hill)","","","","","","","2","10 513"
"nature:glashuegel","nature","Glashügel","Berg","","Glashügel (hill)","","","","","","","1","774"
"nature:gleissberg","nature","Gleißberg","Berg","","Gleißberg (hill)","","","","","","","1","369"
"nature:gold-und-himmelsbrunnen","nature","Gold- und Himmelsbrunnen","Quelle","","Gold and Himmel springs","","","","","","","1","491"
"nature:goldbach","nature","Goldbach","Bach","","Goldbach stream","","","","","","","11","47 48 626 700 703 704 741"
"nature:goldthalwasser","nature","Goldthalwasser","Bach","","Goldthal stream","","","","","","","2","52 494"
"nature:goeritzbach","nature","Göritzbach","Bach","","Göritzbach stream","","","","","","","1","805"
"nature:goeritzer-hoehe","nature","Göritzer Höhe","Höhe","","Göritz heights","","","","","","","1","807"
"nature:goeritzgrund","nature","Göritzgrund","Tal","","Göritzgrund (valley near Ullersreuth)","","","","","","","1","805"
"nature:goerlitz","nature","Görlitz","Bach","","Görlitz stream","","","","","","","2","34 50"
"nature:goerlitz-huehnerbach","nature","Görlitz (Hühnerbach)","Bach","","Görlitz (brook)","","","","","","","4","119 121 664 829"
"nature:goerlitzbach","nature","Görlitzbach","Bach","","Görlitzbach stream","","","","","","","2","462 467"
"nature:goessenthal","nature","Gössenthal","Tal","","Gössen valley","","","","","","","1","450"
"nature:goettengruener-thal","nature","Göttengrüner Thal","Tal","Göttengrüner Tal","valley at Göttengrün","","","","","","","1","793"
"nature:goettenwald","nature","Göttenwald","Wald","","Göttenwald (forest near Göttendorf)","","","","","","","1","647"
"nature:gottesholz","nature","Gottesholz","Wald","","Gottesholz (church-owned wood parcel)","","","","","","","1","685"
"nature:goetzenteiche","nature","Götzenteiche","Teich","","Götzenteiche (ponds)","","","","","","","1","608"
"nature:graefenwarther-forst","nature","Gräfenwarther Forst","Wald","","Gräfenwarth forest","","","","","","","2","85 664"
"nature:graefenwarther-waesserlein","nature","Gräfenwarther Wässerlein","Bach","","Gräfenwarth stream","","","","","","","1","47"
"nature:graubach","nature","Graubach","Bach","","Graubach stream","","","","","","","1","776"
"nature:grauer-affe","nature","Grauer Affe","Berg","","Grauer Affe (hill)","","","","","","","1","34"
"nature:grauer-berg","nature","Grauer Berg","Berg","","Grauer Berg (hill)","","","","","","","1","594"
"nature:grieshuebel","nature","Grieshübel","Berg","","Grieshübel (hill)","","","","","","","1","677"
"nature:grosser-heinrichsbusch","nature","Großer Heinrichsbusch","Wald","","Großer Heinrichsbusch (wood near Wüstendittersdorf)","","","","","","","1","29"
"nature:grosser-rosenbaum","nature","Großer Rosenbaum","Bach","","Great Rosenbaum stream","","","","","","","1","45"
"nature:grosser-schweinsberg","nature","Großer Schweinsberg","Berg","","Großer Schweinsberg (hill)","","","","","","","1","23"
"nature:grosser-silberberg","nature","Großer Silberberg","Berg","","Großer Silberberg (hill)","","2915996","Q30659083","","50.50758","11.53764","1","23"
"nature:grosser-stein","nature","Großer Stein","Berg","","Großer Stein (hill)","","","","","","","1","10"
"nature:grubenbach","nature","Grubenbach","Bach","","Grubenbach stream","","","","","","","2","47 684"
"nature:grumbach","nature","Grumbach","Bach","","Grumbach stream","","","","","","","2","45 776"
"nature:gruena","nature","Grüna","Bach","","Grüna stream","","","","","","","3","47 694 697"
"nature:gruenberg","nature","Grünberg","Wald","","Grünberg (woodland)","","","","","","","1","694"
"nature:gruenhoelzer","nature","Grünhölzer","Wald","","Grünhölzer (woods, field name)","","","","","","","1","680"
"nature:grunsenbach","nature","Grunsenbach","Bach","","Grunsenbach stream","","","","","","","1","45"
"nature:guelde","nature","Gülde","Bach","","Gülde stream","","","","","","","6","41 43 50 606 608 609"
"nature:gumlitzberg","nature","Gumlitzberg","Berg","","Gumlitzberg (hill)","","","","","","","1","558"
"nature:gummelbach","nature","Gummelbach","Bach","","Gummelbach stream","","","","","","","2","48 596"
"nature:hackenbach","nature","Hackenbach","Bach","","Hackenbach stream","","","","","","","3","45 48"
"nature:hainbach","nature","Hainbach","Bach","","Hainbach stream","","","","","","","1","52"
"nature:hainbaechlein","nature","Hainbächlein","Bach","","Hainbächlein stream","","","","","","","2","48 563"
"nature:hainberg","nature","Hainberg","Berg","","Hainberg (hill at Gera)","","","","","","","20","38 39 76 78 81 203 248 415 416 418 448 450 639"
"nature:hainholz","nature","Hainholz","Wald","","Hainholz (wood, field name)","","","","","","","1","518"
"nature:hainteichen","nature","Hainteichen","Teich","","Hainteiche (ponds)","","","","","","","1","75"
"nature:harpersdorfer-grund","nature","Harpersdorfer Grund","Tal","","Harpersdorfer Grund (valley near Niederndorf)","","","","","","","1","485"
"nature:harraer-auwasser","nature","Harraer Auwasser","Bach","","Harra stream","","","","","","","1","48"
"nature:hart","nature","Hart","Berg","","Hart (forest)","","2910149","Q30622296","","50.83648","11.99033","5","14 82 473 480 644"
"nature:hartebruch","nature","Hartebruch","Berg","| Listed among the elevation points of the Frankenwald.","Hartebruch, elevation point near Ebersdorf","","","","","","","1","23"
"nature:hartmannsberg","nature","Hartmannsberg","Berg","","Hartmannsberg (hill)","","2910056","Q30621242","","50.47874","11.6752","2","732"
"nature:hartmannsbruch","nature","Hartmannsbruch","Berg","| Listed among the elevation points.","Hartmannsbruch, elevation point near Ebersdorf","","","","","","","1","23"
"nature:hartmannsdorfer-bach","nature","Hartmannsdorfer Bach","Bach","","Hartmannsdorf stream","","","","","","","1","52"
"nature:harz","nature","Harz","Gebirge","","Harz Mountains","","","Q4186","","","","1","33"
"nature:haeselichsbach","nature","Häselichsbach","Bach","","Häselichsbach stream","","","","","","","2","49 754"
"nature:haesigsholz","nature","Häsigsholz","Wald","","Häsigsholz (wood near Hohenleuben)","","","","","","","1","646"
"nature:haesselsberg","nature","Hässelsberg","Berg","","Hässelsberg (hill)","","","","","","","1","14"
"nature:hasslerberg","nature","Hasslerberg","Berg","","Hasslerberg (hill)","","","","","","","1","713"
"nature:hatzenberg","nature","Hatzenberg","Berg","","Hatzenberg (hill)","","2909208","Q30779667","","50.49667","11.74504","3","666 672 677"
"nature:hausberg","nature","Hausberg","Berg","","Hausberg (hill)","","","","","","","13","10 137 199 415 425 510 512 513 514"
"nature:heerberg","nature","Heerberg","Berg","","Heerberg (hill)","","","","","","","5","9 37 39 456"
"nature:hegeholz","nature","Hegeholz","Wald","","Hegeholz (wood, field name)","","","","","","","1","635"
"nature:heideberg","nature","Heideberg","Berg","","Heideberg (hill)","","","","","","","1","24"
"nature:heidelberg","nature","Heidelberg","Berg","","Heidelberg (hill)","","","","","","","1","461"
"nature:heiliger-berg","nature","Heiliger Berg","Berg","","Holy Hill (Heiliger Berg)","","","","","","","3","626 627"
"nature:heineberg","nature","Heineberg","Berg","","Heineberg (hill)","","","","","","","2","26 33"
"nature:heinrichsbusch","nature","Heinrichsbusch","Berg","","Heinrichsbusch (hill, also Schweinsberg)","","","","","","","1","590"
"nature:heinrichstein","nature","Heinrichstein","Fels","","Heinrichstein (rock)","","2907212","Q30761628","","50.46667","11.66667","7","23 81 727 729 827"
"nature:heinzethal","nature","Heinzethal","Tal","Heinzetal","Heinzethal","","","","","","","1","13"
"nature:heinzethalbaechlein","nature","Heinzethalbächlein","Bach","","Heinzethalbächlein stream","","","","","","","1","52"
"nature:hellberg","nature","Hellberg","Berg","","Hellberg (hill)","","","","","","","1","10"
"nature:hempelsquelle","nature","Hempelsquelle","Quelle","","Hempelsquelle (spring)","","","","","","","1","69"
"nature:henkersfleck","nature","Henkersfleck","Berg","","Henkersfleck (hill)","","","","","","","1","18"
"nature:henneberg","nature","Henneberg","Berg","","Henneberg (hill)","","2906384","Q30755798","","50.49861","11.50837","2","199 766"
"nature:hercynischer-gebirgszug","nature","Hercynischer Gebirgszug","Gebirge","","Hercynian mountain range","","","","","","","3","3 127 312"
"nature:hetschenbach","nature","Hetschenbach","Bach","","Hetschenbach stream","","","","","","","2","47"
"nature:hetschenbachsgruendchen","nature","Hetschenbachsgründchen","Tal","","little valley of the Hetschenbach","","","","","","","1","794"
"nature:hirschberger-haag","nature","Hirschberger Haag","Wald","","Hirschberg forest (Haag)","","","","","","","1","27"
"nature:hirschgraben","nature","Hirschgraben","Bach","","Hirschgraben stream","","","","","","","2","52 503"
"nature:hirschholz","nature","Hirschholz","Wald","","Hirschholz (wood, field name)","","","","","","","1","683"
"nature:hirschkopf","nature","Hirschkopf","Berg","","Hirschkopf (hill)","","","","","","","1","23"
"nature:hirza","nature","Hirza","Berg","","Hirza (hill)","","","","","","","1","750"
"nature:hochfels","nature","Hochfels","Fels","","Hochfels (rock cone)","","","","","","","3","807 808"
"nature:hoeh-oder-heidekoppe","nature","Höh- oder Heidekoppe","Berg","","Höhkoppe / Heidekoppe (hill)","","","","","","","1","766"
"nature:hohe-leite","nature","Hohe Leite","Berg","","Hohe Leite (slope)","","","","","","","1","476"
"nature:hohe-tanne","nature","Hohe Tanne","Berg","","Hohe Tanne (hill)","","","","","","","1","6"
"nature:hohendoerfer-hoehe","nature","Hohendörfer Höhe","Höhe","","Hohendorf heights","","","","","","","1","23"
"nature:hohenleubener-plateau","nature","Hohenleubener Plateau","Plateau","","Hohenleuben plateau","","","","","","","1","20"
"nature:hoher-berg","nature","Hoher Berg","Berg","","Hoher Berg (hill)","","","","","","","1","766"
"nature:hoher-buehl","nature","Hoher Bühl","Berg","","Hoher Bühl (hill)","","","","","","","1","824"
"nature:hohes-roh","nature","Hohes Roh","Berg","","Hohes Roh (hill)","","","","","","","2","31 34"
"nature:hoellenbrunnen","nature","Höllenbrunnen","Quelle","","Höllenbrunnen (spring)","","","","","","","1","491"
"nature:hoellenthal","nature","Höllenthal","Tal","","Höllenthal (valley)","","8260434","Q49816691","","50.3822","11.69156","2","720 784"
"nature:holz-eichenstein","nature","Holz Eichenstein","Wald","","Holz Eichenstein (wood bought by the Blankenberg family)","","","","","","","1","784"
"nature:holzberg","nature","Holzberg","Berg","","Holzberg (hill)","","","","","","","2","23 34"
"nature:honigberg","nature","Honigberg","Berg","","Honigberg (hill)","","","","","","","1","677"
"nature:huehnerbach","nature","Hühnerbach","Bach","","Hühnerbach stream","","","","","","","1","611"
"nature:hummelberg","nature","Hummelberg","Berg","","Hummelberg (hill)","","","","","","","2","478 479"
"nature:hummelgraben","nature","Hummelgraben","Graben","","Hummelgraben (gully)","","","","","","","1","549"
"nature:hundeberg","nature","Hundeberg","Berg","","Hundeberg (hill)","","","","","","","1","489"
"nature:hundhauptner-wasser","nature","Hundhauptner Wasser","Bach","","Hundhaupten stream","","","","","","","1","467"
"nature:huenenberg","nature","Hünenberg","Berg","","Hünenberg (hill)","","","","","","","4","765 766"
"nature:hungerberg","nature","Hungerberg","Berg","","Hungerberg (hill)","","","","","","","1","23"
"nature:igelsbach","nature","Igelsbach","Bach","","Igelsbach stream","","","","","","","2","660"
"nature:igelsberg","nature","Igelsberg","Berg","","Igelsberg (hill)","","","","","","","1","622"
"nature:igelsdorfer-wald","nature","Igelsdorfer Wald","Wald","","Igelsdorfer Wald (forest at Igelsdorf)","","","","","","","1","622"
"nature:ilmbach","nature","Ilmbach","Bach","","Ilmbach stream","","","","","","","1","761"
"nature:ilmer-huegel","nature","Ilmer Hügel","Berg","","Ilma hill","","","","","","","1","761"
"nature:ilmgrund","nature","Ilmgrund","Tal","","Ilmgrund (valley of a small brook near Gefell)","","","","","","","1","762"
"nature:joachimsberg","nature","Joachimsberg","Berg","","Joachimsberg (hill)","","","","","","","1","11"
"nature:jocusbach","nature","Jocusbach","Bach","","Jocusbach stream","","","","","","","1","47"
"nature:judenbach","nature","Judenbach","Bach","","Judenbach stream","","","","","","","2","42 655"
"nature:jungfernzechenwaesserlein","nature","Jungfernzechenwässerlein","Bach","","Jungfernzechenwässerlein stream","","","","","","","2","46 729"
"nature:kaimberger-waesserlein","nature","Kaimberger Wässerlein","Bach","","Kaimberg stream","","","","","","","2","451 562"
"nature:kaelbetenholz","nature","Kälbetenholz","Wald","","Kälbetenholz (wood, field name)","","","","","","","1","750"
"nature:kalch","nature","Kalch","Berg","","Kalch (hill)","","","","","","","1","33"
"nature:kalkbach","nature","Kalkbach","Bach","","Kalkbach stream","","","","","","","1","47"
"nature:kalligsholz","nature","Kalligsholz","Wald","","Kalligsholz (wood, field name)","","","","","","","1","746"
"nature:kalter-brunn","nature","Kalter Brunn","Quelle","","Kalter Brunn (spring, field name)","","","","","","","1","757"
"nature:kaemmerawald","nature","Kämmerawald","Wald","","Kämmerawald (forest near Tanna, source area of the Wettera)","","","","","","","3","47 570 686"
"nature:kanigsberg","nature","Kanigsberg","Berg","","Kanigsberg (hill)","","","","","","","1","10"
"nature:kapfenberg","nature","Kapfenberg","Berg","","Kapfenberg (hill)","","2893101","Q30633049","","50.63333","11.85","3","22 35 622"
"nature:karpathen","nature","Karpathen","Gebirge","","Carpathians","","","","","","","1","313"
"nature:kaeseberg","nature","Käseberg","Berg","","Käseberg (hill)","","2892579","Q30629079","","50.86552","11.96367","3","15 485"
"nature:katzentuempfel","nature","Katzentümpfel","Teich","","Katzentümpfel (pond)","","","","","","","1","615"
"nature:kegelbach","nature","Kegelbach","Bach","","Kegelbach stream","","","","","","","5","46 821"
"nature:kellerberg","nature","Kellerberg","Berg","","Kellerberg (hill)","","","","","","","1","10"
"nature:kerbe","nature","Kerbe","Berg","","Kerbe (slope near Gera)","","","","","","","2","76 86"
"nature:kesselthal","nature","Kesselthal","Tal","","Kesselthal (valley)","","","","","","","1","476"
"nature:kieferberg","nature","Kieferberg","Berg","","Kieferberg (hill)","","","","","","","1","10"
"nature:kiefergraben","nature","Kiefergraben","Graben","","Kiefergraben (gully)","","","","","","","1","494"
"nature:kiefernholz","nature","Kiefernholz","Wald","","Kiefernholz (pine wood, field name)","","","","","","","1","783"
"nature:kieferstein","nature","Kieferstein","Fels","","Kieferstein (rock)","","","","","","","1","726"
"nature:kieferthal","nature","Kieferthal","Tal","Kiefertal","Kieferthal (valley at Untermhaus)","","","","","","","1","418"
"nature:kienberg","nature","Kienberg","Berg","","Kienberg (hill)","","","","","","","7","10 14 53 512 513 633"
"nature:kieselbach","nature","Kieselbach","Bach","","Kieselbach stream","","","","","","","3","49 755"
"nature:kiesslinger-hoehe","nature","Kießlinger Höhe","Höhe","","Kießling heights","","","","","","","1","786"
"nature:kirchbach","nature","Kirchbach","Bach","","Kirchbach stream","","","","","","","1","17"
"nature:kirchberg","nature","Kirchberg","Berg","","Kirchberg (hill)","","","","","","","25","10 13 23 203 250 369 370 456 476 477 534 544 545 549 553 609 610 775"
"nature:kirchgertwaesserlein","nature","Kirchgertwässerlein","Bach","","Kirchgertwässerlein stream","","","","","","","1","48"
"nature:kirchteich","nature","Kirchteich","Teich","","Kirchteich (pond)","","","","","","","1","734"
"nature:kirschbuehl","nature","Kirschbühl","Berg","","Kirschbühl (hill)","","","","","","","3","29 31 79"
"nature:kirschgrund","nature","Kirschgrund","Wald","","Kirschgrund (woodland)","","","","","","","3","592"
"nature:kleine-lemnitz","nature","Kleine Lemnitz","Bach","","Little Lemnitz stream","","","","","","","1","48"
"nature:kleiner-heinrichsbusch","nature","Kleiner Heinrichsbusch","Wald","","Kleiner Heinrichsbusch (wood near Wüstendittersdorf)","","","","","","","1","29"
"nature:kleiner-schweinsberg","nature","Kleiner Schweinsberg","Berg","","Little Schweinsberg (hill)","","","","","","","1","23"
"nature:kleinfalkischer-bach","nature","Kleinfalkischer Bach","Bach","","Kleinfalke stream","","","","","","","3","52 565"
"nature:klettigsgrund","nature","Klettigsgrund","Tal","","Klettigsgrund (valley near Bärenmühle)","","","","","","","3","745"
"nature:klingenthal","nature","Klingenthal","Tal","","Klingenthal (valley)","","","","","","","1","793"
"nature:koedelbach","nature","Ködelbach","Bach","","Ködelbach stream","","","","","","","2","45 236"
"nature:koegelsbach","nature","Kögelsbach","Bach","","Kögelsbach stream","","","","","","","1","765"
"nature:kohlbach","nature","Kohlbach","Bach","","Kohlbach stream","","","","","","","5","48 590 596 626"
"nature:kohlholzbaechlein","nature","Kohlholzbächlein","Bach","","Kohlholzbächlein stream","","","","","","","1","48"
"nature:kohlung","nature","Kohlung","Wald","","Kohlung (charcoal-burners' wood near Blintendorf)","","","","","","","1","23"
"nature:kohlwald","nature","Kohlwald","Wald","","Kohlwald (wood, field name)","","","","","","","1","741"
"nature:kolk","nature","Kolk","Berg","","Kolk (hill)","","","","","","","2","500"
"nature:kolke","nature","Kolke","Berg","","Kolke (hill)","","","","","","","1","10"
"nature:kommlerabaechlein","nature","Kommlerabächlein","Bach","","Kommlerabächlein stream","","","","","","","1","47"
"nature:koenigsberg","nature","Königsberg","Berg","","Königsberg (hill)","","2885958","Q31334038","","50.57595","11.87643","6","23 29 34 48 593 625"
"nature:koppenfels","nature","Koppenfels","Fels","","Koppenfels (rock)","","","","","","","1","47"
"nature:korbteich","nature","Korbteich","Teich","","Korbteich (pond)","","","","","","","1","633"
"nature:koernersberg","nature","Körnersberg","Berg","","Körnersberg (hill)","","","","","","","1","424"
"nature:kosel","nature","Kosel","Bach","","Kosel stream","","","","","","","5","48 242 713 719 723"
"nature:koselgrund","nature","Koselgrund","Tal","","Koselgrund (valley of the Kosel)","","","","","","","1","21"
"nature:koselstein","nature","Koselstein","Fels","","Koselstein (rock)","","2885341","Q31332235","","50.4546","11.56736","2","18 247"
"nature:kosent","nature","Kosent","Berg","","Kosent (hill)","","","","","","","1","34"
"nature:kostauer-forst","nature","Kostauer Forst","Wald","","Kostauer Forst (forest near Kostau)","","","","","","","1","237"
"nature:koestritzer-bach","nature","Köstritzer Bach","Bach","","Köstritz stream","","","","","","","1","491"
"nature:koethener-wald","nature","Köthener Wald","Wald","","Köthener Wald (Köthenwald, forest near Schleiz)","","","","","","","1","570"
"nature:koethenwald","nature","Köthenwald","Wald","","Köthenwald (forest)","","","","","","","1","629"
"nature:krackauer-berg","nature","Krackauer Berg","Berg","","Krackau hill","","","","","","","1","723"
"nature:kraehenhuegel","nature","Krähenhügel","Berg","","Krähenhügel (hill)","","2884918","Q31331133","","50.41667","11.63333","6","6 27 477 656 782"
"nature:krallsbach","nature","Krallsbach","Bach","","Krallsbach stream","","","","","","","1","250"
"nature:kraulgrund","nature","Kraulgrund","Tal","","Kraulgrund (valley)","","","","","","","1","427"
"nature:krausenbach","nature","Krausenbach","Bach","","Krausenbach stream","","","","","","","1","646"
"nature:krautberg","nature","Krautberg","Berg","","Krautberg (hill)","","","","","","","2","10 545"
"nature:krautgrund","nature","Krautgrund","Tal","","Krautgrund (valley, also called laasener Bächlein)","","","","","","","1","52"
"nature:krebs","nature","Krebs","Bach","","Krebs stream","","","","","","","1","458"
"nature:krebsbach","nature","Krebsbach","Bach","","Krebsbach stream","","","","","","","1","204"
"nature:krellgruendchen","nature","Krellgründchen","Tal","","Krellgründchen (valley)","","","","","","","1","568"
"nature:krellsbach","nature","Krellsbach","Bach","","Krellsbach stream","","","","","","","1","52"
"nature:krellsberg","nature","Krellsberg","Berg","","Krellsberg (hill)","","","","","","","1","568"
"nature:kremel","nature","Kremel","Berg","","Kremel (hill)","","","","","","","4","10 549"
"nature:kreuzberg","nature","Kreuzberg","Berg","","Kreuzberg (hill)","","","","","","","1","10"
"nature:kroetensee","nature","Krötensee","Teich","","Krötensee (pond)","","","","","","","3","43 247 782"
"nature:kuhhoelzer","nature","Kuhhölzer","Wald","","Kuhhölzer (woods, field name)","","","","","","","1","622"
"nature:kuehnberg-und-amselberg","nature","Kühnberg und Amselberg","Berg","","Kühnberg and Amselberg (hills)","","","","","","","1","631"
"nature:kuhwald","nature","Kuhwald","Wald","","Kuhwald (wood, field name)","","","","","","","1","604"
"nature:kulm","nature","Kulm","Berg","","Kulm (hill)","","2882593","Q31324679","","50.47692","11.48781","21","4 6 17 23 24 29 36 41 48 199 662 672 675 772 779 780 782"
"nature:kulmberg","nature","Kulmberg","Berg","","Kulmberg (wood)","","2882585","Q31324614","","50.51168","11.74051","6","29 31 237 671 677 731"
"nature:kulmforst","nature","Kulmforst","Wald","","Kulmforst (forest near Kulm, with the Krötensee peat deposit)","","","","","","","1","247"
"nature:kuensdorfer-berg","nature","Künsdorfer Berg","Berg","","Künsdorfer Berg (hill)","","2882460","Q31324307","","50.48783","11.73716","4","23 29 593"
"nature:kunzenholz","nature","Kunzenholz","Wald","","Kunzenholz (wood, field name)","","","","","","","1","773"
"nature:kupferberg","nature","Kupferberg","Berg","","Kupferberg (hill)","","","","","","","3","249 250"
"nature:laasener-baechlein","nature","Laasener Bächlein","Bach","","Laasen stream","","","","","","","1","52"
"nature:laemmerholz","nature","Lämmerholz","Wald","","Lämmerholz (wood, field name)","","","","","","","1","690"
"nature:landsendorfer-berg","nature","Landsendorfer Berg","Berg","","Landsendorf hill","","","","","","","1","761"
"nature:langenbacher-huegel","nature","Langenbacher Hügel","Berg","","Langenbach hill","","","","","","","2","23 29"
"nature:langenbacher-wasser","nature","Langenbacher Wasser","Bach","","Langenbach stream","","","","","","","2","47 697"
"nature:langengrobsdorfer-bach","nature","Langengrobsdorfer Bach","Bach","","Langengrobsdorf stream","","","","","","","1","470"
"nature:langenthal","nature","Langenthal","Tal","Langental","Langenthal (narrow valley near Geißen)","","","","","","","1","470"
"nature:langer-grund","nature","Langer Grund","Tal","","Langer Grund (valley near Pohlen)","","","","","","","1","52"
"nature:langes-hoelzchen","nature","Langes Hölzchen","Wald","","Langes Hölzchen (small wood in the park of Ebersdorf palace)","","","","","","","1","732"
"nature:langgruener-wasser","nature","Langgrüner Wasser","Bach","","Langgrün stream","","","","","","","2","47 790"
"nature:langgruener-wasser-gruener-grund","nature","Langgrüner Wasser (grüner Grund)","Bach","","Langgrüner brook (""grüner Grund"")","","","","","","","1","47"
"nature:langwasser","nature","Langwasser","Bach","","Langwasser stream","","","","","","","8","17 22 49 242 244 246 247 744"
"nature:langwassergrund","nature","Langwassergrund","Tal","","Langwassergrund (valley of the Langwasser)","","","","","","","3","242 780"
"nature:langwasserthal","nature","Langwasserthal","Tal","","Langwasser valley","","","","","","","2","31 32"
"nature:lassig","nature","Lassig","Berg","","Lassig (hill)","","","","","","","2","10 51"
"nature:lasur","nature","Lasur","Berg","","Lasur (hill near Gera)","","","","","","","4","10 37 38 77"
"nature:latzbach","nature","Latzbach","Bach","","Latzbach stream","","","","","","","4","47 745 746"
"nature:lauschebuehl","nature","Lauschebühl","Berg","","Lauschebühl (hill)","","","","","","","2","242 786"
"nature:leede","nature","Leede","Berg","","Leede (hill)","","","","","","","1","500"
"nature:lehstenwand","nature","Lehstenwand","Fels","","Lehstenwand (rock face)","","","","","","","3","26 27 28"
"nature:leistner-plateau","nature","Leistner Plateau","Plateau","","Leitsch plateau","","","","","","","1","49"
"nature:leitenberg","nature","Leitenberg","Berg","","Leitenberg (hill)","","","","","","","2","660"
"nature:lemnitz","nature","Lemnitz","Fluss","","Lemnitz stream","","2878926","","","50.43147","11.67152","18","17 18 48 50 121 617 706 709 713 719 723 742 743 747 790"
"nature:lemnitzgrund","nature","Lemnitzgrund","Tal","","Lemnitzgrund (valley of the Lemnitz)","","","","","","","2","719 742"
"nature:lerchenberg","nature","Lerchenberg","Berg","","Lerchenberg (hill)","","","","","","","10","10 14 471 472 473 513 548 613 649 680"
"nature:lerchenholz-und-schachtholz","nature","Lerchenholz und Schachtholz","Wald","","Lerchenholz and Schachtholz (woods, field names)","","","","","","","1","590"
"nature:lerchenhuegel","nature","Lerchenhügel","Berg","","Lerchenhügel (hill)","","","","","","","10","6 22 23 26 601 653 743 745 752"
"nature:lerchenhuegler-forst","nature","Lerchenhügler Forst","Wald","","Lerchenhügler Forst (forest near Lerchenhügel)","","","","","","","1","23"
"nature:lerdorfer-holz","nature","Lerdorfer Holz","Wald","","Lerdorfer Holz (wood at Untermhaus)","","","","","","","1","418"
"nature:leske","nature","Leske","Bach","","Leske stream","","","","","","","4","53 520 521"
"nature:letzschbach","nature","Letzschbach","Bach","","Letzschbach stream","","","","","","","7","42 49 669 731"
"nature:leuba","nature","Leuba","Fluss","","Leuba stream","","2878404","","","50.70423","12.07503","16","4 20 57 167 236 570 630 633 636 638 642 646 647"
"nature:leubathal","nature","Leubathal","Tal","","Leuba valley","","","","","","","1","637"
"nature:leukera","nature","Leukera","Bach","","Leukera stream","","","","","","","2","48 626"
"nature:leumnitzbach","nature","Leumnitzbach","Bach","","Leumnitzbach stream","","","","","","","3","52 559"
"nature:leutenberg","nature","Leutenberg","Berg","","Leutenberg (hill)","","","","","","","1","10"
"nature:lichtenauer-waesserlein","nature","Lichtenauer Wässerlein","Bach","","Lichtenau stream","","","","","","","1","53"
"nature:lichtenbrunner-nordosthoehe","nature","Lichtenbrunner Nordosthöhe","Höhe","","Lichtenbrunn north-east heights","","","","","","","1","23"
"nature:lieblacher-berg","nature","Lieblacher Berg","Berg","","Lieblacher Berg (hill)","","","","","","","1","38"
"nature:liebsch","nature","Liebsch","Bach","","Liebsch stream","","","","","","","2","48 596"
"nature:liebschwitzer-baechlein","nature","Liebschwitzer Bächlein","Bach","","Liebschwitz stream","","","","","","","1","52"
"nature:lindenbach","nature","Lindenbach","Bach","","Lindenbach stream","","","","","","","1","769"
"nature:lindenberg","nature","Lindenberg","Berg","","Lindenberg (hill)","","","","","","","1","20"
"nature:lindig","nature","Lindig","Berg","","Lindig (hill, windmill)","","","","","","","1","602"
"nature:lippenbach","nature","Lippenbach","Bach","","Lippenbach stream","","","","","","","2","47 704"
"nature:lobensteiner-domainenwald","nature","Lobensteiner Domainenwald","Wald","Lobensteiner Domänenwald","Lobensteiner Domainenwald (state forest of Lobenstein)","","","","","","","2","237 753"
"nature:lobensteiner-muckenberg","nature","Lobensteiner Muckenberg","Berg","","Lobensteiner Muckenberg (hill)","","2876718","Q31312743","","50.45","11.68333","3","23 29 728"
"nature:lohbach","nature","Lohbach","Bach","","Lohbach stream","","","","","","","7","47 626 628 642 702"
"nature:lohbaechlein","nature","Lohbächlein","Bach","","Lohbächlein stream","","","","","","","2","645 807"
"nature:lohbuehl","nature","Lohbühl","Berg","","Lohbühl (hill)","","","","","","","1","819"
"nature:loehlabaechlein","nature","Löhlabächlein","Bach","","Löhlabächlein stream","","","","","","","1","50"
"nature:loehmabach","nature","Löhmabach","Bach","","Löhmabach stream","","","","","","","2","48 596"
"nature:lohmen","nature","Lohmen","Berg","","Lohmen (hill)","","2876213","Q31311906","","50.5703","11.78283","3","23 35 596"
"nature:loquitz","nature","Loquitz","Fluss","","Loquitz river","","2875914","Q1671037","","50.61347","11.43489","1","49"
"nature:loessauer-dorfabfluss","nature","Lössauer Dorfabfluß","Bach","","Lössau village outflow (brook)","","","","","","","1","48"
"nature:lothrabach","nature","Lothrabach","Bach","","Lothrabach stream","","","","","","","1","758"
"nature:lotzscheteich","nature","Lotzscheteich","Teich","","Lotzscheteich (pond)","","","","","","","1","618"
"nature:luchsbach","nature","Luchsbach","Bach","","Luchsbach stream","","","","","","","1","49"
"nature:luitzschenteich","nature","Luitzschenteich","Teich","","Luitzschenteich (pond)","","","","","","","1","553"
"nature:lumbe","nature","Lumbe","Flur","","Lumbe (field name)","","","","","","","1","483"
"nature:lutzsche","nature","Lutzsche","Bach","","Lutzsche stream","","","","","","","4","53 553 565"
"nature:maehrisches-gesenke","nature","Mährisches Gesenke","Gebirge","","Moravian Gesenke (Hrubý Jeseník)","","","","","","","1","75"
"nature:main","nature","Main","Fluss","","Main river","","","","","","","9","17 25 41 45 256 313 317 707 775"
"nature:main-oder-rheingebiet","nature","Main- oder Rheingebiet","Flussgebiet","","Main (Rhine) catchment","","","","","","","1","45"
"nature:marienberg","nature","Marienberg","Berg","","Marienberg (hill)","","","","","","","3","783"
"nature:marienkirchberg","nature","Marienkirchberg","Berg","","Marienkirchberg (hill in Schleiz)","","","","","","","1","583"
"nature:marienstein","nature","Marienstein","Berg","","Marienstein (hill)","","","","","","","2","21 726"
"nature:markholz","nature","Markholz","Wald","","Markholz (wood, field name)","","","","","","","1","750"
"nature:markwelle","nature","Markwelle","Berg","","Markwelle (hill)","","","","","","","1","747"
"nature:martenstein","nature","Martenstein","Fels","","Martenstein (rock)","","","","","","","1","723"
"nature:martinsgrund","nature","Martinsgrund","Tal","","Martinsgrund (valley near Gera)","","","","","","","4","76 77 199 448"
"nature:martinsquelle","nature","Martinsquelle","Quelle","","Martinsquelle (spring)","","","","","","","1","69"
"nature:marxberg","nature","Marxberg","Berg","","Marxberg (hill)","","","","","","","1","781"
"nature:matzbuehl","nature","Matzbühl","Berg","","Matzbühl (hill)","","2872888","Q31308905","","50.41667","11.66667","1","786"
"nature:matzenholz","nature","Matzenholz","Wald","","Matzenholz (wood, field name)","","","","","","","1","757"
"nature:maeusebach","nature","Mäusebach","Bach","","Mäusebach stream","","","","","","","1","697"
"nature:merzenberg","nature","Merzenberg","Berg","","Merzenberg (hill)","","","","","","","2","247 478"
"nature:meteorstein-von-pohlitz","nature","Meteorstein von Pohlitz","Meteorit","","Pohlitz meteorite","","","","","","","3","248 505 506"
"nature:misslareuther-hoehe","nature","Mißlareuther Höhe","Höhe","","Mißlareuth heights","","","","","","","1","824"
"nature:mittelbach","nature","Mittelbach","Bach","","Mittelbach stream","","","","","","","1","754"
"nature:mittelberg","nature","Mittelberg","Berg","","Mittelberg (hill)","","","","","","","2","14 24"
"nature:modelitz","nature","Modelitz","Bach","","Modelitz stream","","","","","","","5","19 50 570 618"
"nature:modelitzmulde","nature","Modelitzmulde","Tal","","Modelitz basin","","","","","","","1","19"
"nature:modera","nature","Modera","Bach","","Modera stream","","","","","","","2","16 570"
"nature:molbitzbach","nature","Molbitzbach","Bach","","Molbitzbach stream","","","","","","","3","46 47"
"nature:moenchberg","nature","Mönchberg","Berg","","Mönchberg (hill)","","","","","","","1","639"
"nature:moosflocke","nature","Moosflocke","Berg","","Moosflocke (hill)","","","","","","","3","23 29"
"nature:moosholz","nature","Moosholz","Wald","","Moosholz (wood, field name)","","","","","","","1","741"
"nature:moossschlucht","nature","Mooßschlucht","Schlucht","","Mooßschlucht (gorge)","","","","","","","1","76"
"nature:moosteich","nature","Moosteich","Teich","","Moosteich (pond)","","","","","","","1","742"
"nature:moschwitz","nature","Moschwitz","Bach","","Moschwitz stream","","2925505","Q32752751","","50.38102","11.53452","9","45 48 236 709 786"
"nature:moschwizgrund","nature","Moschwizgrund","Tal","","Moschwizgrund (valley with chalybeate springs near Seibis)","","","","","","","1","783"
"nature:mossiga","nature","Moßiga","Wald","","Moßiga (forest)","","","","","","","1","47"
"nature:muckenberg","nature","Muckenberg","Berg","","Muckenberg (hill)","","","","","","","4","31 34 242 723"
"nature:mueckernsches-gruendchen","nature","Mückernsches Gründchen","Tal","","little valley at Mückern (opening into the upper Bramthal)","","","","","","","1","545"
"nature:muehlbach","nature","Mühlbach","Bach","","Mühlbach stream","","","","","","","7","42 47 51 463 680 774 799"
"nature:muehlberg","nature","Mühlberg","Berg","","Mühlberg (hill)","","","","","","","9","10 23 548 625 723 819 822"
"nature:muehlholz","nature","Mühlholz","Wald","","Mühlholz (wood, field name)","","","","","","","1","823"
"nature:muehlleite","nature","Mühlleite","Berg","","Mühlleite (slope)","","","","","","","1","494"
"nature:mulde","nature","Mulde","Fluss","","Mulde river","","","","","","","3","315 317 320"
"nature:muschelgrund","nature","Muschelgrund","Tal","","Muschelgrund (valley near Göschitz)","","","","","","","1","89"
"nature:muschlitz","nature","Muschlitz","Bach","","Muschlitz stream","","","","","","","4","50 609"
"nature:nab","nature","Nab","Fluss","Naab","Naab river","","","","","","","1","312"
"nature:nab-und-egergebiet","nature","Nab- und Egergebiet","Flussgebiet","","Naab and Eger basins","","","","","","","1","312"
"nature:nachtigallengrund","nature","Nachtigallengrund","Tal","","Nachtigallengrund (valley near Steinbrücken)","","","","","","","1","85"
"nature:narrenholz","nature","Narrenholz","Wald","","Narrenholz (wood, field name)","","","","","","","1","783"
"nature:neidenberg","nature","Neidenberg","Berg","","Neidenberg (hill)","","","","","","","1","18"
"nature:neuenberg","nature","Neuenberg","Berg","","Neuenberg (hill)","","","","","","","4","26 27 779"
"nature:neuholz","nature","Neuholz","Tal","","Neuholz (upper part of the valley from Negis, below the Hummelgraben)","","","","","","","1","552"
"nature:neureuth","nature","Neureuth","Berg","","Neureuth (hill)","","","","","","","1","18"
"nature:nicolaiberg","nature","Nicolaiberg","Berg","","Nicolaiberg (hill in Gera)","","","","","","","3","428 429 433"
"nature:niederboehmsdorfer-forst","nature","Niederböhmsdorfer Forst","Wald","","Niederböhmsdorf forest","","","","","","","1","645"
"nature:niederboehmsdorfer-wald","nature","Niederböhmsdorfer Wald","Wald","","Niederböhmsdorfer Wald (forest near Niederböhmsdorf)","","","","","","","4","237 570 574 647"
"nature:niepse","nature","Niepse","Bach","","Niepse stream","","","","","","","3","53 518"
"nature:nonnenteich","nature","Nonnenteich","Teich","","Nonnenteich (pond)","","","","","","","1","792"
"nature:nonnenwald","nature","Nonnenwald","Wald","","Nonnenwald (forest on the Saale near Saalburg and Oschitz)","","","","","","","6","34 47 570 666 669 672"
"nature:noth","nature","Noth","Berg","","Noth (hill)","","","","","","","1","786"
"nature:nussbach","nature","Nußbach","Bach","","Nußbach stream","","","","","","","1","723"
"nature:ochsenberg","nature","Ochsenberg","Berg","","Ochsenberg (hill)","","","","","","","1","649"
"nature:ochsenkopf","nature","Ochsenkopf","Berg","","Ochsenkopf (hill)","","","","","","","1","702"
"nature:oelsbach","nature","Oelsbach","Bach","","Oelsbach stream","","","","","","","5","48 602"
"nature:oertelsbach","nature","Oertelsbach","Bach","","Oertelsbach stream","","","","","","","2","53 527"
"nature:orla","nature","Orla","Fluss","","Orla river","","2857083","Q512484","","50.77307","11.54577","1","318"
"nature:orlabach","nature","Orlabach","Bach","","Orlabach stream","","","","","","","2","17 45"
"nature:orlabach-langestein","nature","Orlabach (Langestein)","Bach","","Orlabach (Langestein)","","","","","","","1","45"
"nature:orlagrund","nature","Orlagrund","Tal","","Orlagrund (valley near Hornsgrün)","","","","","","","1","780"
"nature:orlathal","nature","Orlathal","Tal","","Orla valley","","","","","","","1","36"
"nature:ortelsgraben","nature","Ortelsgraben","Bach","","Ortelsgraben stream","","","","","","","3","53 515"
"nature:oschitzer-wald","nature","Oschitzer Wald","Wald","","Oschitzer Wald (forest near Oschitz)","","","","","","","2","23 570"
"nature:ossabach","nature","Ossabach","Bach","","Ossabach stream","","","","","","","2","48"
"nature:osslabach","nature","Oßlabach","Bach","","Oßlabach stream","","2856843","","","50.45594","11.53225","4","769 770 772"
"nature:osslaberg","nature","Oßlaberg","Berg","","Oßlaberg (hill)","","2856842","Q31295521","","50.46006","11.52298","1","766"
"nature:osslaer-huegel","nature","Oßlaer Hügel","Berg","","Oßlaer Hügel (hill)","","","","","","","1","6"
"nature:otterbach","nature","Otterbach","Bach","","Otterbach stream","","","","","","","13","49 122 236 753 754 759"
"nature:oettersdorfer-windmuehlenberg","nature","Öttersdorfer Windmühlenberg","Berg","","Öttersdorf windmill hill","","","","","","","1","34"
"nature:papenberg","nature","Papenberg","Berg","","Papenberg (hill)","","","","","","","1","34"
"nature:papiermuellersgraben","nature","Papiermüllersgraben","Graben","","Papiermüllersgraben (ditch, Gera)","","","","","","","1","442"
"nature:pempelbach","nature","Pempelbach","Bach","","Pempelbach stream","","","","","","","1","48"
"nature:petersbaechlein","nature","Petersbächlein","Bach","","Petersbächlein stream","","","","","","","1","47"
"nature:petersberg","nature","Petersberg","Berg","","Petersberg (hill)","","","","","","","3","203 549 551"
"nature:pfaffenbach","nature","Pfaffenbach","Bach","","Pfaffenbach stream","","","","","","","1","17"
"nature:pfaffenstein","nature","Pfaffenstein","Berg","","Pfaffenstein (hill)","","","","","","","2","10 513"
"nature:pfarrberg","nature","Pfarrberg","Berg","","Pfarrberg (hill)","","","","","","","1","622"
"nature:pfauenbach","nature","Pfauenbach","Bach","","Pfauenbach stream","","","","","","","4","46 823 828"
"nature:pfitz","nature","Pfitz","Bach","","Pfitz stream","","","","","","","1","48"
"nature:pforten-und-dorfteich","nature","Pforten- und Dorfteich","Teich","","Pforten and village ponds","","","","","","","1","736"
"nature:pfortenbach","nature","Pfortenbach","Bach","","Pfortenbach stream","","","","","","","7","37 52 450 561"
"nature:pfortenberg","nature","Pfortenberg","Berg","","Pfortenberg (hill)","","","","","","","1","672"
"nature:pfortener-berg","nature","Pfortener Berg","Berg","","Pfortener Berg (hill)","","","","","","","4","10 37 76 450"
"nature:pinnesteich","nature","Pinnesteich","Teich","","Pinnesteich (pond)","","","","","","","1","206"
"nature:pleisse","nature","Pleiße","Fluss","","Pleiße river","","2853250","Q162993","","51.32179","12.3575","6","10 50 51 53 408"
"nature:plothenbach","nature","Plothenbach","Bach","","Plothenbach stream","","2853135","","","50.60848","11.64958","1","48"
"nature:plothener-teichrevier","nature","Plothener Teichrevier","Teichgebiet","","Plothen pond district","","","","","","","1","830"
"nature:poehle","nature","Pöhle","Berg","","Pöhle (hill)","","","","","","","1","505"
"nature:pohlitzer-bucht","nature","Pohlitzer Bucht","Tal","","Pohlitz bay (valley bay)","","","","","","","1","57"
"nature:poellwitzer-wald","nature","Pöllwitzer Wald","Wald","","Pöllwitz forest","","","","","","","3","20 84 85"
"nature:poellwitzteich","nature","Pöllwitzteich","Teich","","Pöllwitz pond","","","","","","","1","50"
"nature:poellwitzwald","nature","Pöllwitzwald","Wald","| Also written Pöllwitzer Wald.","Pöllwitzwald (forest near Pöllwitz; source region of the Triebes)","","","","","","","9","23 50 407 570 571 647 648 649"
"nature:poenigsberg","nature","Pönigsberg","Berg","","Pönigsberg (hill)","","","","","","","3","10 53 505"
"nature:poppenberg","nature","Poppenberg","Berg","","Poppenberg (hill)","","2852682","Q31290558","","50.59654","11.86591","1","23"
"nature:poeritzholz","nature","Pöritzholz","Wald","","Pöritzholz (wood near Langenberg)","","","","","","","1","202"
"nature:poeritzscher-berg","nature","Pöritzscher Berg","Berg","","Pöritzsch hill","","","","","","","2","34 672"
"nature:poermitzteich","nature","Pörmitzteich","Teich","","Pörmitzteich (pond)","","","","","","","1","606"
"nature:poermitzwald","nature","Pörmitzwald","Wald","","Pörmitz forest","","","","","","","1","19"
"nature:poermizwald","nature","Pörmizwald","Wald","Pörmitzwald","Pörmitzwald (forest near Schleiz)","","","","","","","3","570 606 615"
"nature:poesnigsbach","nature","Pösnigsbach","Bach","","Pösnigsbach stream","","","","","","","5","19 47 48 679"
"nature:pottendorfer-holz","nature","Pottendorfer Holz","Wald","","Pottendorfer Holz (wood at Untermhaus)","","","","","","","1","418"
"nature:pottigaer-forst","nature","Pottigaer Forst","Wald","","Pottigaer Forst (forest near Pottiga)","","","","","","","1","803"
"nature:pottigaer-forstruecken","nature","Pottigaer Forstrücken","Höhenzug","","Pottiga forest ridge","","","","","","","1","46"
"nature:prechtsquelle","nature","Prechtsquelle","Quelle","","Prechtsquelle (spring)","","","","","","","1","69"
"nature:pruenebaumsholz","nature","Prünebaumsholz","Wald","","Prünebaumsholz (wood, field name)","","","","","","","1","472"
"nature:purschbach","nature","Purschbach","Bach","","Purschbach stream","","","","","","","1","47"
"nature:queckbrunnen","nature","Queckbrunnen","Quelle","","Queckbrunnen (spring)","","","","","","","1","618"
"nature:querbrunnen","nature","Querbrunnen","Quelle","","Querbrunnen (spring)","","","","","","","1","743"
"nature:querenbach","nature","Querenbach","Bach","","Querenbach stream","","","","","","","2","746 769"
"nature:raitzhainer-teich","nature","Raitzhainer Teich","Teich","","Raitzhain pond","","","","","","","1","52"
"nature:rattenbach","nature","Rattenbach","Bach","","Rattenbach stream","","","","","","","7","48 246 723 727 728 729"
"nature:raeubersberg","nature","Räubersberg","Berg","","Räubersberg (hill)","","","","","","","1","10"
"nature:rautenbaechlein","nature","Rautenbächlein","Bach","","Rautenbächlein stream","","","","","","","1","47"
"nature:rechenberg","nature","Rechenberg","Berg","","Rechenberg (hill)","","","","","","","1","10"
"nature:regnitz","nature","Regnitz","Bach","","Regnitz stream","","","","","","","1","321"
"nature:rehbach","nature","Rehbach","Bach","","Rehbach stream","","","","","","","1","47"
"nature:rehberg","nature","Rehberg","Berg","","Rehberg (hill)","","","","","","","1","802"
"nature:reichardsberg","nature","Reichardsberg","Berg","","Reichardsberg (hill)","","","","","","","1","51"
"nature:reichenbach","nature","Reichenbach","Bach","","Reichenbach stream","","","","","","","4","53 770 771 772"
"nature:reichenbaechlein","nature","Reichenbächlein","","","","","","","","","","1","527"
"nature:reisbach","nature","Reisbach","Bach","","Reisbach stream","","","","","","","2","236 764"
"nature:ressenbrunner-floessteich","nature","Reßenbrunner Flößteich","Teich","","Reßenbrunn timber-floating pond","","","","","","","1","246"
"nature:rheingebiet","nature","Rheingebiet","Flussgebiet","","Rhine basin","","","","","","","1","41"
"nature:riesenbach","nature","Riesenbach","Bach","","Riesenbach stream","","","","","","","4","48 730 763"
"nature:riesenbuehl","nature","Riesenbühl","Berg","","Riesenbühl (hill)","","","","","","","1","596"
"nature:riesenquelle","nature","Riesenquelle","Quelle","","Riesenquelle (spring)","","","","","","","2","49 763"
"nature:riessbach","nature","Rießbach","Bach","","Rießbach stream","","","","","","","1","533"
"nature:rittersbuehl","nature","Rittersbühl","Wald","","Rittersbühl (woodland)","","","","","","","2","592 596"
"nature:robener-berg","nature","Robener Berg","Berg","","Robener Berg (hill)","","","","","","","1","10"
"nature:robsbach","nature","Robsbach","Bach","","Robsbach stream","","","","","","","2","50"
"nature:rodach","nature","Rodach","Fluss","","Rodach river","","","","","","","12","24 45 236 256 775 776 778"
"nature:rodachsgrund","nature","Rodachsgrund","Tal","Rodachgrund","Rodachsgrund (valley of the Rodach)","","","","","","","2","776 777"
"nature:roedelbach","nature","Rödelbach","Bach","","Rödelbach stream","","","","","","","1","53"
"nature:roedersbach","nature","Rödersbach","Bach","","Rödersbach stream","","","","","","","3","48 744 746"
"nature:roehmigsteiche","nature","Röhmigsteiche","Teich","","Röhmigsteiche (ponds)","","","","","","","1","43"
"nature:rohrbach","nature","Rohrbach","Bach","","Rohrbach stream","","","","","","","2","770 771"
"nature:rohrwiesenbaechlein","nature","Rohrwiesenbächlein","Bach","","Rohrwiesenbächlein stream","","","","","","","1","47"
"nature:roemersberg","nature","Römersberg","Berg","","Römersberg (hill)","","","","","","","2","22 656"
"nature:roemischbach","nature","Römischbach","Bach","","Römischbach stream","","","","","","","1","606"
"nature:ronneburger-hoehe","nature","Ronneburger Höhe","Höhe","","Ronneburg heights","","","","","","","5","10 14 37 39 40"
"nature:ronneburger-und-kauerner-forst","nature","Ronneburger und Kauerner Forst","Wald","","forest between Ronneburg and Kauern","","","","","","","1","563"
"nature:roeppischer-huegel","nature","Röppischer Hügel","Berg","","Röppisch hill","","","","","","","1","732"
"nature:rosenbaumthal","nature","Rosenbaumthal","Tal","","Rosenbaumthal (valley)","","","","","","","2","775"
"nature:rosenberg","nature","Rosenberg","Berg","","Rosenberg (hill)","","","","","","","2","10 426"
"nature:roth","nature","Roth","Berg","","Roth (hill)","","","","","","","1","761"
"nature:rothbach","nature","Rothbach","Bach","","Rothbach stream","","","","","","","1","763"
"nature:rothenbach","nature","Rothenbach","Bach","","Rothenbach stream","","","","","","","3","52 534 536"
"nature:rother-berg","nature","Rother Berg","Berg","","Red Hill (Rother Berg)","","","","","","","3","10 13 490"
"nature:rubitzer-thal","nature","Rubitzer Thal","Tal","","Rubitz valley","","","","","","","2","38"
"nature:ruegliberg","nature","Rügliberg","Berg","","Rügliberg (hill)","","","","","","","2","782"
"nature:ruhbach","nature","Ruhbach","Bach","","Ruhbach stream","","","","","","","1","47"
"nature:ruheilbach","nature","Ruheilbach","Bach","","Ruheilbach stream","","","","","","","1","754"
"nature:ruhleitenbach","nature","Ruhleitenbach","Bach","","Ruhleitenbach stream","","","","","","","1","48"
"nature:ruhteich","nature","Ruhteich","Teich","","Ruhteich (pond)","","","","","","","1","618"
"nature:russgraben","nature","Rußgraben","Graben","","Rußgraben (gully)","","","","","","","1","565"
"nature:saal-oder-elbgebiet","nature","Saal- oder Elbgebiet","Flussgebiet","","Saale (Elbe) catchment","","","","","","","1","45"
"nature:saal-elstergebiet","nature","Saal-Elstergebiet","Flussgebiet","","Saale-Elster basin","","","","","","","1","9"
"nature:saal-elsterterrasse","nature","Saal-Elsterterrasse","Plateau","","Saale-Elster terrace","","","","","","","1","4"
"nature:saalbach","nature","Saalbach","Bach","","Saalbach stream","","","","","","","1","798"
"nature:saalberge","nature","Saalberge","Gebirge","","Saale hills","","","","","","","5","634 661 662 695 714"
"nature:saale","nature","Saale","Fluss","","Saale river","","","Q1678","","","","140","4 9 10 15 16 17 18 20 25 26 29 32 34 41 42 43 44 46 47 48 49 51 79 85 87 88 122 139 180 199 200 202 206 216 236 242 243 244 245 246 256 289 313 314 315 317 318 320 321 322 365 570 578 661 662 663 666 667 668 669 671 677 702 706 707 711 713 722 725 726 727 728 731 732 753 775 783 784 786 789 790 802 803 806 808 809 810 811 812 813 814 816 817 818"
"nature:saalthal","nature","Saalthal","Tal","Saaltal","Saale valley","","","","","","","21","9 15 16 57 81 85 89 662 721 726 727 798 801 803 807 817"
"nature:saalwald","nature","Saalwald","Wald","","Saalwald (forest)","","","","","","","13","23 31 207 242 243 570 661 666 679 684 725 791"
"nature:saalwand","nature","Saalwand","Fels","","Saalwand (rock face)","","","","","","","2","727"
"nature:saarbach","nature","Saarbach","Bach","","Saarbach stream","","","","","","","11","42 50 51 52 407 463 469 471 472 479 616"
"nature:saarthal","nature","Saarthal","Tal","Saartal","Saar valley","","","","","","","6","418 466 467 471 472 473"
"nature:salpenbach","nature","Salpenbach","Bach","","Salpenbach stream","","","","","","","2","45 53"
"nature:salzberg","nature","Salzberg","Berg","","Salzberg (hill)","","","","","","","1","565"
"nature:sandberg","nature","Sandberg","Berg","","Sandberg (hill)","","","","","","","4","10 521 525 653"
"nature:sandberge-bei-schleiz","nature","Sandberge (bei Schleiz)","Berg","","Sandberge (hills near Schleiz)","","","","","","","1","32"
"nature:sandhuegel","nature","Sandhügel","Berg","","Sandhügel (hill)","","","","","","","1","418"
"nature:saubach","nature","Saubach","Bach","","Saubach stream","","","","","","","5","47 48 725 782 786"
"nature:saubachsthal","nature","Saubachsthal","Tal","Saubachstal","Saubachsthal (valley near Harra)","","","","","","","1","783"
"nature:sauberg","nature","Sauberg","Berg","","Sauberg (hill)","","","","","","","1","725"
"nature:saubergsbach","nature","Saubergsbach","Bach","","Saubergsbach stream","","","","","","","3","723 725 729"
"nature:sauborn","nature","Sauborn","Quelle","","Sauborn (spring)","","","","","","","1","494"
"nature:saugraben","nature","Saugraben","Graben","","Saugraben (gully)","","","","","","","1","250"
"nature:saugrund","nature","Saugrund","Tal","","Saugrund (valley)","","","","","","","3","50 660"
"nature:schafberg","nature","Schafberg","Berg","","Schafberg (hill)","","","","","","","3","10 480 513"
"nature:schafgraben","nature","Schafgraben","Bach","","Schafgraben stream","","","","","","","1","453"
"nature:schafgrund","nature","Schafgrund","Tal","| At least two homonymous valleys (Hartmannsdorf/Stübnitz; Collis).","Schafgrund (valley and brook)","","","","","","","2","52 53"
"nature:schafgrundsquelle","nature","Schafgrundsquelle","Quelle","","Schafgrundsquelle (spring)","","","","","","","1","515"
"nature:schafteich","nature","Schafteich","Teich","","Schafteich (pond)","","","","","","","1","615"
"nature:schafwiesenbach","nature","Schafwiesenbach","Bach","","Schafwiesenbach stream","","","","","","","1","763"
"nature:scheibenberg","nature","Scheibenberg","Berg","","Scheibenberg (hill)","","","","","","","1","555"
"nature:scheibenbuesche","nature","Scheibenbüsche","Wald","","Scheibenbüsche (copses, field name)","","","","","","","1","660"
"nature:scheiblich","nature","Scheiblich","Bach","","Scheiblich stream","","","","","","","2","53 553"
"nature:scheidberg","nature","Scheidberg","Berg","","Scheidberg (hill)","","","","","","","3","5 10 15"
"nature:schenkenberg","nature","Schenkenberg","Berg","","Schenkenberg (hill)","","","","","","","1","565"
"nature:schierlingsgraben","nature","Schierlingsgraben","Graben","","Schierlingsgraben (gully)","","","","","","","1","494"
"nature:schiessbach","nature","Schießbach","Bach","","Schießbach stream","","","","","","","4","53 510 511"
"nature:schilbach","nature","Schilbach","Bach","","Schilbach stream","","","","","","","1","47"
"nature:schillershuegel","nature","Schillershügel","Berg","","Schillershügel (hill)","","","","","","","1","23"
"nature:schindersgraben","nature","Schindersgraben","Graben","","Schindersgraben (gully)","","","","","","","1","565"
"nature:schlaggrund","nature","Schlaggrund","Tal","","Schlaggrund (valley)","","","","","","","1","45"
"nature:schlangenbach","nature","Schlangenbach","Bach","","Schlangenbach stream","","2838920","","","50.58333","11.78333","4","48 246 601 604"
"nature:schlegelsbach","nature","Schlegelsbach","Bach","","Schlegelsbach stream","","","","","","","3","50 615 617"
"nature:schleifenbach","nature","Schleifenbach","Bach","","Schleifenbach stream","","","","","","","2","53 525"
"nature:schleizer-wald","nature","Schleizer Wald","Wald","","Schleiz forest","","","","","","","13","18 31 34 48 237 294 295 346 570 571 594 697"
"nature:schliffsteingrund","nature","Schliffsteingrund","Tal","","Schliffsteingrund (valley)","","","","","","","5","52 489 490"
"nature:schlossberg","nature","Schloßberg","Berg","","Schloßberg (hill)","","","","","","","10","21 26 633 713 714 720 812"
"nature:schlossberg-lobenstein","nature","Schlossberg (Lobenstein)","Berg","","Schlossberg (hill, Lobenstein)","","","","","","","1","717"
"nature:schmerlbach","nature","Schmerlbach","Bach","","Schmerlbach stream","","","","","","","1","52"
"nature:schmerstein","nature","Schmerstein","Fels","","Schmerstein (rock)","","","","","","","1","808"
"nature:schmiedekoppe","nature","Schmiedekoppe","Berg","","Schmiedekoppe (hill)","","","","","","","1","23"
"nature:schnauder","nature","Schnauder","Bach","","Schnauder stream","","","","","","","6","11 53 530 536"
"nature:schnauderthal","nature","Schnauderthal","Tal","","Schnauder valley","","","","","","","1","408"
"nature:schneiberg","nature","Schneiberg","Berg","","Schneiberg (hill)","","","","","","","1","723"
"nature:schoenbrunner-huegel","nature","Schönbrunner Hügel","Berg","","Schönbrunner Hügel (hill)","","","","","","","1","23"
"nature:schoene-hoehe","nature","Schöne Höhe","Berg","","Schöne Höhe (hill)","","2836750","Q31324729","","50.63115","11.96758","1","23"
"nature:schreibuehl","nature","Schreibühl","Berg","","Schreibühl (hill)","","","","","","","1","19"
"nature:schwalbengrund","nature","Schwalbengrund","Tal","","Schwalbengrund (valley between the Schleizer Streitwald and the Greizer Burgkwald)","","","","","","","2","755"
"nature:schwarzbach","nature","Schwarzbach","Bach","","Schwarzbach stream","","","","","","","3","47 704"
"nature:schwarzer-teich","nature","Schwarzer Teich","Teich","","Black Pond (Schwarzer Teich)","","","","","","","2","45 741"
"nature:schwarzwald","nature","Schwarzwald","Gebirge","","Black Forest","","","","","","","1","349"
"nature:schweinsbach","nature","Schweinsbach","Bach","","Schweinsbach stream","","","","","","","1","47"
"nature:schweinsberg","nature","Schweinsberg","Berg","","Schweinsberg (hill)","","","","","","","6","585 592"
"nature:schweinsberg-heinrichsbusch","nature","Schweinsberg (Heinrichsbusch)","Berg","","Schweinsberg (hill near Schleiz)","","","","","","","4","201 590"
"nature:seibishuegel","nature","Seibishügel","Berg","","Seibishügel (hill)","","","","","","","1","23"
"nature:seifarthsdorfer-bach","nature","Seifarthsdorfer Bach","Bach","","Seifarthsdorf stream","","","","","","","2","52 501"
"nature:selbitz","nature","Selbitz","Fluss","","Selbitz river","","2833267","Q315777","","50.4017","11.70157","6","48 783 784 785 786"
"nature:selig","nature","Selig","Berg","","Selig (hill)","","","","","","","1","480"
"nature:seligenstaetter-grund","nature","Seligenstätter Grund","Tal","","Seligenstätter Grund (valley with the deserted village Seligenstätt)","","","","","","","1","776"
"nature:seligenstedter-grund","nature","Seligenstedter Grund","Tal","","Seligenstedt valley","","","","","","","1","45"
"nature:seubtendorfer-wasser","nature","Seubtendorfer Wasser","Bach","","Seubtendorf stream","","","","","","","1","47"
"nature:seyfarthsdorfer-thal","nature","Seyfarthsdorfer Thal","Tal","","Seyfarthsdorf valley","","","","","","","1","38"
"nature:siebenlinden","nature","Siebenlinden","Wald","","Siebenlinden (forest district near Schleiz)","","","","","","","1","237"
"nature:siechenberg","nature","Siechenberg","Berg","","Siechenberg (hill)","","","","","","","1","44"
"nature:sieglitz","nature","Sieglitz","Bach","","Sieglitz stream","","","","","","","7","45 48 709 719 780 790"
"nature:sieglitzberg","nature","Sieglitzberg","Berg","","Sieglitzberg (hill)","","8531801","Q31567068","","50.42691","11.61356","9","29 31 45 79 199 719 778 780"
"nature:sieglitzwaldstrich","nature","Sieglitzwaldstrich","Wald","","Sieglitzwaldstrich (part of the Frankenwald)","","","","","","","1","17"
"nature:siehdichfuer","nature","Siehdichfür","Wald","","Siehdichfür (forest of the Schleiz area)","","","","","","","1","239"
"nature:siele","nature","Siele","Bach","","Siele stream","","","","","","","2","697"
"nature:silberberg","nature","Silberberg","Berg","","Silberberg (hill)","","","","","","","6","245 250 596 764 765"
"nature:silberloch","nature","Silberloch","Höhle","","Silberloch (cave)","","","","","","","1","645"
"nature:slavenwald","nature","Slavenwald","Wald","","Slavenwald (old name of the upper Saale forest)","","","","","","","1","313"
"nature:soellmnitzgrund","nature","Söllmnitzgrund","Tal","","Söllmnitz valley","","","","","","","3","531 546"
"nature:sonneberg","nature","Sonneberg","Berg","","Sonneberg (hill)","","","","","","","1","655"
"nature:sophienhoehe","nature","Sophienhöhe","Höhe","","Sophienhöhe (heights)","","","","","","","1","690"
"nature:sorbenbach","nature","Sorbenbach","Bach","","Sorbenbach stream","","","","","","","5","42 121 766"
"nature:sormitz","nature","Sormitz","Fluss","","Sormitz river","","","","","","","23","17 20 21 41 42 49 121 236 242 244 245 246 256 706 709 752 755 763 764 765 766"
"nature:sormitzgrund","nature","Sormitzgrund","Tal","","Sormitz valley","","","","","","","9","31 32 33 81 746 747 766"
"nature:sormitzleite","nature","Sormitzleite","Berg","","Sormitzleite (slope)","","","","","","","2","18"
"nature:sormizgrund","nature","Sormizgrund","Tal","Sormitzgrund","Sormitzgrund (valley of the Sormitz)","","","","","","","2","764 769"
"nature:sparnassbach","nature","Sparnaßbach","Bach","","Sparnaßbach stream","","","","","","","2","47"
"nature:sprottathal","nature","Sprottathal","Tal","Sprottatal","Sprotta valley","","","","","","","1","540"
"nature:sprotte","nature","Sprotte","Bach","","Sprotte stream","","2829987","Q526398","","50.9383","12.42022","6","53 408 541 557"
"nature:starkenwand","nature","Starkenwand","Fels","","Starkenwand (rock face)","","","","","","","1","83"
"nature:steinbach","nature","Steinbach","Bach","","Steinbach stream","","","","","","","8","46 48 50 620 622 743 822 823"
"nature:steinberg","nature","Steinberg","Berg","","Steinberg (hill)","","","","","","","5","10 11 480 548 565"
"nature:steinbruchsholz","nature","Steinbruchsholz","Wald","","Steinbruchsholz (wood, field name)","","","","","","","1","518"
"nature:steinbuehl","nature","Steinbühl","Berg","","Steinbühl (hill)","","","","","","","4","18 622 783 807"
"nature:steinbusch","nature","Steinbusch","Berg","","Steinbusch (hill)","","","","","","","3","15 485 487"
"nature:steinertsberg","nature","Steinertsberg","Berg","","Steinertsberg (hill)","","","","","","","10","10 38 218 250 418 421 554 558 559"
"nature:steinertsbrunnen","nature","Steinertsbrunnen","Quelle","","Steinertsbrunnen (spring)","","","","","","","1","559"
"nature:steinhuegel","nature","Steinhügel","Berg","","Steinhügel (hill)","","","","","","","2","565 823"
"nature:steinsberg","nature","Steinsberg","Berg","","Steinsberg (hill)","","","","","","","1","14"
"nature:stelzenbach","nature","Stelzenbach","Bach","","Stelzenbach (stream, Schleiz)","","","","","","","8","42 47 48 579 580 581 591 794"
"nature:stelzenbaum","nature","Stelzenbaum","Signalpunkt","","Stelzenbaum (survey point)","","","","","","","1","7"
"nature:stelzner-waesserlein","nature","Stelzner Wässerlein","Bach","","Stelzen stream","","","","","","","1","47"
"nature:stephansgraben","nature","Stephansgraben","Tal","","Stephansgraben (ravine near Niederndorf, site of a robber castle)","","","","","","","1","199"
"nature:sterkenhoehe","nature","Sterkenhöhe","Höhe","","Sterkenhöhe (heights)","","","","","","","1","427"
"nature:stochleitenbach","nature","Stochleitenbach","Bach","","Stochleitenbach stream","","","","","","","3","47 674"
"nature:stockberg","nature","Stockberg","Berg","","Stockberg (hill)","","","","","","","1","10"
"nature:stockgrabenwasser","nature","Stockgrabenwasser","Bach","","Stockgrabenwasser stream","","","","","","","2","53"
"nature:stoeckicht","nature","Stöckicht","Wald","","Stöckicht (copse of stumps; field name)","","","","","","","2","538 544"
"nature:stollenwasser","nature","Stollenwasser","Bach","","Stollenwasser stream","","","","","","","1","801"
"nature:stoersberg","nature","Störsberg","Berg","","Störsberg (hill)","","","","","","","1","10"
"nature:streitwald","nature","Streitwald","Wald","","Streitwald (forest)","","","","","","","10","17 21 36 49 220 237 239 240 349 753"
"nature:stuebnitzbach","nature","Stübnitzbach","Bach","","Stübnitzbach stream","","","","","","","1","492"
"nature:stutenkamm","nature","Stutenkamm","Höhenzug","","Stutenkamm (ridge)","","","","","","","2","32 33"
"nature:suela","nature","Süla","Bach","","Süla stream","","","","","","","2","48 697"
"nature:sybach","nature","Sybach","Bach","","Sybach stream","","","","","","","1","628"
"nature:tannenbach","nature","Tannenbach","Bach","","Tannenbach stream","","","","","","","4","46 819"
"nature:tannenhuegel","nature","Tannenhügel","Berg","","Tannenhügel (hill)","","2824104","Q31300812","","50.45","11.75","1","23"
"nature:taennich","nature","Tännich","Wald","","Tännich (forest near Lobenstein)","","","","","","","1","81"
"nature:taennicht","nature","Tännicht","Wald","| Variant spellings Tännich, Tännig, Tännigt; several unrelated places.","Tännicht (fir copse; recurrent field name)","","","","","","","5","31 242 483 569 752"
"nature:taennig","nature","Tännig","Wald","","Tännig (woodland)","","","","","","","2","27 29"
"nature:taubenherd","nature","Taubenherd","Berg","","Taubenherd (hill)","","","","","","","1","18"
"nature:taubenhuegel","nature","Taubenhügel","Berg","","Taubenhügel (hill)","","","","","","","3","782 783"
"nature:taubensteig","nature","Taubensteig","Höhe","","Taubensteig (heights)","","","","","","","1","819"
"nature:taufensgraben-zaufensgraben","nature","Taufensgraben (Zaufensgraben)","Tal","","Zaufensgraben (valley near Gera)","","","","","","","1","205"
"nature:taurichswald","nature","Taurichswald","Wald","","Taurichswald (forest)","","","","","","","1","237"
"nature:tegteich","nature","Tegteich","Teich","","Tegteich (pond)","","","","","","","1","618"
"nature:teichholz","nature","Teichholz","Wald","","Teichholz (wood, field name)","","","","","","","1","560"
"nature:teube","nature","Teube","Bach","","Teube (stream)","","","","","","","1","52"
"nature:teufelsbach","nature","Teufelsbach","Bach","","Teufelsbach stream","","","","","","","1","49"
"nature:teufelsberg","nature","Teufelsberg","Berg","","Teufelsberg (hill)","","","","","","","5","605 606 655"
"nature:teufelsgraben","nature","Teufelsgraben","Graben","","Teufelsgraben (gully)","","","","","","","1","491"
"nature:teufelspredigtstuhl","nature","Teufelspredigtstuhl","Fels","","Devil's pulpit (rock)","","","","","","","2","594"
"nature:teufelsteich","nature","Teufelsteich","Teich","","Teufelsteich (pond, possible cult site)","","","","","","","1","789"
"nature:thaelchen-von-kaimberg","nature","Thälchen von Kaimberg","Tal","Tälchen von Kaimberg","little valley of Kaimberg","","","","","","","1","52"
"nature:thierbaechlein","nature","Thierbächlein","Bach","","Thierbächlein stream","","","","","","","2","752"
"nature:thiersebach","nature","Thiersebach","Bach","","Thiersebach stream","","","","","","","4","45 776 778"
"nature:thieschitzer-gypsberg","nature","Thieschitzer Gypsberg","Berg","","Thieschitz gypsum hill","","","","","","","1","478"
"nature:thimmendorfer-hoehe","nature","Thimmendorfer Höhe","Höhe","","Thimmendorf heights","","","","","","","1","761"
"nature:thorhain","nature","Thorhain","Wald","","Thorhain (grove)","","","","","","","1","203"
"nature:thuemmelsberg","nature","Thümmelsberg","Berg","","Thümmelsberg (hill)","","2820808","Q31296708","","50.88746","11.94741","4","14 205 485 489"
"nature:thueringer-meer-und-frankenmeer","nature","Thüringer Meer und Frankenmeer","Urmeer","","Thuringian and Franconian sea (prehistoric)","","","","","","","1","25"
"nature:thueringer-wald","nature","Thüringer Wald","Gebirge","","Thuringian Forest","","","Q4210","","","","11","17 59 162 256 312 313 684 702 749 772 780"
"nature:thueringische-ebene","nature","Thüringische Ebene","Ebene","","Thuringian Plain","","","","","","","1","4"
"nature:thueringisches-becken","nature","Thüringisches Becken","Becken","","Thuringian Basin","","","","","","","1","9"
"nature:tiebelberg","nature","Tiebelberg","Berg","","Tiebelberg (hill)","","","","","","","1","18"
"nature:tiefenackerbach","nature","Tiefenackerbach","Bach","","Tiefenackerbach stream","","","","","","","1","803"
"nature:tiefenbach","nature","Tiefenbach","Bach","","Tiefenbach stream","","","","","","","2","47 673"
"nature:tiegelsbach","nature","Tiegelsbach","Bach","","Tiegelsbach stream","","","","","","","1","45"
"nature:titschenberg","nature","Titschenberg","Berg","","Titschenberg (hill)","","","","","","","1","777"
"nature:todtenbrunnen","nature","Todtenbrunnen","Quelle","","Todtenbrunnen (spring)","","","","","","","1","789"
"nature:todtenfels","nature","Todtenfels","Fels","","Todtenfels (rock)","","","","","","","5","199 786 789"
"nature:toeffelsberg","nature","Töffelsberg","Berg","","Töffelsberg (hill)","","","","","","","1","766"
"nature:toepenbach","nature","Töpenbach","Bach","","Töpenbach stream","","","","","","","4","46 818"
"nature:toepfersberg","nature","Töpfersberg","Berg","","Töpfersberg (hill)","","","","","","","1","500"
"nature:trea","nature","Trea","Bach","","Trea stream","","","","","","","2","50 616"
"nature:treibe","nature","Treibe","Bach","","Treibe stream","","","","","","","2","52 489"
"nature:triebes","nature","Triebes","Fluss","","Triebes river","","2821191","","","50.72206","12.03348","29","20 47 57 121 167 201 236 244 570 630 631 633 642 647 648 649 650 653 654 677"
"nature:triebesthal","nature","Triebesthal","Tal","Triebestal","Triebes valley","","","","","","","2","631 652"
"nature:triebichsgrund","nature","Triebichsgrund","Tal","","Triebichsgrund (valley)","","","","","","","2","681 682"
"nature:triftbach","nature","Triftbach","Bach","","Triftbach stream","","","","","","","2","53 552"
"nature:trillbach","nature","Trillbach","Bach","","Trillbach stream","","","","","","","1","594"
"nature:trommelberg","nature","Trommelberg","Berg","","Trommelberg (hill)","","","","","","","1","723"
"nature:ullersreuther-hoehe","nature","Ullersreuther Höhe","Höhe","","Ullersreuth heights","","","","","","","3","23 812"
"nature:unstrut","nature","Unstrut","Fluss","","Unstrut river","","","Q168390","","","","6","325 326 327"
"nature:unstrutgebiet","nature","Unstrutgebiet","Flussgebiet","","Unstrut basin","","","","","","","1","324"
"nature:veitsberg","nature","Veitsberg","Berg","","Veitsberg (hill)","","","","","","","1","323"
"nature:vettelholz","nature","Vettelholz","Wald","","Vettelholz (wood near Löhma)","","","","","","","1","609"
"nature:viehberg","nature","Viehberg","Berg","","Viehberg (hill)","","","","","","","2","10 505"
"nature:vogelbach","nature","Vogelbach","Bach","","Vogelbach stream","","","","","","","3","769 770 773"
"nature:vogelberg","nature","Vogelberg","Berg","","Vogelberg (hill)","","2817043","Q31294751","","50.4455","11.54042","2","32 247"
"nature:vogelheerd","nature","Vogelheerd","Berg","","Vogelheerd (hill)","","","","","","","1","649"
"nature:vogelsberg","nature","Vogelsberg","Berg","","Vogelsberg (hill)","","","","","","","3","22 618"
"nature:vogeltraenkbach","nature","Vogeltränkbach","Bach","","Vogeltränkbach stream","","","","","","","1","47"
"nature:voralpen","nature","Voralpen","Gebirge","","Alpine foothills","","","","","","","1","75"
"nature:wachbusch","nature","Wachbusch","Wald","","Wachbusch (wood, historic site)","","","","","","","2","525"
"nature:wachholderberg","nature","Wachholderberg","Berg","","Wachholderberg (hill)","","","","","","","2","10 13"
"nature:wachholderhuegel","nature","Wachholderhügel","Berg","","Wachholderhügel (hill)","","","","","","","1","655"
"nature:wachtelberg","nature","Wachtelberg","Berg","","Wachtelberg (hill)","","","","","","","4","10 480 565"
"nature:wahlteich","nature","Wahlteich","Teich","","Wahlteich (pond)","","","","","","","9","635 639 640"
"nature:waldbach","nature","Waldbach","Bach","","Waldbach stream","","","","","","","4","50 647 650"
"nature:waldenberg","nature","Waldenberg","Berg","","Waldenberg (hill)","","","","","","","1","22"
"nature:warte","nature","Warte","Berg","","Warte (hill)","","","","","","","1","596"
"nature:weckersdorfer-hoehe","nature","Weckersdorfer Höhe","Höhe","","Weckersdorf heights","","","","","","","1","656"
"nature:wegnersbach","nature","Wegnersbach","Bach","","Wegnersbach stream","","","","","","","2","786"
"nature:wehrteich","nature","Wehrteich","Teich","","Wehrteich (pond)","","","","","","","1","590"
"nature:weichhuegel","nature","Weichhügel","Berg","","Weichhügel (hill)","","","","","","","1","14"
"nature:weichsel","nature","Weichsel","Fluss","","Vistula river","","","","","","","4","331 353 833"
"nature:weida","nature","Weida","Fluss","","Weida river","","","","","","","27","5 19 20 34 41 46 49 50 570 622 626 627 628 629 630 654 655 656 660"
"nature:weidaisches-becken","nature","Weidaisches Becken","Becken","","Weida basin","","","","","","","2","9 456"
"nature:weidenbach","nature","Weidenbach","Bach","","Weidenbach stream","","","","","","","2","809 811"
"nature:weidenberg","nature","Weidenberg","Berg","","Weidenberg (hill, field name near Triebes)","","","","","","","1","653"
"nature:weidigsberg","nature","Weidigsberg","Berg","","Weidigsberg (hill)","","","","","","","1","655"
"nature:weidmannsheiler-forst","nature","Weidmannsheiler Forst","Wald","","Weidmannsheiler Forst (forest near Weidmannsheil)","","","","","","","4","23 29 31 726"
"nature:weinberg","nature","Weinberg","Berg","","Weinberg (hill)","","","","","","","11","10 14 22 29 424 505 513 633"
"nature:weinleite","nature","Weinleite","Berg","","Weinleite (hill)","","","","","","","1","10"
"nature:weisse-elster","nature","Weiße Elster","Fluss","","White Elster river","","","Q44729","","","","113","4 5 9 10 11 12 25 38 39 41 42 43 50 51 53 75 77 87 88 119 122 139 155 156 189 200 204 206 213 236 242 249 317 318 320 321 322 323 324 325 326 327 329 407 408 415 420 423 428 430 449 450 451 453 455 456 460 471 477 478 494 497 503 505 507 508 510 514 630 702 706 831 833"
"nature:weisser-stein","nature","Weißer Stein","Fels","","White Rock (Weißer Stein)","","","","","","","2","26 743"
"nature:weisskieselbaechlein","nature","Weißkieselbächlein","Bach","","Weißkieselbächlein stream","","","","","","","1","47"
"nature:welfesholz","nature","Welfesholz","Wald","","Welfesholz (battle site)","","","","","","","1","198"
"nature:wenzelshoehle","nature","Wenzelshöhle","Höhle","","Wenzel cave","","","","","","","1","816"
"nature:werbach","nature","Werbach","Bach","","Werbach stream","","","","","","","1","48"
"nature:wernsdorfer-thal","nature","Wernsdorfer Thal","Tal","","Wernsdorf valley","","","","","","","2","534"
"nature:wettera","nature","Wettera","Fluss","","Wettera stream","","2809979","Q58025429","","50.51941","11.75044","33","19 31 41 47 198 204 242 243 246 666 669 671 672 675 677 678 679 684 689 690 695 697 811"
"nature:wetteragrund","nature","Wetteragrund","Tal","","Wetteragrund (valley of the Wettera)","","","","","","","2","675"
"nature:wetterathal","nature","Wetterathal","Tal","","Wettera valley","","","","","","","3","29 666 694"
"nature:wetzstein","nature","Wetzstein","Berg","","Wetzstein (hill)","","2809874","Q2566264","","50.44607","11.45149","1","772"
"nature:wiesenthal-wisenta","nature","Wiesenthal (Wisenta)","Fluss","","Wiesenthal (Wisenta stream)","","","","","","","3","87 88 122"
"nature:wiesenthal-wetteraplateau","nature","Wiesenthal-Wetteraplateau","Plateau","","Wiesenthal-Wettera plateau","","","","","","","1","18"
"nature:wildstein","nature","Wildstein","Fels","","Wildstein (rock)","","","","","","","1","28"
"nature:windmuehlenberg","nature","Windmühlenberg","Berg","","Windmühlenberg (hill)","","","","","","","2","561 736"
"nature:wipsebach","nature","Wipsebach","Bach","","Wipsebach stream","","2807575","Q34922763","","50.82996","12.08065","8","10 41 52 197 242 248 250 563"
"nature:wipsenberg","nature","Wipsenberg","Berg","","Wipsenberg (hill)","","","","","","","2","10 568"
"nature:wipsengrund","nature","Wipsengrund","Tal","","Wipse valley","","","","","","","1","568"
"nature:wisentthal","nature","Wisentthal","Fluss","Wisenta","Wisenta river","","2807470","Q266605","","50.57921","11.6765","41","25 31 42 47 83 89 204 318 570 579 585 592 593 594 596 599 602 625 626 689 697 698 699 700 701 702 824"
"nature:wittera","nature","Wittera","","","","","","","","","","1","47"
"nature:wolfgalgen","nature","Wolfgalgen","Berg","","Wolfgalgen (hill)","","","","","","","2","29 245"
"nature:wolfsgalgen","nature","Wolfsgalgen","Berg","","Wolfsgalgen (hill)","","","","","","","1","30"
"nature:wolfsgraben","nature","Wolfsgraben","Bach","","Wolfsgraben stream","","","","","","","1","51"
"nature:wurzbach","nature","Wurzbach","Bach","","Wurzbach stream","","","","","","","1","766"
"nature:wuesteholz","nature","Wüsteholz","Wald","","Wüsteholz (wood, field name)","","","","","","","1","783"
"nature:zankteich","nature","Zankteich","Teich","","Zankteich (pond)","","","","","","","1","590"
"nature:zaufensgraben","nature","Zaufensgraben","Bach","","Zaufensgraben stream","","","","","","","5","37 52 198 199 250"
"nature:zeidelbrunnen","nature","Zeidelbrunnen","Quelle","","Zeidelbrunnen (spring)","","","","","","","1","47"
"nature:zeitera","nature","Zeitera","Bach","","Zeitera stream","","2804940","Q104623393","","50.55693","11.90682","3","48 594 697"
"nature:zeiterahuegel","nature","Zeiterahügel","Berg","","Zeiterahügel (hill)","","","","","","","2","29 31"
"nature:zeitzer-wald","nature","Zeitzer Wald","Wald","","Zeitzer Wald (forest near Zeitz)","","","","","","","2","525"
"nature:ziegengrund","nature","Ziegengrund","Tal","","Ziegengrund (valley near Eleonorenthal)","","","","","","","1","52"
"nature:ziegenruecker-plateau","nature","Ziegenrücker Plateau","Plateau","","Ziegenrück plateau","","","","","","","1","20"
"nature:ziezelbach","nature","Ziezelbach","Bach","","Ziezelbach stream","","","","","","","3","41 723 729"
"nature:zipfelteich","nature","Zipfelteich","Teich","","Zipfelteich (pond)","","2804080","Q33322383","","50.6","11.78333","3","48 85 601"
"nature:zippenbusch","nature","Zippenbusch","Berg","","Zippenbusch (hill)","","","","","","","2","14 487"
"nature:zoitsberg","nature","Zoitsberg","Berg","","Zoitsberg (hill near Gera)","","","","","","","8","9 10 52 76 164 205 453 456"
"nature:zoppotha","nature","Zoppotha","Bach","","Zoppotha stream","","","","","","","1","48"
"nature:zschippach","nature","Zschippach","Bach","","Zschippach stream","","","","","","","1","53"
"nature:zschippacher-teich","nature","Zschippacher Teich","Teich","","Zschippach pond","","","","","","","1","553"
"nature:zschipperner-bach","nature","Zschipperner Bach","Bach","","Zschippern stream","","","","","","","1","37"
"nature:zupe","nature","Zupe","Berg","","Zupe (hill)","","","","","","","1","747"
"nature:zwerghoehle","nature","Zwerghöhle","Höhle","","Zwerghöhle (small cave near Milbitz)","","","","","","","2","250 478"
"nature:zwirbelfels","nature","Zwirbelfels","Fels","","Zwirbelfels (rock)","","","","","","","1","789"
"organisation:abtei-saalfeld","organisation","Abtei Saalfeld","Stift","Benediktinerabtei Saalfeld","Saalfeld abbey (Benedictine)","","","Q817038","","","","4","17 322 749 772"
"organisation:actien-stahlgussfabrik-saale","organisation","Actien-Stahlgussfabrik (Saale)","Fabrik","","joint-stock cast-steel factory on the Saale (projected 1867)","","","","","","","1","245"
"organisation:agnesschule-untermhaus","organisation","Agnesschule (Untermhaus)","Schule","","Agnesschule (infant school and training for maids), Untermhaus","","","","","","","2","302 422"
"organisation:alaun-und-vitriolwerk-gueldener-hirsch","organisation","Alaun- und Vitriolwerk „güldener Hirsch“","Bergwerk","","alum and vitriol works 'güldener Hirsch'","","","","","","","2","245"
"organisation:amt-burgk","organisation","Amt Burgk","Behörde","","Amt (bailiwick) Burgk","","","","","","","1","668"
"organisation:amt-gera","organisation","Amt Gera","Behörde","","Amt (bailiwick) Gera","","","","","","","2","491 519"
"organisation:amt-neustadt-an-der-orla","organisation","Amt Neustadt an der Orla","Behörde","","Amt (bailiwick) Neustadt an der Orla","","","","","","","1","616"
"organisation:amt-ronneburg","organisation","Amt Ronneburg","Behörde","","Amt (bailiwick) Ronneburg","","","","","","","1","537"
"organisation:amt-saalburg","organisation","Amt Saalburg","Behörde","","Amt (bailiwick) Saalburg","","","","","","","1","668"
"organisation:amt-schleiz","organisation","Amt Schleiz","Behörde","","Amt (bailiwick) Schleiz","","","","","","","1","659"
"organisation:amtsgericht-lobenstein","organisation","Amtsgericht (Lobenstein)","Behörde","","bailiwick court (Lobenstein)","","","","","","","1","721"
"organisation:appellationsgericht-zu-eisenach","organisation","Appellationsgericht zu Eisenach","Behörde","","Court of Appeal at Eisenach","","","","","","","6","269 281 282"
"organisation:armencommission","organisation","Armencommission","Behörde","","poor-relief commission","","","","","","","1","719"
"organisation:astronomischer-verein-gera","organisation","Astronomischer Verein (Gera)","Verein","","astronomical society, Gera","","","","","","","1","433"
"organisation:baierischer-hof-schleiz","organisation","Baierischer Hof (Schleiz)","Gasthof","","inn 'Baierischer Hof', Schleiz","","","","","","","2","589"
"organisation:bauverein-gera","organisation","Bauverein (Gera)","Verein","","public-benefit building society, Gera (1864)","","","","","","","1","441"
"organisation:bergamt-zu-lobenstein","organisation","Bergamt zu Lobenstein","Behörde","","mining office at Lobenstein","","","","","","","2","274 719"
"organisation:bergbauschule-lobenstein","organisation","Bergbauschule (Lobenstein)","Schule","","mining school, Lobenstein","","","","","","","1","300"
"organisation:bezirksausschuss","organisation","Bezirksausschuss","Behörde","","district committee","","","","","","","1","225"
"organisation:bezirkssteuereinnahme","organisation","Bezirkssteuereinnahme","Behörde","","district tax collection office","","","","","","","4","277"
"organisation:bisthum-zeitz-naumburg","organisation","Bisthum Zeitz-Naumburg","Bisthum","","Bishopric of Zeitz-Naumburg","","","","","","","2","317"
"organisation:brauerei-pforten","organisation","Brauerei Pforten","Betrieb","","brewery at Pforten","","","","","","","1","450"
"organisation:bruedergemeinde-zu-ebersdorf","organisation","Brüdergemeinde zu Ebersdorf","Gemeinde","","Moravian congregation at Ebersdorf (Herrnhuter Brüdergemeine)","","","","","","","8","124 377 381 732 735 738 810"
"organisation:bundesrath-des-norddeutschen-bundes","organisation","Bundesrath des Norddeutschen Bundes","Staatenbund","","Federal Council of the North German Confederation","","","","","","","1","264"
"organisation:bundestag-des-deutschen-bundes","organisation","Bundestag des Deutschen Bundes","Staatenbund","","Federal Diet of the German Confederation","","","Q547751","","","","1","264"
"organisation:buergererholung-hohenleuben","organisation","Bürgererholung (Hohenleuben)","Verein","","citizens' recreation society, Hohenleuben (1860)","","","","","","","1","639"
"organisation:buergerwehr-hohenleuben","organisation","Bürgerwehr (Hohenleuben)","Verein","","citizens' militia, Hohenleuben (1848)","","","","","","","1","639"
"organisation:canzlei","organisation","Canzlei","Behörde","","chancery","","","","","","","1","725"
"organisation:caplanat-corbussen","organisation","Caplanat Corbußen","Kirchenamt","","chaplaincy of Corbußen","","","","","","","1","545"
"organisation:catasterbureau","organisation","Catasterbureau","Behörde","","cadastral office (Gera)","","","","","","","4","8 276 277"
"organisation:chemische-fabrik-heinrichshall","organisation","Chemische Fabrik (Heinrichshall)","Fabrik","","chemical factory at Heinrichshall","","","","","","","8","38 53 252 254 505 513 517"
"organisation:competenzgerichtshof","organisation","Competenzgerichtshof","Behörde","","court of competence (conflicts between courts and administration)","","","","","","","2","269 282"
"organisation:consistorium-der-unitaets-aeltesten-conferenz","organisation","Consistorium der Unitäts-Aeltesten-Conferenz","Behörde","","consistory of the Moravian Elders' Conference (Berthelsdorf)","","","","","","","1","737"
"organisation:consistorium-zu-altenburg","organisation","Consistorium zu Altenburg","Behörde","","consistory at Altenburg (Saxe-Altenburg)","","","","","","","5","291 482 502 541 545"
"organisation:consistorium-zu-baireuth","organisation","Consistorium zu Baireuth","Behörde","","consistory at Bayreuth","","","","","","","1","796"
"organisation:consistorium-zu-gera","organisation","Consistorium zu Gera","Behörde","","consistory at Gera (1604-1863)","","","","","","","7","177 290 291 425 434 713"
"organisation:consistorium-zu-greiz","organisation","Consistorium zu Greiz","Behörde","","consistory at Greiz","","","","","","","3","648 658"
"organisation:consistorium-zu-leipzig","organisation","Consistorium zu Leipzig","Behörde","","consistory at Leipzig","","","","","","","1","758"
"organisation:consistorium-zu-plauen","organisation","Consistorium zu Plauen","Behörde","","consistory at Plauen","","","","","","","3","662 713"
"organisation:convictorium-zu-leipzig","organisation","Convictorium zu Leipzig","Stiftung","","Convictorium at Leipzig (free-board foundation)","","","","","","","1","305"
"organisation:corvey","organisation","Corvey","Kloster","","Corvey Abbey","","","","","","","1","316"
"organisation:criminalgericht","organisation","Criminalgericht","Behörde","","criminal court (Gera, until 1848)","","","","","","","1","434"
"organisation:decanat-grossenstein","organisation","Decanat Großenstein","Kirchenbezirk","","deanery of Großenstein","","","","","","","1","545"
"organisation:deutscher-bund","organisation","Deutscher Bund","Staatenbund","","German Confederation","","","Q151624","","","","3","382 384 392"
"organisation:deutscher-orden","organisation","Deutscher Orden","Orden","","Teutonic Order","","","Q48189","","","","27","19 130 322 333 354 358 369 571 575 584 585 591 599 607 684 686 689 695 698 704"
"organisation:deutscher-orden-zu-zwaetzen","organisation","Deutscher Orden zu Zwätzen","Kommende","","Teutonic Order at Zwätzen","","","","","","","1","698"
"organisation:deutsches-haus-zu-schleiz","organisation","Deutsches Haus zu Schleiz","Kommende","","Teutonic Order commandery (Deutsches Haus) at Schleiz","","","Q28977961","","","","19","575 585 588 594 596 597 620 629 647 677 681 697 700 701 792"
"organisation:deutschordenshaus-plauen","organisation","Deutschordenshaus Plauen","Kommende","","Teutonic Order house (commandery) at Plauen","","","Q28977959","","","","1","795"
"organisation:diaconat-gesell","organisation","Diaconat Gesell","Kirchenamt","","deaconate of Gesell","","","","","","","1","823"
"organisation:diaconat-kronach","organisation","Diaconat Kronach","Kirchenbezirk","","deaconate of Kronach (Bamberg church district)","","","","","","","1","18"
"organisation:domkapitel-brandenburg","organisation","Domkapitel Brandenburg","Domkapitel","","cathedral chapter of Brandenburg","","","","","","","1","340"
"organisation:domkapitel-zeitz","organisation","Domkapitel Zeitz","Domkapitel","","cathedral chapter of Zeitz","","","","","","","1","500"
"organisation:dritte-buergerschule-gera","organisation","Dritte Bürgerschule (Gera)","Schule","","third municipal school, Gera","","","","","","","1","436"
"organisation:ed-glasschen-bankgeschaeft-gera","organisation","Ed. Glaßchen Bankgeschäft (Gera)","Bank","","Ed. Glaß banking house, Gera (bankrupt 1866)","","","","","","","1","441"
"organisation:einschaetzungskommission","organisation","Einschätzungskommission","Behörde","","tax assessment commission","","","","","","","1","277"
"organisation:eisenwerksgesellschaft-zu-huettensteinach","organisation","Eisenwerksgesellschaft zu Hüttensteinach","Firma","","ironworks company of Hüttensteinach","","","","","","","1","246"
"organisation:erholungsgesellschaft-hohenleuben","organisation","Erholungsgesellschaft (Hohenleuben)","Verein","","recreation society, Hohenleuben (since 1830)","","","","","","","1","639"
"organisation:erste-buergerschule-der-knaben-gera","organisation","Erste Bürgerschule der Knaben (Gera)","Schule","","first municipal school for boys, Gera","","","","","","","1","436"
"organisation:erzbisthum-magdeburg","organisation","Erzbisthum Magdeburg","Bistum","","archdiocese of Magdeburg","","","Q27478048","","","","1","713"
"organisation:erzbisthum-mainz","organisation","Erzbisthum Mainz","Bistum","","archdiocese of Mainz","","","Q47194649","","","","2","713 761"
"organisation:fiedlers-baumwollenspinnfabrik","organisation","Fiedlers Baumwollenspinnfabrik","Fabrik","","Fiedler's cotton spinning mill","","","","","","","1","784"
"organisation:forstamt","organisation","Forstamt","Behörde","","forestry office","","","","","","","1","188"
"organisation:forstei","organisation","Forstei","Behörde","","forestry district (Forstei)","","","","","","","3","418 648"
"organisation:forstlehranstalt-zu-eisenach","organisation","Forstlehranstalt zu Eisenach","Schule","","forestry school at Eisenach","","","","","","","1","238"
"organisation:fortbildungsschule-gera","organisation","Fortbildungsschule (Gera)","Schule","","continuation school, Gera","","","","","","","2","436"
"organisation:fortbildungsverein-fuer-gewerbtreibende-gera","organisation","Fortbildungsverein für Gewerbtreibende (Gera)","Verein","","continuing-education society for tradesmen, Gera","","","","","","","1","441"
"organisation:friedensgericht","organisation","Friedensgericht","Behörde","","conciliation court (justice of the peace)","","","","","","","1","282"
"organisation:fuerstenkeller-untermhaus","organisation","Fürstenkeller (Untermhaus)","Gasthof","","Fürstenkeller (tavern at the brewery), Untermhaus","","","","","","","1","422"
"organisation:fuerstliche-kammer","organisation","Fürstliche Kammer","Behörde","","princely chamber (domain administration)","","","","","","","6","246 421 719 727 802 837"
"organisation:fuerstliche-sammlung-inlaendischer-forstproducte","organisation","Fürstliche Sammlung inländischer Forstproducte","Sammlung","","princely collection of native forest products","","","","","","","1","79"
"organisation:gallerie-spaethe-gera","organisation","Gallerie Späthe (Gera)","Galerie","","Gallerie Späthe (art and trade exhibition), Gera","","","","","","","1","440"
"organisation:gaertnerverein-flora-gera","organisation","Gärtnerverein Flora (Gera)","Verein","","gardeners' society 'Flora', Gera","","","","","","","1","214"
"organisation:gasthof-erbprinz-schleiz","organisation","Gasthof Erbprinz (Schleiz)","Gasthof","","inn 'Erbprinz', Schleiz","","","","","","","2","589"
"organisation:gasthof-sonne-schleiz","organisation","Gasthof Sonne (Schleiz)","Gasthof","","inn 'Sonne', Schleiz","","","","","","","1","589"
"organisation:gasthof-zu-den-drei-schwanen-schleiz","organisation","Gasthof zu den drei Schwanen (Schleiz)","Gasthof","","inn 'Three Swans', Schleiz","","","","","","","1","589"
"organisation:gasthof-zum-lindenthal-pforten","organisation","Gasthof zum Lindenthal (Pforten)","Gasthof","","inn 'zum Lindenthal', Pforten","","","","","","","2","450 451"
"organisation:gasthof-zum-mohren-untermhaus","organisation","Gasthof zum Mohren (Untermhaus)","Gasthof","","inn 'zum Mohren', Untermhaus","","","","","","","1","422"
"organisation:gasthof-die-kapelle","organisation","Gasthof „die Kapelle“","Gasthof","","inn 'die Kapelle'","","","","","","","1","692"
"organisation:gemeinde-hohenleuben","organisation","Gemeinde Hohenleuben","Gemeinde","","municipality of Hohenleuben","","","","","","","1","634"
"organisation:gemeinde-kaimberg","organisation","Gemeinde Kaimberg","Gemeinde","","municipality of Kaimberg","","","","","","","1","561"
"organisation:gemeinde-koestritz","organisation","Gemeinde Köstritz","Gemeinde","","municipality of Köstritz","","","","","","","1","499"
"organisation:gemeindebrauhaus","organisation","Gemeindebrauhaus","Betrieb","","communal brewhouse","","","","","","","1","743"
"organisation:generalinspection-zu-erfurt","organisation","Generalinspection zu Erfurt","Behörde","","general inspectorate at Erfurt","","","","","","","1","276"
"organisation:geraer-bank","organisation","Geraer Bank","Bank","","Gera bank (joint-stock, 4 million Thaler capital)","","","","","","","5","262 277 386 431 441"
"organisation:geraer-zeugmacherinnung","organisation","Geraer Zeugmacherinnung","Zunft","","Gera weavers' guild (Zeugmacher)","","","","","","","1","432"
"organisation:gesammtstadtschule-gera","organisation","Gesammtstadtschule (Gera)","Schule","","united municipal school, Gera","","","","","","","2","437 833"
"organisation:gesangverein","organisation","Gesangverein","Verein","","choral society","","","","","","","3","465 639 687"
"organisation:geschworenengericht","organisation","Geschworenengericht","Behörde","","jury court","","","","","","","1","282"
"organisation:gesellschaft-von-freunden-der-naturwissenschaften-in-gera","organisation","Gesellschaft von Freunden der Naturwissenschaften in Gera","Verein","","Society of Friends of the Natural Sciences, Gera","","","","","","","5","54 106 113 441 831"
"organisation:gewerbebank-in-gera","organisation","Gewerbebank in Gera","Bank","","trades bank (Schulze-Delitzsch cooperative), Gera","","","","","","","3","262 303 441"
"organisation:goessnitz-geraer-bahn","organisation","Gößnitz-Geraer Bahn","Eisenbahngesellschaft","","Gößnitz-Gera railway company","","","","","","","1","438"
"organisation:gotteshaus-zu-schleiz","organisation","Gotteshaus zu Schleiz","Stiftung","","church fund (Gotteshaus) of Schleiz","","","","","","","2","677"
"organisation:grossherzogliche-bibliothek-weimar","organisation","Großherzogliche Bibliothek (Weimar)","Bibliothek","","Grand-Ducal Library, Weimar","","","Q50711","","","","1","836"
"organisation:gustav-adolf-stiftung","organisation","Gustav-Adolf-Stiftung","Verein","","Gustavus Adolphus Foundation (Protestant aid society)","","","Q1555465","","","","2","378 639"
"organisation:gymnasialbibliothek-gera","organisation","Gymnasialbibliothek (Gera)","Bibliothek","","grammar school library, Gera","","","","","","","1","837"
"organisation:gymnasium-rutheneum-zu-gera","organisation","Gymnasium Rutheneum zu Gera","Schule","","Gymnasium illustre Rutheneum at Gera (state grammar school)","","","Q1458411","","","","15","300 305 375 376 431 433 435 436 437 445 541"
"organisation:handelskammer","organisation","Handelskammer","Behörde","","chamber of commerce","","","","","","","3","261 309 440"
"organisation:handelsschule-des-dr-amthor-gera","organisation","Handelsschule des Dr. Amthor (Gera)","Schule","","commercial school of Dr. Amthor, Gera","","","","","","","1","300"
"organisation:hauptstaatskasse","organisation","Hauptstaatskasse","Behörde","","central state treasury (Gera, from 1854)","","","","","","","3","276 277"
"organisation:hauptsteueramt","organisation","Hauptsteueramt","Behörde","","main tax office (Gera)","","","","","","","1","837"
"organisation:hebammeninstitut-zu-leipzig","organisation","Hebammeninstitut zu Leipzig","Schule","","midwifery institute at Leipzig","","","","","","","1","274"
"organisation:heilbadeanstalt-lobenstein","organisation","Heilbadeanstalt (Lobenstein)","Anstalt","","spa bath establishment, Lobenstein (1869)","","","","","","","1","715"
"organisation:heinrichstiftung-schleiz","organisation","Heinrichstiftung (Schleiz)","Stiftung","","Heinrich foundation, Schleiz","","","","","","","1","388"
"organisation:hochstift-bamberg","organisation","Hochstift Bamberg","Bistum","Bistum Bamberg","diocese and Hochstift of Bamberg","","","Q561334","","","","8","18 45 322 345 346 811"
"organisation:hochstift-merseburg","organisation","Hochstift Merseburg","Bistum","","diocese and Hochstift of Merseburg","","","Q566770","","","","1","810"
"organisation:hochstift-naumburg","organisation","Hochstift Naumburg","Bistum","Bistum Naumburg (Zeitz-Naumburg)","diocese and Hochstift of Naumburg (Zeitz-Naumburg)","","","Q315609","","","","15","18 19 319 320 321 345 413 414 508 509 511 554 713 811"
"organisation:hoehere-toechterschule-zu-gera","organisation","Höhere Töchterschule zu Gera","Schule","","higher girls' school at Gera","","","","","","","4","436"
"organisation:hospital-beatae-virginis-mariae-gera","organisation","Hospital beatae virginis Mariae (Gera)","Hospital","","hospital of the Blessed Virgin Mary, Gera ('der reiche Spittel')","","","","","","","3","301 433"
"organisation:hospital-st-wolfgang-gera","organisation","Hospital St. Wolfgang (Gera)","Hospital","","St Wolfgang hospital, Gera ('der arme Spittel')","","","","","","","3","301 433 833"
"organisation:hospital-zu-wunsiedel","organisation","Hospital zu Wunsiedel","Hospital","","hospital at Wunsiedel","","","","","","","1","797"
"organisation:hospitalgericht-lobenstein","organisation","Hospitalgericht (Lobenstein)","Behörde","","hospital court (Lobenstein)","","","","","","","1","721"
"organisation:inspectionsamt-lobenstein","organisation","Inspectionsamt Lobenstein","Behörde","","inspection office (church supervision) Lobenstein","","","","","","","2","725 791"
"organisation:jagdausschuss","organisation","Jagdausschuß","Gemeindeorgan","","hunting committee (municipal)","","","","","","","1","127"
"organisation:johannesstift-tangermuende","organisation","Johannesstift Tangermünde","Stift","","St John's collegiate foundation at Tangermünde","","","","","","","1","340"
"organisation:johanneszeche","organisation","Johanneszeche","Bergwerk","","Johanneszeche alum and vitriol works (1747-c. 1802)","","","","","","","1","803"
"organisation:justizamt","organisation","Justizamt","Behörde","","justice office (lower court)","","","","","","","8","277 422 639 719 837"
"organisation:justizamt-ebersdorf","organisation","Justizamt Ebersdorf","Behörde","","justice office at Ebersdorf","","","","","","","1","737"
"organisation:justizamt-lobenstein","organisation","Justizamt Lobenstein","Behörde","","justice office at Lobenstein","","","","","","","1","737"
"organisation:kalandbrueder-schleiz","organisation","Kalandbrüder (Schleiz)","Bruderschaft","","Kaland brotherhood, Schleiz","","","","","","","1","584"
"organisation:kalandsbruedergesellschaft-pahren","organisation","Kalandsbrüdergesellschaft (Pahren)","Bruderschaft","","Kaland brotherhood, Pahren (1350)","","","","","","","1","622"
"organisation:kaltwasserheilanstalt-langenberg","organisation","Kaltwasserheilanstalt (Langenberg)","Anstalt","","cold-water cure establishment, Langenberg","","","","","","","4","43 510 513 741"
"organisation:kammer-commissariat","organisation","Kammer-Commissariat","Behörde","","chamber commissariat (Untermhaus)","","","","","","","1","422"
"organisation:kaemmeraholzgelderkasse","organisation","Kämmeraholzgelderkasse","Kasse","","municipal fund for wood money (Kämmerei)","","","","","","","1","686"
"organisation:kammerarchiv","organisation","Kammerarchiv","Behörde","","chamber archive (Schleiz castle)","","","","","","","1","581"
"organisation:kanitz-sche-buchhandlung","organisation","Kanitz'sche Buchhandlung","Firma","","Kanitz bookshop","","","","","","","1","I"
"organisation:katholische-kirche","organisation","Katholische Kirche","Kirche","","Catholic Church","","","Q9592","","","","3","176 350"
"organisation:kirchen-und-schulcommission","organisation","Kirchen- und Schulcommission","Behörde","","church and school commissions (intermediate authority)","","","","","","","1","297"
"organisation:kirchen-und-schulcommission-zu-schleiz","organisation","Kirchen- und Schulcommission zu Schleiz","Behörde","","church and school commission at Schleiz","","","","","","","1","310"
"organisation:kirchenbehoerde-hof","organisation","Kirchenbehörde Hof","Behörde","","church authority at Hof","","","","","","","1","796"
"organisation:kirchkastengericht-zu-saalburg","organisation","Kirchkastengericht zu Saalburg","Behörde","","church-chest court at Saalburg","","","","","","","1","668"
"organisation:klarenkloster-hof","organisation","Klarenkloster Hof","Kloster","","convent of St Clare at Hof","","","","","","","3","337 338"
"organisation:kloster","organisation","Kloster","Kloster","","monastery","","","","","","","1","820"
"organisation:kloster-ahaufen","organisation","Kloster Ahaufen","Kloster","","Ahaufen monastery","","","","","","","1","575"
"organisation:kloster-bosau","organisation","Kloster Bosau","Kloster","Kloster Posa (Bosau) bei Zeitz","Bosau Abbey","","","Q1775807","","","","13","445 471 478 479 500 509 520 533 536 542 553"
"organisation:kloster-buch","organisation","Kloster Buch","Kloster","","Buch monastery (near Leisnig)","","","Q1775093","","","","3","327 355 364"
"organisation:kloster-cronswitz","organisation","Kloster Cronswitz","Kloster","Kloster Cronschwitz","Cronschwitz convent (nunnery near Weida)","","","Q15117177","","","","50","198 321 322 330 331 339 343 344 346 350 354 355 356 367 413 427 452 453 454 456 462 463 464 466 482 485 554 555 556 557 558 565 569 636 645"
"organisation:kloster-des-heil-bonifacius-bei-schleiz","organisation","Kloster des heil. Bonifacius (bei Schleiz)","Kloster","","monastery of St Boniface near Schleiz","","","","","","","1","585"
"organisation:kloster-frankenhausen","organisation","Kloster Frankenhausen","Kloster","","Frankenhausen convent","","","","","","","1","368"
"organisation:kloster-gernrode","organisation","Kloster Gernrode","Kloster","Stift Gernrode","Gernrode convent (Stift)","","","Q997346","","","","1","371"
"organisation:kloster-gruenhain","organisation","Kloster Grünhain","Kloster","","Grünhain monastery","","","Q876202","","","","1","334"
"organisation:kloster-heusdorf","organisation","Kloster Heusdorf","Kloster","","Heusdorf monastery","","","","","","","1","575"
"organisation:kloster-langheim","organisation","Kloster Langheim","Kloster","","Langheim monastery","","2887452","","","50.11216","11.11113","1","342"
"organisation:kloster-langheim-2","organisation","Kloster Langheim","Kloster","","Langheim monastery (Franconia)","","","Q1357562","","","","4","709 774"
"organisation:kloster-lausnitz","organisation","Kloster Lausnitz","Kloster","Kloster Lausnitz (Bad Klosterlausnitz)","Lausnitz monastery (Klosterlausnitz)","","","Q1775490","","","","20","199 327 334 342 354 402 413 447 464 484 485 487 488 489 490 502"
"organisation:kloster-mildenfurt","organisation","Kloster Mildenfurt","Kloster","Kloster Mildenfurth","Mildenfurth monastery (Premonstratensian, near Weida)","","","Q1750267","","","","7","198 322 329 330 368 455 517"
"organisation:kloster-mildenfurth","organisation","Kloster Mildenfurth","Kloster","","Mildenfurth monastery","","2871139","","","50.78966","12.08109","1","328"
"organisation:kloster-muenchenbernsdorf","organisation","Kloster Münchenbernsdorf","Kloster","","Münchenbernsdorf monastery","","","","","","","1","461"
"organisation:kloster-pegau","organisation","Kloster Pegau","Kloster","","Pegau monastery","","","Q1726733","","","","1","356"
"organisation:kloster-pforte","organisation","Kloster Pforte","Kloster","Kloster Pforta (Schulpforta)","Pforta monastery","","","Q206083","","","","1","334"
"organisation:kloster-reinhardsbrunn","organisation","Kloster Reinhardsbrunn","Kloster","","Reinhardsbrunn monastery","","","","","","","1","325"
"organisation:kloster-sichem","organisation","Kloster Sichem","Kloster","","Sichem abbey","","","","","","","1","331"
"organisation:kloster-volkenrode","organisation","Kloster Volkenrode","Kloster","Kloster Volkenroda","Volkenrode (Volkenroda) monastery","","","Q324119","","","","4","325 326 335"
"organisation:kloster-waldsachsen","organisation","Kloster Waldsachsen","Kloster","","Waldsachsen convent","","","","","","","4","335 337 359 368"
"organisation:kloster-zella","organisation","Kloster Zella","Kloster","","Zella monastery","","","","","","","1","575"
"organisation:kloster-zum-heil-kreuz-bei-saalburg","organisation","Kloster zum heil. Kreuz bei Saalburg","Kloster","","Monastery of the Holy Cross near Saalburg","","","","","","","53","34 131 137 199 343 344 345 425 537 585 596 604 625 661 663 664 666 669 672 673 674 676 679 681 682 683 689 690 692 693 695 697 699 700 704 717 742 754 757 760 792 795 798 806 822 827"
"organisation:klosteramt-lobenstein","organisation","Klosteramt (Lobenstein)","Behörde","","monastery bailiwick (court for the estates of the Saalburg monastery in Lobenstein)","","","","","","","2","721 817"
"organisation:knaben-pensionsanstalt-ebersdorf","organisation","Knaben-Pensionsanstalt (Ebersdorf)","Schule","","boys' boarding school of the Moravian congregation at Ebersdorf","","","","","","","1","738"
"organisation:koenigin-marienhuette-cainsdorf-bei-zwickau","organisation","Königin-Marienhütte (Cainsdorf bei Zwickau)","Fabrik","","Königin-Marienhütte ironworks near Zwickau","","","Q1392370","","","","2","244 596"
"organisation:koeniglich-preussische-muenzstaette-zu-berlin","organisation","Königlich preußische Münzstätte zu Berlin","Behörde","","Royal Prussian mint at Berlin","","","","","","","1","278"
"organisation:koenigsberger-liederbund","organisation","Königsberger Liederbund","Verein","","Königsberg song circle (of Simon Dach)","","","","","","","1","722"
"organisation:kreisausschuss","organisation","Kreisausschuss","Behörde","","district committee (appeal body in tax matters)","","","","","","","1","277"
"organisation:kreisgericht","organisation","Kreisgericht","Behörde","","district court (Kreisgericht)","","","","","","","6","286 837"
"organisation:kuechengarten-gesellschaft-gera","organisation","Küchengarten-Gesellschaft (Gera)","Verein","","Küchengarten society, Gera","","","","","","","1","837"
"organisation:land-und-forstwirthschaftlicher-verein-gera","organisation","Land- und forstwirthschaftlicher Verein (Gera)","Verein","","agricultural and forestry society, Gera","","","","","","","3","441 639 839"
"organisation:landesadministration","organisation","Landesadministration","Behörde","","state administration (Gera, until 1848)","","","","","","","1","434"
"organisation:landesregierung","organisation","Landesregierung","Behörde","","state government (Gera, until 1848)","","","","","","","1","434"
"organisation:landesseminar-zu-schleiz","organisation","Landesseminar zu Schleiz","Schule","","teachers' seminary of the state at Schleiz","","","","","","","2","388 603"
"organisation:landkrankenhaus-zu-jena","organisation","Landkrankenhaus zu Jena","Anstalt","","state hospital at Jena","","","","","","","1","274"
"organisation:landrathsamt","organisation","Landrathsamt","Behörde","","district office (Landrathsamt)","","","","","","","3","277 837"
"organisation:landrentenbank","organisation","Landrentenbank","Bank","","state land-annuity bank (planned)","","","","","","","3","229 230 386"
"organisation:landtag","organisation","Landtag","Landtag","","Landtag (state parliament of the principality)","","","Q23787473","","","","11","268 297 388"
"organisation:langenberger-spital","organisation","Langenberger Spital","Hospital","","hospital of Langenberg","","","","","","","1","505"
"organisation:leipziger-messe","organisation","Leipziger Messe","Messe","","Leipzig trade fair","","","Q126869879","","","","1","687"
"organisation:lesezirkel-hohenleuben","organisation","Lesezirkel (Hohenleuben)","Verein","","reading circle, Hohenleuben (since 1842)","","","","","","","1","639"
"organisation:liedertafel","organisation","Liedertafel","Verein","","Liedertafel (male choral society)","","","","","","","2","440 590"
"organisation:luther-liedertafel-hohenleuben","organisation","Luther-Liedertafel (Hohenleuben)","Verein","","Luther Liedertafel (choral society), Hohenleuben, founded 1846","","","","","","","1","639"
"organisation:lutherische-kirche","organisation","Lutherische Kirche","Kirche","","Lutheran Church","","","","","","","2","106 310"
"organisation:magdeburger-landfeuersocietaet","organisation","Magdeburger Landfeuersocietät","Versicherung","","Magdeburg rural fire insurance society","","","","","","","4","303 379 836"
"organisation:magdeburger-schoeppenstuhl","organisation","Magdeburger Schöppenstuhl","Gericht","","Magdeburg court of aldermen (Schöppenstuhl)","","","","","","","1","359"
"organisation:marienkloster-altenburg","organisation","Marienkloster Altenburg","Kloster","","St Mary's monastery at Altenburg","","","","","","","4","334 337 354"
"organisation:marienkloster-eisenberg","organisation","Marienkloster Eisenberg","Kloster","","St Mary's convent at Eisenberg","","","","","","","1","490"
"organisation:michaelisschule-zu-lueneburg","organisation","Michaelisschule zu Lüneburg","Schule","","Michaelisschule at Lüneburg","","","","","","","1","674"
"organisation:michaelskloster-bamberg","organisation","Michaelskloster Bamberg","Kloster","Kloster Michelsberg, Bamberg","St Michael's monastery, Bamberg","","","Q555168","","","","1","17"
"organisation:ministerium-abtheilung-fuer-das-innere","organisation","Ministerium, Abtheilung für das Innere","Behörde","","Ministry, department of the interior","","","","","","","1","303"
"organisation:ministerium-abtheilung-fuer-justiz","organisation","Ministerium, Abtheilung für Justiz","Behörde","","Ministry, department of justice","","","","","","","2","281 282"
"organisation:ministerium-abtheilung-fuer-kirchen-und-schulangelegenheiten","organisation","Ministerium, Abtheilung für Kirchen- und Schulangelegenheiten","Behörde","","Ministry, department of church and school affairs","","","","","","","1","713"
"organisation:mitscher-roestell-berlin","organisation","Mitscher & Röstell (Berlin)","Firma","","Mitscher & Röstell, bookseller, Berlin","","","","","","","1","838"
"organisation:naeh-und-strickschule-hohenleuben","organisation","Näh- und Strickschule (Hohenleuben)","Schule","","sewing and knitting school, Hohenleuben","","","","","","","1","639"
"organisation:naturwissenschaftlicher-verein-in-schleiz","organisation","Naturwissenschaftlicher Verein in Schleiz","Verein","","Natural Science Society, Schleiz","","","","","","","3","70 590 839"
"organisation:norddeutscher-bund","organisation","Norddeutscher Bund","Staatenbund","","North German Confederation","","","Q150981","","","","5","209 264 388 392 815"
"organisation:oberappellationsgericht-zu-jena","organisation","Oberappellationsgericht zu Jena","Behörde","","Higher Court of Appeal at Jena","","","Q120754826","","","","5","281 282 378 737 833"
"organisation:paragiatsrentamt","organisation","Paragiatsrentamt","Behörde","","revenue office of the apanage lordship","","","","","","","1","639"
"organisation:pensionsanstalt","organisation","Pensionsanstalt","Anstalt","","pension fund for civil servants (since 1847)","","","","","","","1","270"
"organisation:pestalozziverein","organisation","Pestalozziverein","Verein","","Pestalozzi Society (teachers' relief), founded 1866","","","","","","","1","297"
"organisation:pfarrei-dittersdorf","organisation","Pfarrei Dittersdorf","Pfarrei","","parish of Dittersdorf","","","","","","","1","612"
"organisation:pfarrei-gahma","organisation","Pfarrei Gahma","Pfarrei","","parish of Gahma","","","","","","","1","761"
"organisation:pfarrei-koestritz","organisation","Pfarrei Köstritz","Pfarrei","","parish of Köstritz","","","","","","","1","500"
"organisation:pfarrei-lobenstein","organisation","Pfarrei Lobenstein","Pfarrei","","parish of Lobenstein","","","","","","","1","741"
"organisation:pfarrei-ruppersdorf","organisation","Pfarrei Ruppersdorf","Pfarrei","","parish of Ruppersdorf","","","","","","","1","749"
"organisation:pfarrei-tanna","organisation","Pfarrei Tanna","Pfarrei","","parish of Tanna","","","","","","","1","792"
"organisation:pfarreien-zeulenroda-und-leitlitz","organisation","Pfarreien Zeulenroda und Leitlitz","Pfarrei","","parishes of Zeulenroda and Leitlitz","","","","","","","1","659"
"organisation:pfarrgericht-lobenstein","organisation","Pfarrgericht (Lobenstein)","Behörde","","parish court (Lobenstein)","","","","","","","1","721"
"organisation:physicatsvertretung","organisation","Physicatsvertretung","Behörde","","deputy of the district physician","","","","","","","1","639"
"organisation:polizeidirectorium","organisation","Polizeidirectorium","Behörde","","police directorate (Gera, until 1848)","","","","","","","1","434"
"organisation:preussische-post-gera","organisation","Preußische Post (Gera)","Behörde","","Prussian post (Gera)","","","","","","","1","434"
"organisation:preussischer-generalstab","organisation","Preußischer Generalstab","Behörde","","Prussian General Staff","","","","","","","2","6 8"
"organisation:preussisches-telegraphenbureau-gera","organisation","Preußisches Telegraphenbureau (Gera)","Behörde","","Prussian telegraph office (Gera)","","","","","","","1","434"
"organisation:rath-zu-saalburg","organisation","Rath zu Saalburg","Behörde","","town council of Saalburg","","","","","","","1","677"
"organisation:rathskreischule-gera","organisation","Rathskreischule (Gera)","Schule","","council district school (school for the poor), Gera","","","","","","","1","436"
"organisation:realschule-zu-gera","organisation","Realschule zu Gera","Schule","","Realschule at Gera (secondary school)","","","","","","","7","300 436"
"organisation:reichstag-des-norddeutschen-bundes","organisation","Reichstag des Norddeutschen Bundes","Staatenbund","","Reichstag of the North German Confederation","","","Q321246","","","","1","264"
"organisation:rentamt","organisation","Rentamt","Behörde","","revenue office","","","","","","","4","422 581 732 838"
"organisation:rettungshaus-hohenleuben","organisation","Rettungshaus (Hohenleuben)","Anstalt","","rescue home for neglected children, Hohenleuben","","","","","","","3","634 639"
"organisation:rheinbund","organisation","Rheinbund","Staatenbund","","Confederation of the Rhine","","","Q154741","","","","4","382 384 392 810"
"organisation:rutheneum-zu-schleiz","organisation","Rutheneum zu Schleiz","Schule","","Rutheneum at Schleiz (grammar school)","","","","","","","3","586"
"organisation:saechsisch-bayerische-staatseisenbahn","organisation","Sächsisch-Bayerische Staatseisenbahn","Eisenbahngesellschaft","","Saxon-Bavarian State Railway","","","","","","","1","262"
"organisation:saechsisches-telegraphenbureau-gera","organisation","Sächsisches Telegraphenbureau (Gera)","Behörde","","Saxon telegraph office (Gera)","","","","","","","1","434"
"organisation:salzsteueramt-heinrichshall","organisation","Salzsteueramt (Heinrichshall)","Behörde","","salt tax office at Heinrichshall","","","","","","","1","277"
"organisation:saengerchor-hohenleuben","organisation","Sängerchor (Hohenleuben)","Verein","","singers' choir, Hohenleuben (1857)","","","","","","","1","639"
"organisation:schule-zu-kulm","organisation","Schule zu Kulm","Schule","","school of Kulm","","","","","","","1","677"
"organisation:schule-zu-untermhaus","organisation","Schule zu Untermhaus","Schule","","school of Untermhaus","","","","","","","1","449"
"organisation:schulvorstand","organisation","Schulvorstand","Gemeindeorgan","","school board (municipal)","","","","","","","1","127"
"organisation:schuetzencompagnie-hohenleuben","organisation","Schützencompagnie (Hohenleuben)","Verein","","rifle company, Hohenleuben (1860)","","","","","","","1","639"
"organisation:schuetzengesellschaft-gera","organisation","Schützengesellschaft (Gera)","Verein","","rifle society, Gera","","","","","","","2","441 590"
"organisation:schuetzenverein","organisation","Schützenverein","Verein","","rifle society","","","","","","","2","687 736"
"organisation:silberbergwerk-fortuna","organisation","Silberbergwerk Fortuna","Bergwerk","","silver mine Fortuna","","","","","","","1","764"
"organisation:sonntagszeichenschule-gera","organisation","Sonntagszeichenschule (Gera)","Schule","","Sunday drawing school, Gera","","","","","","","2","436"
"organisation:sparkasse-zu-gera","organisation","Sparkasse zu Gera","Bank","","savings bank, Gera (state institution since 1843)","","","","","","","1","441"
"organisation:sparkasse-zu-lobenstein","organisation","Sparkasse zu Lobenstein","Bank","","savings bank, Lobenstein","","","","","","","1","815"
"organisation:sparkasse-zu-schleiz","organisation","Sparkasse zu Schleiz","Bank","","savings bank, Schleiz","","","","","","","3","639 719"
"organisation:st-annakloster-hof","organisation","St. Annakloster (Hof)","Kloster","","St Anna monastery at Hof","","","","","","","2","794"
"organisation:st-marienkirche-zu-erfurt-marienstift","organisation","St. Marienkirche zu Erfurt (Marienstift)","Stift","","collegiate church of St Mary at Erfurt","","","","","","","1","756"
"organisation:staatsanwaltschaft","organisation","Staatsanwaltschaft","Behörde","","public prosecutor's office","","","","","","","1","282"
"organisation:staatsministerium","organisation","Staatsministerium","Behörde","","State Ministry (government of the principality, Gera)","","","","","","","16","265 268 270 273 276 277 281 290 297 305 310 434 436 725"
"organisation:stadtgericht-lobenstein","organisation","Stadtgericht (Lobenstein)","Behörde","","town court (Lobenstein)","","","","","","","1","721"
"organisation:staedtisches-krankenhaus-gera","organisation","Städtisches Krankenhaus (Gera)","Anstalt","","municipal hospital, Gera (founded 1850)","","","","","","","2","56 433"
"organisation:stadtrath","organisation","Stadtrath","Behörde","","town council","","","","","","","5","719 722 839"
"organisation:stadtrath-zu-tanna","organisation","Stadtrath zu Tanna","Behörde","","town council of Tanna","","","","","","","1","701"
"organisation:stenographenverein-gera","organisation","Stenographenverein (Gera)","Verein","","shorthand society, Gera","","","","","","","1","441"
"organisation:steueramt","organisation","Steueramt","Behörde","","tax office","","","","","","","3","277 719"
"organisation:steuerdirectorium","organisation","Steuerdirectorium","Behörde","","tax directorate","","","","","","","2","7 434"
"organisation:steuerreceptur","organisation","Steuerreceptur","Behörde","","tax collection point","","","","","","","3","277 639"
"organisation:stift-bibra","organisation","Stift Bibra","Stift","","Bibra convent (Stift)","","","","","","","2","325 337"
"organisation:stift-fulda","organisation","Stift Fulda","Stift","","Fulda abbey","","","","","","","1","315"
"organisation:stift-quedlinburg","organisation","Stift Quedlinburg","Stift","","Quedlinburg abbey (imperial convent)","","","Q829708","","","","9","130 278 320 321 340 414 425 435"
"organisation:taubstummenanstalt-gera","organisation","Taubstummenanstalt (Gera)","Schule","","institution for the deaf-mute, Gera","","","","","","","2","300 603"
"organisation:thueringer-brandversicherungsverein","organisation","Thüringer Brandversicherungsverein","Verein","","Thuringian fire insurance society","","","","","","","1","304"
"organisation:thueringer-kunstverein","organisation","Thüringer Kunstverein","Verein","","Thuringian art society","","","","","","","1","440"
"organisation:thueringische-eisenbahn-gesellschaft","organisation","Thüringische Eisenbahn-Gesellschaft","Eisenbahngesellschaft","","Thuringian Railway Company","","","Q282452","","","","3","12 262 434"
"organisation:thueringischer-zollverein","organisation","Thüringischer Zollverein","Zollverein","","Thuringian customs union","","","","","","","1","261"
"organisation:unitaetsdirection-herrnhut-berthelsdorf","organisation","Unitätsdirection (Herrnhut/Berthelsdorf)","Behörde","","Moravian Unity directorate at Berthelsdorf near Herrnhut","","","","","","","2","737 738"
"organisation:universitaet-leipzig","organisation","Universität Leipzig","Hochschule","","University of Leipzig","","","Q154804","","","","2","305 722"
"organisation:v-puttkammer-muehlbrecht-berlin","organisation","v. Puttkammer & Mühlbrecht (Berlin)","Firma","","v. Puttkammer & Mühlbrecht, bookseller, Berlin","","","","","","","1","838"
"organisation:v-wiese-sches-buergerrettungs-und-industriebefoerderungsinst","organisation","v. Wiese’sches Bürgerrettungs- und Industriebeförderungsinstitut (Gera)","Stiftung","","v. Wiese foundation for the rescue of citizens and the promotion of industry, Gera","","","","","","","1","449"
"organisation:verwaltungsamt-schleiz","organisation","Verwaltungsamt Schleiz","Behörde","","administrative office (Verwaltungsamt) Schleiz","","","","","","","1","49"
"organisation:voigtlaendischer-alterthumsforschender-verein-zu-hohenleuben","organisation","Voigtländischer alterthumsforschender Verein zu Hohenleuben","Verein","","Voigtland Antiquarian Society, Hohenleuben","","","Q51189098","","","","11","301 312 458 627 629 633 634 637 639 839"
"organisation:volksleseanstalt-fuer-das-reussische-oberland","organisation","Volksleseanstalt für das reußische Oberland","Bibliothek","","public reading institution for the Reuss Upland (Schleiz)","","","","","","","1","587"
"organisation:vorschussverein-in-schleiz","organisation","Vorschussverein in Schleiz","Bank","","credit cooperative (Vorschussverein), Schleiz","","","","","","","1","262"
"organisation:waisenhausanstalt-ebersdorf","organisation","Waisenhausanstalt (Ebersdorf)","Anstalt","","orphanage institution of the Moravian congregation at Ebersdorf","","","","","","","1","737"
"organisation:webschule-gera","organisation","Webschule (Gera)","Schule","","weaving school, Gera","","","","","","","2","436"
"organisation:weidaische-terminei-gera","organisation","Weidaische Terminei (Gera)","Kloster","","collecting house (Terminei) of the Weida friars, Gera","","","","","","","1","433"
"organisation:zeitzer-kirchkasten","organisation","zeitzer Kirchkasten","","","","","","","","","","1","527"
"organisation:zollverein","organisation","Zollverein","Zollverein","","German Customs Union (Zollverein)","","","Q155707","","","","4","260 378 384 387"
"organisation:zweite-buergerschule-gera","organisation","Zweite Bürgerschule (Gera)","Schule","","second municipal school, Gera","","","","","","","1","436"
"organism:110-r","organism","110 R","","","","","","","","","","1","492"
"organism:203-r","organism","203 R","","","","","","","","","","1","606"
"organism:acer-pseudoplatanus","organism","Acer Pseudoplatanus","Pflanze","Bergahorn","sycamore maple","Acer pseudoplatanus","","","3189870","","","1","72"
"organism:achillea-tanacetifolia","organism","Achillea tanacetifolia","Pflanze","","","Achillea tanacetifolia","","","6303234","","","2","74 75"
"organism:ackerbrombeere","organism","Ackerbrombeere","Pflanze","","dewberry","Rubus caesius","","","2995209","","","1","830"
"organism:ackerwinde","organism","Ackerwinde","Pflanze","","field bindweed","Convolvulus arvensis","","","2928390","","","1","174"
"organism:aconitum-variegatum","organism","Aconitum variegatum","Pflanze","","","Aconitum variegatum","","","8090449","","","1","73"
"organism:adler","organism","Adler","Tier","","eagle","Accipitridae","","","2877","","","2","124 814"
"organism:agrostis-halleriana","organism","Agrostis Halleriana","Pflanze","","","Agrostis halleriana","","","","","","1","74"
"organism:ahorn","organism","Ahorn","Pflanze","","maple","Acer","","","3189834","","","3","78 79 611"
"organism:ajuga-chamaepitys","organism","Ajuga Chamaepitys","Pflanze","","","Ajuga chamaepitys","","","2927080","","","1","73"
"organism:alant","organism","Alant","Pflanze","","elecampane","Inula helenium","","","3148340","","","2","174"
"organism:alge","organism","Alge","Pflanze","","algae","","","","","","","2","74 75"
"organism:allermannsharnisch","organism","Allermannsharnisch","Pflanze","","alpine leek","Allium victorialis","","","2857132","","","2","174 185"
"organism:allium-acutangulum","organism","Allium acutangulum","Pflanze","","","Allium acutangulum","","","","","","1","81"
"organism:allium-rotundum","organism","Allium rotundum","Pflanze","","","Allium rotundum","","","2855963","","","1","73"
"organism:allium-saxatile","organism","Allium saxatile","Pflanze","","","Allium saxatile","","","2855937","","","1","73"
"organism:allogonium-converfaceum","organism","Allogonium converfaceum","Pflanze","","","Allogonium converfaceum","","","","","","1","77"
"organism:aloe","organism","Aloe","Pflanze","","aloe","Aloe","","","2770879","","","1","174"
"organism:alpen-meer-und-kleine-strandlaeufer","organism","Alpen-, Meer- und kleine Strandläufer","Tier","","sandpipers (three species)","Calidris","","","2481739","","","1","86"
"organism:alraune","organism","Alraune","Pflanze","","mandrake (root)","","","","","","","1","175"
"organism:amaranthus-blitum","organism","Amaranthus Blitum","Pflanze","","","Amaranthus blitum","","","8911082","","","1","73"
"organism:amaranthus-retroflexus","organism","Amaranthus retroflexus","Pflanze","","","Amaranthus retroflexus","","","6109534","","","1","73"
"organism:ameise","organism","Ameise","Tier","","ant","Formicidae","","","4342","","","3","90 207 609"
"organism:ampfer","organism","Ampfer","Pflanze","","dock","Rumex","","","2888942","","","2","175 830"
"organism:amphibien","organism","Amphibien","Tier","","amphibians","Amphibia","","","131","","","2","82 86"
"organism:amsel","organism","Amsel","Tier","","blackbird","Turdus merula","","","2490719","","","1","84"
"organism:anacamptis-pyramidalis","organism","Anacamptis pyramidalis","Pflanze","","","Anacamptis pyramidalis","","","2808330","","","1","73"
"organism:andropogon-ischaemon","organism","Andropogon Ischaemon","Pflanze","","","Andropogon ischaemon","","","7350774","","","1","73"
"organism:anemone-nemorosa","organism","Anemone nemorosa","Pflanze","","","Anemone nemorosa","","","3033263","","","2","60"
"organism:anis","organism","Anis","Pflanze","","anise","Pimpinella anisum","","","8080300","","","3","174 175 197"
"organism:anthericum-ramosum","organism","Anthericum ramosum","Pflanze","","","Anthericum ramosum","","","2773942","","","1","73"
"organism:antirrhinum-orontium","organism","Antirrhinum Orontium","Pflanze","","","Antirrhinum orontium","","","7332995","","","1","73"
"organism:apfel","organism","Apfel","Pflanze","","apple","Malus domestica","","","3001244","","","5","60 192 193 216"
"organism:apfelruessler","organism","Apfelrüßler","Tier","","apple blossom weevil","Anthonomus pomorum","","","7634747","","","1","89"
"organism:apocynum-venetum","organism","Apocynum Venetum","Pflanze","","","Apocynum venetum","","","","","","4","73 75 830"
"organism:arabis-arenosa","organism","Arabis arenosa","Pflanze","","","Arabis arenosa","","","3052509","","","1","73"
"organism:arabis-brassiciformis","organism","Arabis brassiciformis","Pflanze","","","Arabis brassiciformis","","","5376286","","","1","73"
"organism:arabis-halleri","organism","Arabis Halleri","Pflanze","","","Arabis halleri","","","3052450","","","1","73"
"organism:archangelica-officinalis","organism","Archangelica officinalis","Pflanze","","","Archangelica officinalis","","","7065260","","","1","74"
"organism:armfussmuschel","organism","Armfußmuschel","Tier","","brachiopod (fossil)","Brachiopoda","","","110","","","1","38"
"organism:arnoseris-pusilla","organism","Arnoseris pusilla","Pflanze","","","Arnoseris pusilla","","","3087403","","","1","74"
"organism:aronstab","organism","Aronstab","Pflanze","Aronstab","lords-and-ladies","Arum maculatum","","","5330580","","","1","174"
"organism:aesche","organism","Äsche","Tier","","grayling","Thymallus thymallus","","","5203999","","","1","88"
"organism:asperugo-procumbens","organism","Asperugo procumbens","Pflanze","","","Asperugo procumbens","","","2926055","","","1","73"
"organism:asperula-cynanchica","organism","Asperula cynanchica","Pflanze","","","Asperula cynanchica","","","12223934","","","1","74"
"organism:aster-alpinus","organism","Aster alpinus","Pflanze","","","Aster alpinus","","","5387396","","","1","74"
"organism:atrypa-concentrica","organism","Atrypa concentrica","Tier","","brachiopod (fossil)","Atrypa concentrica","","","","","","1","33"
"organism:attigbeere","organism","Attigbeere","Pflanze","","dwarf elder","Sambucus ebulus","","","2888722","","","1","174"
"organism:austernfischer","organism","Austernfischer","Tier","","oystercatcher","Haematopus ostralegus","","","7788295","","","1","86"
"organism:bachbunge","organism","Bachbunge","Pflanze","","brooklime","Veronica beccabunga","","","3172062","","","1","174"
"organism:bachstelze","organism","Bachstelze","Tier","","white wagtail","Motacilla alba","","","9687165","","","3","61 86"
"organism:baldrian","organism","Baldrian","Pflanze","","valerian","Valeriana officinalis","","","2888763","","","1","175"
"organism:balea-fragilis","organism","Balea fragilis","Tier","","door snail","Balea fragilis","","","5781968","","","1","88"
"organism:bandschmerle","organism","Bandschmerle","Tier","Steinbeißer","spined loach","Cobitis taenia","","","2368185","","","2","831"
"organism:baer","organism","Bär","Tier","","brown bear","Ursus arctos","","","2433433","","","6","82 199 204 590 702 726"
"organism:barbaraea-arcuata","organism","Barbaraea arcuata","Pflanze","","","Barbaraea arcuata","","","5708780","","","1","73"
"organism:baerenkuemmel","organism","Bärenkümmel","Pflanze","Bärwurz","spignel","Meum athamanticum","","","6026490","","","3","74 80 174"
"organism:baerlapp","organism","Bärlapp","Pflanze","","club moss","Lycopodium","","","2688247","","","4","75 154 174 175"
"organism:bartmuecke","organism","Bartmücke","Tier","","gnats","","","","","","","1","90"
"organism:baum","organism","Baum","Pflanze","","tree","","","","","","","26","6 79 89 120 124 144 150 188 189 203 207 416 425 538 540 561 590 642 654 762 778 801"
"organism:bergeidechse","organism","Bergeidechse","Tier","","common lizard","Zootoca vivipara","","","9702100","","","1","86"
"organism:besenginster","organism","Besenginster","Pflanze","","common broom","Cytisus scoparius","","","5354656","","","4","15 74 79 174"
"organism:biene","organism","Biene","Tier","","honey bee","Apis mellifera","","","1341976","","","50","90 235 430 454 455 456 460 462 463 467 476 486 491 510 533 541 543 549 552 562 568 594 604 606 607 627 634 651 656 660 663 677 687 691 700 702 724 745 749 756 761 779 783 784 796 807 819 824"
"organism:bilsenkraut","organism","Bilsenkraut","Pflanze","","henbane","Hyoscyamus niger","","","2928978","","","1","80"
"organism:binse","organism","Binse","Pflanze","","rush","Juncus","","","2701072","","","1","75"
"organism:birke","organism","Birke","Pflanze","","birch","Betula","","","2875008","","","14","71 78 124 141 167 190 191 203 632 744 800"
"organism:birne","organism","Birne","Pflanze","","pear","Pyrus communis","","","5362573","","","11","43 60 61 143 202 204 216 472 479 555"
"organism:bittersuess","organism","Bittersüß","Pflanze","","bittersweet nightshade","Solanum dulcamara","","","2932737","","","1","175"
"organism:blindschleiche","organism","Blindschleiche","Tier","","slow worm","Anguis fragilis","","","2468095","","","1","86"
"organism:blume","organism","Blume","Pflanze","","flower","","","","","","","9","124 125 183 190 214 440"
"organism:blysmus-compressus","organism","Blysmus compressus","Pflanze","","","Blysmus compressus","","","2710650","","","1","73"
"organism:bockkaefer","organism","Bockkäfer","Tier","","longhorn beetle","Cerambycidae","","","5602","","","1","89"
"organism:bohne","organism","Bohne","Pflanze","","bean","Fabaceae","","","5386","","","3","159 193 194"
"organism:borkenkaefer","organism","Borkenkäfer","Tier","","bark beetle","Scolytinae","","","","","","4","89 237"
"organism:brandkiefer","organism","Brandkiefer","Pflanze","","named pine","Pinus sylvestris","","","5285637","","","4","201 567 760"
"organism:bremse","organism","Bremse","Tier","","horsefly","Tabanidae","","","6919","","","1","90"
"organism:brennnessel","organism","Brennnessel","Pflanze","","nettle","Urtica","","","2984391","","","2","174"
"organism:brombeere","organism","Brombeere","Pflanze","","blackberry","Rubus","","","2988638","","","4","52 79 174 175"
"organism:bruch-und-teichwasserlaeufer","organism","Bruch- und Teichwasserläufer","Tier","","sandpipers (two species)","Tringa","","","2481709","","","1","86"
"organism:brunnenkresse","organism","Brunnenkresse","Pflanze","","watercress","Nasturtium officinale","","","7701037","","","1","174"
"organism:buche","organism","Buche","Pflanze","","beech","Fagus sylvatica","","","2882316","","","17","58 71 78 79 124 159 237 238 590 596 698"
"organism:buchfink","organism","Buchfink","Tier","","chaffinch","Fringilla coelebs","","","2494422","","","1","86"
"organism:buntspecht","organism","Buntspecht","Tier","","great spotted woodpecker","Dendrocopos major","","","2477968","","","2","831"
"organism:bupleurum-falcatum","organism","Bupleurum falcatum","Pflanze","","","Bupleurum falcatum","","","6027105","","","1","74"
"organism:calla-palustris","organism","Calla palustris","Pflanze","","","Calla palustris","","","2869101","","","2","74 830"
"organism:campanula-cervicaria","organism","Campanula cervicaria","Pflanze","","","Campanula cervicaria","","","5410857","","","1","73"
"organism:campanula-rapunculus","organism","Campanula Rapunculus","Pflanze","","","Campanula rapunculus","","","5411920","","","1","74"
"organism:cardamine-hirsuta","organism","Cardamine hirsuta","Pflanze","","","Cardamine hirsuta","","","3046258","","","1","73"
"organism:carex-filiformis","organism","Carex filiformis","Pflanze","","","Carex filiformis","","","7910214","","","1","74"
"organism:carex-maxima","organism","Carex maxima","Pflanze","","","Carex maxima","","","2722051","","","1","73"
"organism:carseiche","organism","Carseiche","Pflanze","","named oak","Quercus","","","2877951","","","3","204 525"
"organism:centaurea-calcitrapa","organism","Centaurea calcitrapa","Pflanze","","","Centaurea calcitrapa","","","3128483","","","1","73"
"organism:centaurea-montana","organism","Centaurea montana","Pflanze","","","Centaurea montana","","","9023462","","","1","74"
"organism:centaurea-paniculata","organism","Centaurea paniculata","Pflanze","","","Centaurea paniculata","","","3127613","","","1","73"
"organism:cephalanthera-ensifolia","organism","Cephalanthera ensifolia","Pflanze","","","Cephalanthera ensifolia","","","2795869","","","1","73"
"organism:cephalanthera-pallens","organism","Cephalanthera pallens","Pflanze","","","Cephalanthera pallens","","","2795952","","","1","73"
"organism:cephalanthera-rubra","organism","Cephalanthera rubra","Pflanze","","","Cephalanthera rubra","","","2795845","","","1","73"
"organism:chaerophyllum-aureum","organism","Chaerophyllum aureum","Pflanze","","","Chaerophyllum aureum","","","3642531","","","1","74"
"organism:chaetophora-tuberculosa","organism","Chaetophora tuberculosa","Pflanze","","","Chaetophora tuberculosa","","","5271498","","","1","77"
"organism:chamille","organism","Chamille","Pflanze","Kamille","chamomile","Matricaria chamomilla","","","8370958","","","1","174"
"organism:chonetes-nana","organism","Chonetes nana","Tier","","brachiopod (fossil)","Chonetes nanus","","","","","","1","33"
"organism:cichorie","organism","Cichorie","Pflanze","Wegwarte","chicory","Cichorium intybus","","","5392252","","","2","159 175"
"organism:cineraria-campestris","organism","Cineraria campestris","Pflanze","","","Cineraria campestris","","","","","","1","73"
"organism:cineraria-spathulifolia","organism","Cineraria spathulifolia","Pflanze","","","Cineraria spathulifolia","","","7222721","","","1","73"
"organism:circaea-intermedia","organism","Circaea intermedia","Pflanze","","","Circaea intermedia","","","8186928","","","1","74"
"organism:cladium-mariscus","organism","Cladium Mariscus","Pflanze","","","Cladium mariscus","","","2731327","","","1","74"
"organism:cladonia-flechte","organism","Cladonia-Flechte","Pilz","","reindeer lichen","Cladonia","","","2607519","","","1","830"
"organism:clematis-vitalba","organism","Clematis Vitalba","Pflanze","","","Clematis vitalba","","","3033558","","","1","72"
"organism:clymenie","organism","Clymenie","Tier","","clymeniid ammonoid (fossil)","Clymeniida","","","12198767","","","1","35"
"organism:comarum-palustre","organism","Comarum palustre","Pflanze","","","Comarum palustre","","","3020532","","","1","74"
"organism:conchylien","organism","Conchylien","Tier","","shells","Mollusca","","","52","","","1","301"
"organism:conringia-orientalis","organism","Conringia orientalis","Pflanze","","","Conringia orientalis","","","3040913","","","1","72"
"organism:corallorhiza-innata","organism","Corallorhiza innata","Pflanze","","","Corallorhiza innata","","","2797313","","","1","74"
"organism:coronilla-varia","organism","Coronilla varia","Pflanze","","","Coronilla varia","","","5350005","","","1","72"
"organism:corydalis-solida","organism","Corydalis solida","Pflanze","","","Corydalis solida","","","5334208","","","1","72"
"organism:corynephorus-canescens","organism","Corynephorus canescens","Pflanze","","","Corynephorus canescens","","","5290194","","","1","73"
"organism:cotoneaster-vulgaris","organism","Cotoneaster vulgaris","Pflanze","","","Cotoneaster vulgaris","","","3025576","","","1","74"
"organism:crataegus-monogyna","organism","Crataegus monogyna","Pflanze","","","Crataegus monogyna","","","9220780","","","1","72"
"organism:crataegus-oxyacantha","organism","Crataegus Oxyacantha","Pflanze","","","Crataegus oxyacantha","","","","","","2","60"
"organism:crepis-foetida","organism","Crepis foetida","Pflanze","","","Crepis foetida","","","5403470","","","1","73"
"organism:crossopodia-henrici","organism","Crossopodia Henrici","Tier","","worm-like fossil","Crossopodia henrici","","","","","","1","33"
"organism:cynoglossum-montanum","organism","Cynoglossum montanum","Pflanze","","","Cynoglossum montanum","","","4063280","","","1","74"
"organism:cyperus-flavescens","organism","Cyperus flavescens","Pflanze","","","Cyperus flavescens","","","2730906","","","1","74"
"organism:cypridinen","organism","Cypridinen","Tier","","ostracods (fossil)","Ostracoda","","","353","","","5","33 34 35 38"
"organism:cypripedium-calceolus","organism","Cypripedium Calceolus","Pflanze","","","Cypripedium calceolus","","","2820517","","","1","73"
"organism:cytisus-nigricans","organism","Cytisus nigricans","Pflanze","","","Cytisus nigricans","","","5356805","","","1","74"
"organism:dammhirsch","organism","Dammhirsch","Tier","Damhirsch","fallow deer","Dama dama","","","5220136","","","1","83"
"organism:dentaria-bulbifera","organism","Dentaria bulbifera","Pflanze","","","Dentaria bulbifera","","","3045931","","","1","73"
"organism:deutsche-schabe","organism","deutsche Schabe","Tier","","German cockroach","Blattella germanica","","","1997215","","","1","90"
"organism:dianthus-caesius","organism","Dianthus caesius","Pflanze","","","Dianthus caesius","","","3814104","","","1","74"
"organism:dianthus-superbus","organism","Dianthus superbus","Pflanze","","","Dianthus superbus","","","6363496","","","1","72"
"organism:diebseiche","organism","Diebseiche","Pflanze","","named oak","Quercus","","","2877951","","","1","78"
"organism:digitalis-purpurea","organism","Digitalis purpurea","Pflanze","","","Digitalis purpurea","","","5414995","","","1","74"
"organism:dohle","organism","Dohle","Tier","","jackdaw","Corvus monedula","","","6100954","","","1","207"
"organism:donnernelke","organism","Donnernelke","Pflanze","","maiden pink","Dianthus deltoides","","","3085424","","","1","80"
"organism:dorant","organism","Dorant","Pflanze","","(unidentified herb)","","","","","","","1","174"
"organism:dorn","organism","Dorn","Pflanze","","thorns, thornbush","","","","","","","17","125 145 146 148 149 150 151 162"
"organism:doronicum-pardalianches","organism","Doronicum Pardalianches","Pflanze","","","Doronicum pardalianches","","","3142951","","","1","73"
"organism:dost","organism","Dost","Pflanze","","oregano","Origanum vulgare","","","2926612","","","2","174 204"
"organism:drache","organism","Drache","Tier","","dragon (legendary)","","","","","","","5","447 593"
"organism:drosera-intermedia","organism","Drosera intermedia","Pflanze","","","Drosera intermedia","","","3191157","","","1","74"
"organism:drosera-longifolia","organism","Drosera longifolia","Pflanze","","","Drosera longifolia","","","7815651","","","1","73"
"organism:eber","organism","Eber","Tier","","boar","Sus scrofa","","","7705930","","","1","726"
"organism:eberesche","organism","Eberesche","Pflanze","","rowan","Sorbus aucuparia","","","3012167","","","7","186 190 191 203 632 699"
"organism:echinops-sphaerocephalus","organism","Echinops sphaerocephalus","Pflanze","","","Echinops sphaerocephalus","","","5392883","","","1","73"
"organism:echinospermum-lappula","organism","Echinospermum Lappula","Pflanze","","","Echinospermum lappula","","","2925756","","","1","73"
"organism:eibe","organism","Eibe","Pflanze","","yew","Taxus baccata","","","5284517","","","1","71"
"organism:eibisch","organism","Eibisch","Pflanze","","marshmallow","Althaea officinalis","","","3152520","","","1","174"
"organism:eiche","organism","Eiche","Pflanze","","oak","Quercus","","","2877951","","","23","58 71 78 79 90 124 174 191 196 199 237 419 447 525 552 618 632 659"
"organism:eichhorn","organism","Eichhorn","Tier","Eichhörnchen","red squirrel","Sciurus vulgaris","","","8211070","","","2","82 83"
"organism:eidechse","organism","Eidechse","Tier","","lizard","Lacertidae","","","5201","","","1","86"
"organism:einzelfichte","organism","Einzelfichte","Pflanze","","named spruce","Picea abies","","","5284884","","","1","830"
"organism:eis-und-rothkehlige-taucher","organism","Eis- und rothkehlige Taucher","Tier","","divers (two species)","Gavia","","","2481954","","","1","86"
"organism:eis-pfeif-tafel-knaeck-berg-reiher-schall-spiess-und-sammten","organism","Eis-, Pfeif-, Tafel-, Knäck-, Berg-, Reiher-, Schall-, Spieß- und Sammtente","Tier","","ducks (nine species)","Anatidae","","","2986","","","1","86"
"organism:eisvogel","organism","Eisvogel","Tier","","common kingfisher","Alcedo atthis","","","2475532","","","1","84"
"organism:elatine-alsinastrum","organism","Elatine Alsinastrum","Pflanze","","","Elatine alsinastrum","","","5646136","","","1","74"
"organism:elster","organism","Elster","Tier","","magpie","Pica pica","","","5229490","","","2","151 831"
"organism:ente","organism","Ente","Tier","","duck","Anas platyrhynchos","","","9761484","","","3","83 235"
"organism:enzian","organism","Enzian","Pflanze","","gentian","Gentiana","","","3170037","","","1","175"
"organism:epilobium-alpinum","organism","Epilobium alpinum","Pflanze","","","Epilobium alpinum","","","7978337","","","1","74"
"organism:epimedium-alpinum","organism","Epimedium alpinum","Pflanze","","","Epimedium alpinum","","","7695021","","","1","73"
"organism:erbse","organism","Erbse","Pflanze","","pea","Pisum sativum","","","5347846","","","7","176 186 193 215 414 636 671"
"organism:erdbirne","organism","Erdbirne","Pflanze","","earth-pear (potato or Jerusalem artichoke)","","","","","","","1","214"
"organism:erdfloh","organism","Erdfloh","Tier","","flea beetle","Altica oleracea","","","4462315","","","3","89 187"
"organism:erle","organism","Erle","Pflanze","","alder","Alnus","","","2876099","","","5","121 122 140 190 492"
"organism:erodium-moschatum","organism","Erodium moschatum","Pflanze","","","Erodium moschatum","","","9419993","","","1","74"
"organism:erysimum-cheiranthoides","organism","Erysimum cheiranthoides","Pflanze","","","Erysimum cheiranthoides","","","3048266","","","1","73"
"organism:erysimum-crepidifolium","organism","Erysimum crepidifolium","Pflanze","","","Erysimum crepidifolium","","","3048522","","","1","73"
"organism:erysimum-lanceolatum","organism","Erysimum lanceolatum","Pflanze","","","Erysimum lanceolatum","","","7943796","","","1","73"
"organism:esel","organism","Esel","Tier","","donkey","Equus asinus","","","2440891","","","11","83 140 184 197 231 232 276 420 430 687 812"
"organism:esparsette","organism","Esparsette","Pflanze","","sainfoin","Onobrychis viciifolia","","","2972595","","","3","35 215 231"
"organism:farn","organism","Farn","Pflanze","","fern","Polypodiopsida","","","7228684","","","3","38 75 205"
"organism:fasan","organism","Fasan","Tier","","common pheasant","Phasianus colchicus","","","9752149","","","1","425"
"organism:faulbaum","organism","Faulbaum","Pflanze","","alder buckthorn","Frangula alnus","","","3039454","","","1","79"
"organism:fauna","organism","Fauna","Tier","","fauna","","","","","","","3","4 30 58"
"organism:federvieh","organism","Federvieh","Tier","","poultry","","","","","","","1","128"
"organism:feldfrucht","organism","Feldfrucht","Pflanze","","field crops","","","","","","","9","59 145 146 148 193 213 604"
"organism:feldlerche","organism","Feldlerche","Tier","","skylark","Alauda arvensis","","","8077224","","","3","61 86 124"
"organism:fenchel","organism","Fenchel","Pflanze","","fennel","Foeniculum vulgare","","","3034922","","","5","158 174 197 478"
"organism:feuerkroete","organism","Feuerkröte","Tier","Unke","fire-bellied toad","Bombina","","","2423434","","","3","86"
"organism:feuersalamander","organism","Feuersalamander","Tier","","fire salamander","Salamandra salamandra","","","2431776","","","2","86 153"
"organism:fichte","organism","Fichte","Pflanze","","Norway spruce","Picea abies","","","5284884","","","22","39 44 58 71 77 78 79 124 125 178 237 626 720 797"
"organism:fieberklee","organism","Fieberklee","Pflanze","","bogbean","Menyanthes trifoliata","","","5341511","","","1","175"
"organism:fink","organism","Fink","Tier","","finch","Fringillidae","","","5242","","","1","162"
"organism:fisch","organism","Fisch","Tier","","fish","Actinopterygii","","","","","","16","38 41 87 141 144 159 261 425 440 508 540 688"
"organism:fischreiher","organism","Fischreiher","Tier","Graureiher","grey heron","Ardea cinerea","","","9797180","","","2","86 124"
"organism:fitislaubvogel","organism","Fitislaubvogel","Tier","Fitis (Fitis-Laubsänger)","willow warbler","Phylloscopus trochilus","","","2493052","","","2","86"
"organism:flachs","organism","Flachs","Pflanze","","flax","Linum usitatissimum","","","2873861","","","27","71 89 90 147 174 175 181 184 186 187 188 189 193 214 215 293 313 606 613 683 688 746 824"
"organism:flechte","organism","Flechte","Pilz","","lichen","","","","","","","1","74"
"organism:fliege","organism","Fliege","Tier","","fly","Diptera","","","811","","","2","90 130"
"organism:fliegenschnapper","organism","Fliegenschnapper","Tier","Fliegenschnäpper","flycatcher","Muscicapa","","","2483240","","","1","86"
"organism:floh","organism","Floh","Tier","","flea","Siphonaptera","","","1366","","","1","90"
"organism:flora","organism","Flora","Pflanze","","flora","","","","","","","6","4 26 58 60 69"
"organism:flussadler","organism","Flußadler","Tier","Fischadler","osprey","Pandion haliaetus","","","2480726","","","1","85"
"organism:flusskrebs","organism","Flußkrebs","Tier","Flusskrebs","noble crayfish","Astacus astacus","","","2226998","","","1","90"
"organism:flussperlmuschel","organism","Flußperlmuschel","Tier","","freshwater pearl mussel","Margaritifera margaritifera","","","7911174","","","1","89"
"organism:forelle","organism","Forelle","Tier","","trout","Salmo trutta","","","8215487","","","1","87"
"organism:fritillaria-meleagris","organism","Fritillaria Meleagris","Pflanze","","","Fritillaria meleagris","","","5300535","","","1","73"
"organism:frosch","organism","Frosch","Tier","","frog","Anura","","","952","","","1","125"
"organism:froschloeffel","organism","Froschlöffel","Pflanze","","water plantain","Alisma plantago-aquatica","","","2865100","","","1","80"
"organism:fuchs","organism","Fuchs","Tier","","fox","Vulpes vulpes","","","5219243","","","2","82 180"
"organism:futterkraut","organism","Futterkraut","Pflanze","","fodder plants","","","","","","","3","26 35 213"
"organism:gagea-saxatilis","organism","Gagea saxatilis","Pflanze","","","Gagea saxatilis","","","7438203","","","1","74"
"organism:galium-tricorne","organism","Galium tricorne","Pflanze","","","Galium tricorne","","","8288474","","","1","72"
"organism:gammaeule","organism","Gammaeule","Tier","","silver Y","Autographa gamma","","","1792418","","","1","90"
"organism:gans","organism","Gans","Tier","","goose","Anser anser","","","2498036","","","152","83 127 130 143 161 181 182 186 191 200 235 418 424 425 449 450 452 454 456 457 458 460 462 463 466 467 469 470 472 473 476 477 478 481 482 483 486 491 492 494 500 502 505 507 510 515 517 519 520 521 525 528 529 531 533 534 537 541 542 543 545 546 547 549 552 553 555 558 561 562 563 564 567 568 594 597 600 604 606 607 611 614 616 619 625 627 634 635 642 646 651 654 656 660 675 677 678 679 681 687 690 691 695 700 702 705 709 724 730 736 741 744 745 749 750 756 758 761 766 767 773 777 779 781 782 783 784 786 790 792 794 796 799 801 805 807 812 817 819 824"
"organism:gaenseblume","organism","Gänseblume","Pflanze","","daisy","Bellis perennis","","","3117424","","","1","181"
"organism:gaensesaeger","organism","Gänsesäger","Tier","","goosander","Mergus merganser","","","9537647","","","1","86"
"organism:gartengrasmuecke","organism","Gartengrasmücke","Tier","","garden warbler","Sylvia borin","","","2492942","","","1","86"
"organism:gartenrothschwaenzchen","organism","Gartenrothschwänzchen","Tier","Gartenrotschwanz","common redstart","Phoenicurus phoenicurus","","","5739317","","","1","86"
"organism:gefleckte-schnirkelschnecke","organism","gefleckte Schnirkelschnecke","Tier","","copse snail","Arianta arbustorum","","","5778937","","","1","89"
"organism:gelbe-schwertlilie","organism","gelbe Schwertlilie","Pflanze","","yellow flag","Iris pseudacorus","","","5298231","","","2","80"
"organism:gemuese","organism","Gemüse","Pflanze","","vegetables","","","","","","","4","58 189 214 440"
"organism:gentiana-ciliata","organism","Gentiana ciliata","Pflanze","","","Gentiana ciliata","","","7270648","","","2","73 830"
"organism:gentiana-cruciata","organism","Gentiana cruciata","Pflanze","","","Gentiana cruciata","","","3170115","","","1","73"
"organism:gentiana-verna","organism","Gentiana verna","Pflanze","","","Gentiana verna","","","8232412","","","2","74 75"
"organism:georgine","organism","Georgine","Pflanze","","dahlia","Dahlia","","","3093023","","","2","214 497"
"organism:geranium-phaeum","organism","Geranium phaeum","Pflanze","","","Geranium phaeum","","","2891390","","","1","72"
"organism:geranium-silvaticum","organism","Geranium silvaticum","Pflanze","","","Geranium silvaticum","","","2891147","","","1","74"
"organism:gerste","organism","Gerste","Pflanze","","barley","Hordeum vulgare","","","2706056","","","19","58 186 187 189 214 215 226 615 653 671 688 743 824"
"organism:getreide","organism","Getreide","Pflanze","","grain, cereals","","","","","","","22","26 71 77 141 142 147 148 185 186 193 213 214 261 293 606 719 755 785 816"
"organism:geum-intermedium","organism","Geum intermedium","Pflanze","","","Geum intermedium","","","5369692","","","1","74"
"organism:gewuerznelke","organism","Gewürznelke","Pflanze","","clove","Syzygium aromaticum","","","3183002","","","1","174"
"organism:gold-und-kuestenregenpfeifer","organism","Gold- und Küstenregenpfeifer","Tier","","plovers (two species)","Charadriidae","","","2480210","","","1","86"
"organism:goniatit","organism","Goniatit","Tier","","goniatite (fossil)","Goniatitida","","","12226851","","","1","35"
"organism:gradhorn","organism","Gradhorn","Tier","","orthocone nautiloid (fossil)","Orthoceras","","","3246147","","","3","28 29 35"
"organism:graptolithen","organism","Graptolithen","Tier","","graptolite (fossil)","Graptolithina","","","","","","2","28 33"
"organism:gras","organism","Gras","Pflanze","","grass","Poaceae","","","3073","","","4","71 76 120 237"
"organism:grasfrosch","organism","Grasfrosch","Tier","","common frog","Rana","","","2422253","","","1","86"
"organism:gratiola-officinalis","organism","Gratiola officinalis","Pflanze","","","Gratiola officinalis","","","3171915","","","1","74"
"organism:grauammer","organism","Grauammer","Tier","","corn bunting","Emberiza calandra","","","7634625","","","1","831"
"organism:grauer-sanderling","organism","grauer Sanderling","Tier","","sanderling (probably)","Calidris","","","2481739","","","1","86"
"organism:graueule","organism","Graueule","Tier","","grey owlet moth (unidentified)","","","","","","","1","90"
"organism:grosse-trappe","organism","Große Trappe","Tier","","great bustard","Otis tarda","","","2474921","","","1","86"
"organism:gruene-eidechse","organism","grüne Eidechse","Tier","","European green lizard","Lacerta viridis","","","6159273","","","1","86"
"organism:gruene-kroete","organism","grüne Kröte","Tier","","green toad","Bufo variabilis","","","9787242","","","2","86"
"organism:gruener-frosch","organism","grüner Frosch","Tier","","edible frog","Pelophylax","","","2426629","","","1","86"
"organism:gundermann","organism","Gundermann","Pflanze","","ground ivy","Glechoma hederacea","","","2926557","","","4","158 175 185"
"organism:gurke","organism","Gurke","Pflanze","","cucumber","Cucumis sativus","","","2874569","","","2","159 194"
"organism:habicht","organism","Habicht","Tier","","northern goshawk","Accipiter gentilis","","","2480589","","","1","152"
"organism:hackfrucht","organism","Hackfrucht","Pflanze","","root and hoed crops","","","","","","","7","32 213 214 226"
"organism:hafer","organism","Hafer","Pflanze","","oats","Avena sativa","","","2705290","","","23","39 81 214 215 226 279 293 585 653 658 671 683 688 698 778"
"organism:hagebutte","organism","Hagebutte","Pflanze","","rose hip","Rosa","","","8395064","","","2","79 174"
"organism:hahnenfuss","organism","Hahnenfuß","Pflanze","","buttercup","Ranunculus","","","3033294","","","1","75"
"organism:hainschnirkelschnecke","organism","Hainschnirkelschnecke","Tier","","grove snail","Cepaea nemoralis","","","2294280","","","1","89"
"organism:hamster","organism","Hamster","Tier","","hamster","Cricetus cricetus","","","2438704","","","1","82"
"organism:hanf","organism","Hanf","Pflanze","","hemp","Cannabis sativa","","","5361880","","","3","175 215 606"
"organism:hartriegel","organism","Hartriegel","Pflanze","","common dogwood","Cornus sanguinea","","","3082234","","","1","79"
"organism:hase","organism","Hase","Tier","Feldhase","hare","Lepus europaeus","","","7952072","","","8","140 204 311 525"
"organism:haselnuss","organism","Haselnuss","Pflanze","","hazel","Corylus avellana","","","2875979","","","2","79 153"
"organism:haselschlaefer","organism","Haselschläfer","Tier","","hazel dormouse","Muscardinus avellanarius","","","2439658","","","1","83"
"organism:haubenmeise","organism","Haubenmeise","Tier","","crested tit","Lophophanes cristatus","","","2487883","","","1","86"
"organism:haus-und-maulwurfsgrille","organism","Haus- und Maulwurfsgrille","Tier","","house cricket and mole cricket","","","","","","","1","90"
"organism:hauslaub","organism","Hauslaub","Pflanze","","houseleek","Sempervivum tectorum","","","2985949","","","2","174 203"
"organism:hausrothschwanz","organism","Hausrothschwanz","Tier","Hausrotschwanz","black redstart","Phoenicurus ochruros","","","5739315","","","2","61 86"
"organism:hausschwalbe","organism","Hausschwalbe","Tier","","house martin / swallow","Hirundinidae","","","5248","","","2","61 86"
"organism:hautfluegler","organism","Hautflügler","Tier","","Hymenoptera","Hymenoptera","","","1457","","","2","90"
"organism:heckenbraunelle","organism","Heckenbraunelle","Tier","","dunnock","Prunella modularis","","","5231763","","","1","86"
"organism:heckenweissling","organism","Heckenweißling","Tier","","black-veined white","Aporia crataegi","","","1920218","","","1","90"
"organism:heidekorn","organism","Heidekorn","Pflanze","Buchweizen","buckwheat","Fagopyrum esculentum","","","2889373","","","1","214"
"organism:heidekraut","organism","Heidekraut","Pflanze","","heather","Calluna vulgaris","","","2882482","","","2","174 822"
"organism:heidelbeere","organism","Heidelbeere","Pflanze","","bilberry","Vaccinium myrtillus","","","2882833","","","3","159 174 175"
"organism:heidelerche","organism","Heidelerche","Tier","","woodlark","Lullula arborea","","","2490604","","","1","86"
"organism:helichrysum-arenarium","organism","Helichrysum arenarium","Pflanze","","","Helichrysum arenarium","","","3131809","","","1","72"
"organism:hering","organism","Hering","Tier","","herring","Clupea harengus","","","8351946","","","4","158 159 161 191"
"organism:herminium-monorchis","organism","Herminium Monorchis","Pflanze","","","Herminium monorchis","","","5310578","","","1","74"
"organism:heuschrecke","organism","Heuschrecke","Tier","","grasshopper, locust","Orthoptera","","","1458","","","6","90 207 380 445 613"
"organism:hirsch","organism","Hirsch","Tier","","red deer","Cervus elaphus","","","2440958","","","14","83 124 191 311 512 646 680 722 814 816"
"organism:hirschschroeter","organism","Hirschschröter","Tier","Hirschkäfer","stag beetle","Lucanus cervus","","","5743122","","","1","89"
"organism:hirse","organism","Hirse","Pflanze","","common millet","Panicum miliaceum","","","2705090","","","4","73 159 214 414"
"organism:hohe-tanne","organism","hohe Tanne","Pflanze","","named fir","Abies alba","","","2685484","","","1","731"
"organism:hoehlenbaer","organism","Höhlenbär","Tier","","cave bear","Ursus spelaeus","","","4833659","","","1","40"
"organism:hoehlenhyaene","organism","Höhlenhyäne","Tier","","cave hyena","Crocuta","","","2433504","","","3","40 311 499"
"organism:hoehlentiger","organism","Höhlentiger","Tier","","cave lion/tiger","Panthera","","","2435194","","","2","40 311"
"organism:holunder","organism","Holunder","Pflanze","","elder","Sambucus nigra","","","2888728","","","4","60 79 174"
"organism:holztaube","organism","Holztaube","Tier","","wood pigeon","Columba","","","2495404","","","1","86"
"organism:holzwurm","organism","Holzwurm","Tier","","woodworm, deathwatch beetle","Anobiidae","","","7770","","","2","194"
"organism:hopfen","organism","Hopfen","Pflanze","","hop","Humulus lupulus","","","2984535","","","5","215 414 512 606 636"
"organism:hottonia-palustris","organism","Hottonia palustris","Pflanze","","","Hottonia palustris","","","4006551","","","1","73"
"organism:huhn","organism","Huhn","Tier","","chicken","Gallus gallus","","","9326020","","","27","83 125 130 181 186 189 235 293 421 585 603 636 709"
"organism:huehnerartige","organism","Hühnerartige","Tier","","gallinaceous birds","Galliformes","","","723","","","1","86"
"organism:huelsenfrucht","organism","Hülsenfrucht","Pflanze","","pulses","Fabaceae","","","5386","","","5","226"
"organism:hund","organism","Hund","Tier","","dog","Canis lupus familiaris","","","6164210","","","34","124 127 128 144 145 191 194 202 205 207 232 265 277 447 499 515 599 609 700 721 760 790"
"organism:hutchinsia-petraea","organism","Hutchinsia petraea","Pflanze","","","Hutchinsia petraea","","","5376179","","","1","73"
"organism:hypericum-pulchrum","organism","Hypericum pulchrum","Pflanze","","","Hypericum pulchrum","","","3712747","","","1","74"
"organism:hypochoeris-maculata","organism","Hypochoeris maculata","Pflanze","","","Hypochoeris maculata","","","7883344","","","1","73"
"organism:hyssopus-officinalis","organism","Hyssopus officinalis","Pflanze","","","Hyssopus officinalis","","","5341387","","","1","73"
"organism:imperatoria-ostruthium","organism","Imperatoria Ostruthium","Pflanze","","","Imperatoria ostruthium","","","5538108","","","1","74"
"organism:ingwer","organism","Ingwer","Pflanze","","ginger","Zingiber officinale","","","2757280","","","2","174 175"
"organism:insekt","organism","Insekt","Tier","","insect","Insecta","","","216","","","5","187 237"
"organism:inula-britannica","organism","Inula britannica","Pflanze","","","Inula britannica","","","7502456","","","1","72"
"organism:islaendisches-moos","organism","Isländisches Moos","Pilz","","Iceland moss","Cetraria islandica","","","2605272","","","1","175"
"organism:johannisblume","organism","Johannisblume","Pflanze","Arnika","arnica","Arnica montana","","","5405976","","","8","80 174 190 203"
"organism:kaefer","organism","Käfer","Tier","","beetle","Coleoptera","","","1470","","","1","441"
"organism:kaffee","organism","Kaffee","Pflanze","","coffee","Coffea","","","2895315","","","3","157 159 161"
"organism:kalb","organism","Kalb","Tier","","calf","Bos taurus","","","2441022","","","6","154 179 181 204 207"
"organism:kalmus","organism","Kalmus","Pflanze","","sweet flag","Acorus calamus","","","2873769","","","5","74 80 174 175"
"organism:kammerschnecke","organism","Kammerschnecke","Tier","","chambered cephalopod","Cephalopoda","","","136","","","3","34 35 38"
"organism:kampflaeufer","organism","Kampfläufer","Tier","","ruff","Calidris pugnax","","","8250742","","","1","86"
"organism:kaninchen","organism","Kaninchen","Tier","","rabbit","Oryctolagus cuniculus","","","2436940","","","3","83 153 425"
"organism:karausche","organism","Karausche","Tier","","crucian carp","Carassius carassius","","","2366645","","","1","87"
"organism:karpfen","organism","Karpfen","Tier","","common carp","Cyprinus carpio","","","4286975","","","4","87 606 635"
"organism:kartoffel","organism","Kartoffel","Pflanze","","potato","Solanum tuberosum","","","2930262","","","46","26 39 71 81 147 152 153 157 158 159 160 161 171 175 180 186 214 215 226 231 232 380 524 640 653 683 688 746 766 778 816"
"organism:katze","organism","Katze","Tier","","cat","Felis catus","","","2435035","","","6","121 180 194 204"
"organism:katzenpfoetchen","organism","Katzenpfötchen","Pflanze","","mountain everlasting","Antennaria dioica","","","5385604","","","1","80"
"organism:kaeuzchen","organism","Käuzchen","Tier","","owl","Strigiformes","","","1450","","","3","194"
"organism:keulenhorn","organism","Keulenhorn","Tier","","club-horn cephalopod (fossil)","","","","","","","1","35"
"organism:kiebitz","organism","Kiebitz","Tier","","lapwing","Vanellus vanellus","","","2480242","","","2","86 744"
"organism:kiefer","organism","Kiefer","Pflanze","","Scots pine","Pinus sylvestris","","","5285637","","","5","39 44 207 726 760"
"organism:kieferneule","organism","Kieferneule","Tier","","pine beauty moth","Panolis flammea","","","1793877","","","1","90"
"organism:kieferspinne","organism","Kieferspinne","Tier","","pine-tree lappet","Dendrolimus pini","","","1733484","","","1","90"
"organism:kirsche","organism","Kirsche","Pflanze","","cherry","Prunus","","","3020559","","","4","58 216 592"
"organism:klee","organism","Klee","Pflanze","","clover","Trifolium","","","2973363","","","9","35 39 71 140 215 231 480 795 821"
"organism:kleiner-grauer-heher","organism","kleiner grauer Heher","Tier","","small grey jay (unclear)","Corvidae","","","5235","","","1","86"
"organism:kleiner-strandpfeifer","organism","kleiner Strandpfeifer","Tier","","small plover","Charadrius","","","2480277","","","2","86 831"
"organism:klette","organism","Klette","Pflanze","","burdock","Arctium","","","8106066","","","1","174"
"organism:knoblauch","organism","Knoblauch","Pflanze","","garlic","Allium sativum","","","2856681","","","2","174 175"
"organism:kohlblattwespe","organism","Kohlblattwespe","Tier","","turnip sawfly","Athalia","","","4404999","","","1","90"
"organism:kohlruebe","organism","Kohlrübe","Pflanze","","swede","Brassica napus","","","3042636","","","4","26 214 215 216"
"organism:kohlweissling","organism","Kohlweißling","Tier","","large white","Pieris brassicae","","","1920506","","","1","90"
"organism:kolben-und-schilfrohr","organism","Kolben- und Schilfrohr","Pflanze","","reedmace and reed","","","","","","","1","75"
"organism:kolkrabe","organism","Kolkrabe","Tier","","common raven","Corvus corax","","","2482492","","","2","85 86"
"organism:koralle","organism","Koralle","Tier","","coral (fossil)","Anthozoa","","","206","","","2","35 38"
"organism:kraehe","organism","Krähe","Tier","","crow","Corvus","","","2482468","","","3","179 186 761"
"organism:kraehenartige","organism","Krähenartige","Tier","","corvids","Corvidae","","","5235","","","1","86"
"organism:kranich","organism","Kranich","Tier","","common crane","Grus grus","","","2474950","","","8","124 264 265 376 590 654"
"organism:krauseminze","organism","Krauseminze","Pflanze","","curly mint","Mentha","","","2927173","","","1","174"
"organism:kraut","organism","Kraut","Pflanze","","herbs","","","","","","","9","174 190 205 261 313 593"
"organism:kraut-weisskohl","organism","Kraut (Weißkohl)","Pflanze","Weißkohl","cabbage","Brassica oleracea","","","3042845","","","21","90 146 149 150 154 157 161 186 187 189 191 194 215 653 816"
"organism:kreuzbeere","organism","Kreuzbeere","Pflanze","","buckthorn","Rhamnus cathartica","","","3039491","","","2","174"
"organism:kreuzkroete","organism","Kreuzkröte","Tier","","natterjack toad","Bufo calamita","","","2422507","","","1","86"
"organism:kreuzotter","organism","Kreuzotter","Tier","","common viper","Vipera berus","","","5960862","","","3","86"
"organism:kreuzschnabel","organism","Kreuzschnabel","Tier","","crossbill","Loxia","","","2494150","","","1","85"
"organism:kreuzspinne","organism","Kreuzspinne","Tier","","garden spider","Araneus diadematus","","","2160133","","","1","176"
"organism:kroatenkiefer","organism","Kroatenkiefer","Pflanze","","named pine","Pinus sylvestris","","","5285637","","","1","726"
"organism:kroete","organism","Kröte","Tier","","toad","Bufo","","","7580221","","","1","185"
"organism:kryptogamen","organism","Kryptogamen","Pflanze","","cryptogams","","","","","","","3","74"
"organism:kuechenschabe","organism","Küchenschabe","Tier","","oriental cockroach","Blatta orientalis","","","5151589","","","1","90"
"organism:kuh","organism","Kuh","Tier","","cow","Bos taurus","","","2441022","","","24","83 185 186 204 232 233 234 475 555 603 615 628 682 696 698 722 808"
"organism:kukuk","organism","Kukuk","Tier","Kuckuck","cuckoo","Cuculus canorus","","","5231918","","","3","61 86 181"
"organism:kulturpflanze","organism","Kulturpflanze","Pflanze","","cultivated plants","","","","","","","1","31"
"organism:kuemmel","organism","Kümmel","Pflanze","","caraway","Carum carvi","","","3034714","","","6","158 174 175 179 185 197"
"organism:kurzfuessige-feuerkroete","organism","kurzfüßige Feuerkröte","Tier","","yellow-bellied toad (probably)","Bombina","","","2423434","","","1","86"
"organism:lachs","organism","Lachs","Tier","","Atlantic salmon","Salmo salar","","","7595433","","","1","88"
"organism:lactuca-perennis","organism","Lactuca perennis","Pflanze","","","Lactuca perennis","","","3140574","","","1","74"
"organism:langhaariges-nashorn","organism","langhaariges Nashorn","Tier","","woolly rhinoceros","Coelodonta antiquitatis","","","4969546","","","3","40 311 499"
"organism:lappentaucher","organism","Lappentaucher","Tier","","grebe","Podicipedidae","","","9338","","","1","86"
"organism:laerche","organism","Lärche","Pflanze","","larch","Larix","","","2686156","","","1","799"
"organism:laserpitium-latifolium","organism","Laserpitium latifolium","Pflanze","","","Laserpitium latifolium","","","6026401","","","1","74"
"organism:laserpitium-pruthenicum","organism","Laserpitium pruthenicum","Pflanze","","","Laserpitium pruthenicum","","","9540150","","","3","72 830"
"organism:laubfrosch","organism","Laubfrosch","Tier","","European tree frog","Hyla arborea","","","2427573","","","1","86"
"organism:laubholz","organism","Laubholz","Pflanze","","broadleaf trees","","","","","","","2","470 538"
"organism:laubmoos","organism","Laubmoos","Pflanze","","true mosses","Bryopsida","","","327","","","1","74"
"organism:laus","organism","Laus","Tier","","louse","Phthiraptera","","","","","","2","90 194"
"organism:lebensbaum","organism","Lebensbaum","Pflanze","","arborvitae (fossil)","Cupressaceae","","","8144","","","1","40"
"organism:lebermoos","organism","Lebermoos","Pflanze","","liverworts","Marchantiophyta","","","9","","","1","74"
"organism:ledum-palustre","organism","Ledum palustre","Pflanze","","","Ledum palustre","","","6400569","","","1","73"
"organism:lepidium-campestre","organism","Lepidium campestre","Pflanze","","","Lepidium campestre","","","7703116","","","1","73"
"organism:lepigonum-rubrum","organism","Lepigonum rubrum","Pflanze","","","Lepigonum rubrum","","","3085633","","","1","72"
"organism:lerchenschwamm","organism","Lerchenschwamm","Pilz","","agaric","Laricifomes officinalis","","","2543474","","","1","174"
"organism:libanotis-montana","organism","Libanotis montana","Pflanze","","","Libanotis montana","","","7224121","","","1","830"
"organism:liebstoeckel","organism","Liebstöckel","Pflanze","","lovage","Levisticum officinale","","","5371772","","","1","174"
"organism:linaria-arvensis","organism","Linaria arvensis","Pflanze","","","Linaria arvensis","","","5562956","","","1","73"
"organism:linaria-elatine","organism","Linaria Elatine","Pflanze","","","Linaria elatine","","","3170819","","","1","73"
"organism:linaria-spuria","organism","Linaria spuria","Pflanze","","","Linaria spuria","","","8204204","","","1","73"
"organism:linde","organism","Linde","Pflanze","","linden","Tilia","","","3152041","","","24","78 79 124 129 174 175 181 182 466 510 514 555 567 590 600 643 656 693 721 759"
"organism:listera-cordata","organism","Listera cordata","Pflanze","","","Listera cordata","","","2816213","","","1","74"
"organism:lithospermum-purpureo-coeruleum","organism","Lithospermum purpureo-coeruleum","Pflanze","","","Lithospermum purpureo-coeruleum","","","4063960","","","1","73"
"organism:lonicera-diervilla","organism","Lonicera Diervilla","Pflanze","","","Lonicera diervilla","","","2888711","","","2","74 75"
"organism:lonicera-nigra","organism","Lonicera nigra","Pflanze","","","Lonicera nigra","","","7768870","","","1","74"
"organism:louiseneiche","organism","Louiseneiche","Pflanze","","named oak","Quercus","","","2877951","","","1","442"
"organism:loewe","organism","Löwe","Tier","","lion","Panthera leo","","","5219404","","","22","124 125 264 265 353 438 590 787"
"organism:luchs","organism","Luchs","Tier","","lynx","Lynx lynx","","","2435240","","","1","82"
"organism:lunaria-rediviva","organism","Lunaria rediviva","Pflanze","","","Lunaria rediviva","","","5373322","","","1","73"
"organism:lungenmoos","organism","Lungenmoos","Pilz","","lungwort lichen","Lobaria pulmonaria","","","5260693","","","1","174"
"organism:lupine","organism","Lupine","Pflanze","","lupin","Lupinus","","","2963774","","","1","214"
"organism:lurche","organism","Lurche","Tier","","reptiles and amphibians (old term)","","","","","","","3","86"
"organism:lutherlinde","organism","Lutherlinde","Pflanze","","named linden","Tilia","","","3152041","","","3","199 442"
"organism:luzerne","organism","Luzerne","Pflanze","","alfalfa","Medicago sativa","","","9151957","","","3","35 215 231"
"organism:lysimachia-punctata","organism","Lysimachia punctata","Pflanze","","","Lysimachia punctata","","","3169340","","","1","73"
"organism:maehnenelephant","organism","Mähnenelephant","Tier","","woolly mammoth","Mammuthus primigenius","","","4825833","","","3","40 311 499"
"organism:maikaefer","organism","Maikäfer","Tier","","cockchafer","Melolontha melolontha","","","4990995","","","2","180 831"
"organism:malva-moschata","organism","Malva moschata","Pflanze","","","Malva moschata","","","3152379","","","1","74"
"organism:malve","organism","Malve","Pflanze","","mallow","Malva","","","3152364","","","1","174"
"organism:mandel","organism","Mandel","Pflanze","","almond","Prunus dulcis","","","3020980","","","1","159"
"organism:mariendistel","organism","Mariendistel","Pflanze","","milk thistle","Silybum marianum","","","3145214","","","1","174"
"organism:marumverum","organism","Marumverum","Pflanze","","cat thyme","Teucrium marum","","","7308317","","","1","162"
"organism:matricaria-discoidea","organism","Matricaria discoidea","Pflanze","","","Matricaria discoidea","","","3103791","","","1","73"
"organism:maultier","organism","Maultier","Tier","","mule","","","","","","","1","232"
"organism:maulwurf","organism","Maulwurf","Tier","","mole","Talpa europaea","","","7872906","","","1","194"
"organism:maus","organism","Maus","Tier","","mouse","Muridae","","","5510","","","7","164 175 180 191 197"
"organism:meerrettich","organism","Meerrettich","Pflanze","","horseradish","Armoracia rusticana","","","3041022","","","2","161 174"
"organism:mehl-und-nachtschwalben","organism","Mehl- und Nachtschwalben","Tier","","house martin and nightjar","","","","","","","1","86"
"organism:mehlschwalbe","organism","Mehlschwalbe","Tier","","house martin","Delichon urbicum","","","2489214","","","1","61"
"organism:meise","organism","Meise","Tier","","tit","Paridae","","","9327","","","1","141"
"organism:melica-ciliata","organism","Melica ciliata","Pflanze","","","Melica ciliata","","","2703124","","","1","74"
"organism:melisse","organism","Melisse","Pflanze","","lemon balm","Melissa officinalis","","","5341501","","","1","174"
"organism:melittis-melissophyllum","organism","Melittis Melissophyllum","Pflanze","","","Melittis melissophyllum","","","8105693","","","1","73"
"organism:milbe","organism","Milbe","Tier","","mite","Acari","","","","","","1","90"
"organism:mohn","organism","Mohn","Pflanze","","opium poppy","Papaver somniferum","","","2888439","","","3","159 293 414"
"organism:moehre","organism","Möhre","Pflanze","","carrot","Daucus carota","","","3034742","","","1","159"
"organism:montia-rivularis","organism","Montia rivularis","Pflanze","","","Montia rivularis","","","5384288","","","1","74"
"organism:moor-und-kleine-pfulschnepfe","organism","Moor- und kleine Pfulschnepfe","Tier","Moor- und kleine Pfuhlschnepfe","snipe and godwit (two species)","Scolopacidae","","","5282","","","1","86"
"organism:moos","organism","Moos","Pflanze","","moss","Bryophyta","","","35","","","6","71 75 76 144 164 623"
"organism:muscari-botryoides","organism","Muscari botryoides","Pflanze","","","Muscari botryoides","","","2772094","","","1","73"
"organism:muschel","organism","Muschel","Tier","","mussel, bivalve","","","","","","","4","30 35 38 623"
"organism:myosotis-caespitosa","organism","Myosotis caespitosa","Pflanze","","","Myosotis caespitosa","","","7977515","","","1","74"
"organism:myosurus-minimus","organism","Myosurus minimus","Pflanze","","","Myosurus minimus","","","3033605","","","1","72"
"organism:myrrhis-odorata","organism","Myrrhis odorata","Pflanze","","","Myrrhis odorata","","","3034681","","","1","74"
"organism:myrte","organism","Myrte","Pflanze","","myrtle","Myrtus communis","","","3180085","","","1","183"
"organism:nachtigall","organism","Nachtigall","Tier","","common nightingale","Luscinia megarhynchos","","","7660710","","","2","85 831"
"organism:nachtschwalbe","organism","Nachtschwalbe","Tier","Ziegenmelker","European nightjar","Caprimulgus europaeus","","","8109681","","","2","86 831"
"organism:nadelholz","organism","Nadelholz","Pflanze","","conifers","","","","","","","8","30 38 84 85 90 193 613 808"
"organism:nashornkaefer","organism","Nashornkäfer","Tier","","rhinoceros beetle","Oryctes nasicornis","","","4995700","","","1","89"
"organism:nelke","organism","Nelke","Pflanze","","pink, carnation","Dianthus","","","3085411","","","1","162"
"organism:neottia-nidus-avis","organism","Neottia Nidus avis","Pflanze","","","Neottia nidus-avis","","","2816176","","","2","73 830"
"organism:nereiten","organism","Nereiten","Tier","","Nereites (fossil trace)","Nereites","","","3267502","","","1","30"
"organism:niesswurz","organism","Nießwurz","Pflanze","","hellebore (probably)","","","","","","","1","174"
"organism:nilpferd","organism","Nilpferd","Tier","","hippopotamus","Hippopotamus amphibius","","","2441247","","","1","264"
"organism:nonne","organism","Nonne","Tier","","nun moth","Lymantria monacha","","","1820372","","","3","90 237"
"organism:nuphar-luteum","organism","Nuphar luteum","Pflanze","","","Nuphar luteum","","","7551339","","","2","73 830"
"organism:nuss","organism","Nuss","Pflanze","","nut","","","","","","","4","144 190 192 193"
"organism:nymphaea-alba","organism","Nymphaea alba","Pflanze","","","Nymphaea alba","","","2882437","","","1","73"
"organism:obst","organism","Obst","Pflanze","","fruit","","","","","","","9","58 150 159 193 440 528 755 785"
"organism:obstbaum","organism","Obstbaum","Pflanze","","fruit tree","","","","","","","15","89 90 186 189 214 216 275 466 567 611 769 831"
"organism:obstspanner","organism","Obstspanner","Tier","","winter moth","Operophtera brumata","","","1972449","","","1","90"
"organism:ochse","organism","Ochse","Tier","","ox","Bos taurus","","","2441022","","","7","184 186 233 234 618 722"
"organism:oenanthe-fistulosa","organism","Oenanthe fistulosa","Pflanze","","","Oenanthe fistulosa","","","5371890","","","1","74"
"organism:ohrentaucher","organism","Ohrentaucher","Tier","","Slavonian grebe","Podiceps auritus","","","2482059","","","1","86"
"organism:ohrwurm","organism","Ohrwurm","Tier","","earwig","Dermaptera","","","1224","","","1","90"
"organism:ophrys-apifera","organism","Ophrys apifera","Pflanze","","","Ophrys apifera","","","2792998","","","1","73"
"organism:ophrys-muscifera","organism","Ophrys muscifera","Pflanze","","","Ophrys muscifera","","","7227898","","","1","73"
"organism:orchidee","organism","Orchidee","Pflanze","","orchid","Orchidaceae","","","7689","","","1","76"
"organism:orchis-coriophora","organism","Orchis coriophora","Pflanze","","","Orchis coriophora","","","2808461","","","1","73"
"organism:orchis-fusca","organism","Orchis fusca","Pflanze","","","Orchis fusca","","","2849518","","","1","73"
"organism:orchis-sambucina","organism","Orchis sambucina","Pflanze","","","Orchis sambucina","","","8231647","","","1","74"
"organism:orchis-ustulata","organism","Orchis ustulata","Pflanze","","","Orchis ustulata","","","2812375","","","1","73"
"organism:orlaya-grandiflora","organism","Orlaya grandiflora","Pflanze","","","Orlaya grandiflora","","","3638282","","","1","74"
"organism:ornithogalum-nutans","organism","Ornithogalum nutans","Pflanze","","","Ornithogalum nutans","","","2773281","","","1","73"
"organism:ornithogalum-umbellatum","organism","Ornithogalum umbellatum","Pflanze","","","Ornithogalum umbellatum","","","2773448","","","1","73"
"organism:orobanche-galii","organism","Orobanche Galii","Pflanze","","","Orobanche galii","","","","","","1","73"
"organism:orthis-callactis","organism","Orthis callactis","Tier","","brachiopod (fossil)","Orthis","","","4870496","","","1","28"
"organism:otter-schlange","organism","Otter (Schlange)","Tier","","adder, snake (folklore)","","","","","","","4","129 178 205 416"
"organism:otternkoenig","organism","Otternkönig","Tier","","adder king (legendary)","","","","","","","4","205 418 515 592"
"organism:otterzunge","organism","Otterzunge","Pflanze","","dock (leaf vegetable)","Rumex","","","2888942","","","2","80 830"
"organism:palicaria-dysenterica","organism","Palicaria dysenterica","","","","","","","","","","1","72"
"organism:palme","organism","Palme","Pflanze","","palm","Arecaceae","","","7681","","","2","124 125"
"organism:pappel","organism","Pappel","Pflanze","","poplar","Populus","","","3040183","","","3","121 124 568"
"organism:parietaria-erecta","organism","Parietaria erecta","Pflanze","","","Parietaria erecta","","","5361803","","","1","73"
"organism:pensee","organism","Pensee","Pflanze","","pansy","Viola wittrockiana","","","5331389","","","2","214 497"
"organism:petasites-albus","organism","Petasites albus","Pflanze","","","Petasites albus","","","7749287","","","1","74"
"organism:petersilie","organism","Petersilie","Pflanze","","parsley","Petroselinum crispum","","","7828157","","","2","174"
"organism:petze","organism","Petze","Tier","","bear, lynx and wolf (collective)","","","","","","","1","82"
"organism:peucedanum-cervaria","organism","Peucedanum Cervaria","Pflanze","","","Peucedanum cervaria","","","5540777","","","1","74"
"organism:pfeffer","organism","Pfeffer","Pflanze","","pepper","Piper nigrum","","","3086357","","","3","174 175"
"organism:pfefferminze","organism","Pfefferminze","Pflanze","","peppermint","Mentha piperita","","","8707933","","","2","174 175"
"organism:pferd","organism","Pferd","Tier","","horse","Equus caballus","","","2440886","","","179","83 123 144 164 199 200 201 202 203 206 226 231 232 233 234 235 262 264 416 418 420 424 425 430 440 444 447 449 450 452 454 455 456 457 458 460 462 463 466 467 469 470 472 476 477 478 482 483 486 491 492 494 500 502 505 506 507 508 510 512 515 517 519 521 523 525 528 529 531 533 534 537 541 542 543 545 546 547 549 552 553 555 558 561 562 563 564 567 568 594 596 597 600 606 607 611 615 616 618 620 622 625 627 634 635 642 646 651 654 656 660 663 675 677 681 687 691 695 700 702 709 724 726 730 736 738 745 755 758 760 761 767 770 777 778 779 784 789 794 796 805 812 819 824"
"organism:pfirsich","organism","Pfirsich","Pflanze","","peach","Prunus persica","","","8149923","","","1","620"
"organism:pflanze","organism","Pflanze","Pflanze","","plant","","","","","","","12","33 60 68 70 72 79 90"
"organism:pflaume","organism","Pflaume","Pflanze","","plum","Prunus domestica","","","7931731","","","7","58 60 216 461 473 556"
"organism:phycodes-circinnatus","organism","Phycodes circinnatus","Pflanze","","seaweed-like fossil","Phycodes circinnatum","","","8534992","","","1","25"
"organism:phyllodocites-jacksoni","organism","Phyllodocites Jacksoni","Tier","","worm-like fossil","Phyllodocites jacksoni","","","11190365","","","1","33"
"organism:phyllodocites-thuringiacus","organism","Phyllodocites thuringiacus","Tier","","worm-like fossil","Phyllodocites thuringiacus","","","","","","1","33"
"organism:phyteuma-orbiculare","organism","Phyteuma orbiculare","Pflanze","","","Phyteuma orbiculare","","","3166655","","","1","830"
"organism:picris-hieracioides","organism","Picris hieracioides","Pflanze","","","Picris hieracioides","","","3093337","","","1","73"
"organism:pilz","organism","Pilz","Pilz","","fungi","Fungi","","","5","","","4","71 74 164 256"
"organism:pimpinella-nigra","organism","Pimpinella nigra","Pflanze","","","Pimpinella nigra","","","5539078","","","1","74"
"organism:pinguicula-vulgaris","organism","Pinguicula vulgaris","Pflanze","","","Pinguicula vulgaris","","","5415065","","","1","74"
"organism:pirol","organism","Pirol","Tier","","golden oriole","Oriolus oriolus","","","2488949","","","2","61 86"
"organism:platane","organism","Platane","Pflanze","","plane tree","Platanus","","","3152811","","","1","78"
"organism:poa-spectabilis","organism","Poa spectabilis","Pflanze","","","Poa spectabilis","","","2705413","","","1","74"
"organism:podospermum-laciniatum","organism","Podospermum laciniatum","Pflanze","","","Podospermum laciniatum","","","8286501","","","1","73"
"organism:polemonium-coeruleum","organism","Polemonium coeruleum","Pflanze","","","Polemonium coeruleum","","","2927850","","","1","74"
"organism:polygala-chamaebuxus","organism","Polygala Chamaebuxus","Pflanze","","","Polygala chamaebuxus","","","4051746","","","1","74"
"organism:polyp","organism","Polyp","Tier","","polyps","","","","","","","1","90"
"organism:potentilla-canescens","organism","Potentilla canescens","Pflanze","","","Potentilla canescens","","","5365888","","","1","74"
"organism:potentilla-fragariastrum","organism","Potentilla Fragariastrum","Pflanze","","","Potentilla fragariastrum","","","5366922","","","1","72"
"organism:primula-officinalis","organism","Primula officinalis","Pflanze","","","Primula officinalis","","","7460458","","","2","60"
"organism:productus-horridus","organism","Productus horridus","Tier","","brachiopod (fossil)","Productus horridus","","","8953171","","","1","38"
"organism:protozoen","organism","Protozoen","Tier","","protozoa","Protozoa","","","7","","","1","90"
"organism:prunus-cerasus","organism","Prunus Cerasus","Pflanze","Sauerkirsche","sour cherry","Prunus cerasus","","","3021922","","","2","60"
"organism:pulegium-vulgare","organism","Pulegium vulgare","Pflanze","","","Pulegium vulgare","","","2927189","","","1","73"
"organism:pulicaria-dysenterica","organism","Pulicaria dysenterica","Pflanze","","","Pulicaria dysenterica","","","3095609","","","1","830"
"organism:pulsatilla-vulgaris","organism","Pulsatilla vulgaris","Pflanze","","","Pulsatilla vulgaris","","","3033621","","","1","73"
"organism:pyrola-chlorantha","organism","Pyrola chlorantha","Pflanze","","","Pyrola chlorantha","","","2888276","","","1","73"
"organism:pyrola-media","organism","Pyrola media","Pflanze","","","Pyrola media","","","2888292","","","1","73"
"organism:pyrola-umbellata","organism","Pyrola umbellata","Pflanze","","","Pyrola umbellata","","","7223545","","","1","74"
"organism:quappe","organism","Quappe","Tier","","burbot","Lota lota","","","2415460","","","2","87"
"organism:quercus-pedunculata","organism","Quercus pedunculata","Pflanze","Stieleiche","pedunculate oak","Quercus robur","","","2878688","","","1","78"
"organism:quercus-sessiliflora","organism","Quercus sessiliflora","Pflanze","Traubeneiche","sessile oak","Quercus petraea","","","2880130","","","1","78"
"organism:rabe","organism","Rabe","Tier","","raven, crow","Corvus","","","2482468","","","1","202"
"organism:radiola-linoides","organism","Radiola linoides","Pflanze","","","Radiola linoides","","","2873844","","","1","74"
"organism:ranunculus-ficaria","organism","Ranunculus Ficaria","Pflanze","","","Ranunculus ficaria","","","8397184","","","2","60"
"organism:ranunculus-lingua","organism","Ranunculus Lingua","Pflanze","","","Ranunculus lingua","","","8310009","","","1","72"
"organism:ranunculus-paucistamineus","organism","Ranunculus paucistamineus","Pflanze","","","Ranunculus paucistamineus","","","","","","1","73"
"organism:ranunculus-philonotis","organism","Ranunculus Philonotis","Pflanze","","","Ranunculus philonotis","","","3033483","","","1","73"
"organism:ranunculus-polyanthemos","organism","Ranunculus polyanthemos","Pflanze","","","Ranunculus polyanthemos","","","7277831","","","1","73"
"organism:raps","organism","Raps","Pflanze","","rape","Brassica napus","","","3042636","","","5","71 81 89 147 215"
"organism:rauchfussbussard","organism","Rauchfußbussard","Tier","Raufußbussard","rough-legged buzzard","Buteo lagopus","","","2480524","","","1","831"
"organism:rauchschwalbe","organism","Rauchschwalbe","Tier","","barn swallow","Hirundo rustica","","","9515886","","","1","61"
"organism:raupe","organism","Raupe","Tier","","caterpillar","Lepidoptera","","","797","","","4","90 187 189"
"organism:reh","organism","Reh","Tier","","roe deer","Capreolus capreolus","","","5220126","","","2","83 311"
"organism:reis","organism","Reis","Pflanze","","rice","Oryza sativa","","","2703459","","","1","159"
"organism:rentier","organism","Rentier","Tier","","reindeer","Rangifer tarandus","","","5220114","","","1","40"
"organism:reptilien","organism","Reptilien","Tier","","reptiles","Reptilia","","","","","","3","39 82 86"
"organism:rettich","organism","Rettich","Pflanze","","radish","Raphanus sativus","","","7678610","","","1","174"
"organism:rhabarber","organism","Rhabarber","Pflanze","","rhubarb","Rheum","","","2888863","","","1","174"
"organism:rhynchospora-alba","organism","Rhynchospora alba","Pflanze","","","Rhynchospora alba","","","2721119","","","1","74"
"organism:ribes-grossularia","organism","Ribes Grossularia","Pflanze","","","Ribes grossularia","","","2986185","","","2","60"
"organism:riedgras","organism","Riedgras","Pflanze","","sedge","Cyperaceae","","","7708","","","1","75"
"organism:riesenschachthalm","organism","Riesenschachthalm","Pflanze","","giant horsetail (fossil)","Calamites","","","11337062","","","2","36 37"
"organism:rind","organism","Rind","Tier","","cattle","Bos taurus","","","2441022","","","177","204 226 231 232 233 234 235 418 424 425 430 449 450 452 454 455 456 457 458 460 462 463 466 467 469 470 472 473 476 477 478 481 482 483 486 491 494 500 502 505 507 510 515 517 519 520 521 525 528 529 531 533 534 537 541 542 543 545 546 547 549 552 553 555 558 560 561 562 563 564 567 568 585 589 594 597 600 607 611 614 616 617 618 619 620 622 625 627 634 642 646 648 649 651 654 656 660 663 668 672 675 677 678 679 681 683 687 690 691 693 695 700 702 705 709 719 724 730 736 738 741 744 745 749 750 755 756 758 761 766 767 770 773 776 777 778 779 781 782 783 784 786 790 792 794 796 798 799 801 805 807 812 817 819 820 824"
"organism:ringelblume","organism","Ringelblume","Pflanze","","pot marigold","Calendula officinalis","","","5391480","","","1","180"
"organism:ringelnatter","organism","Ringelnatter","Tier","","grass snake","Natrix natrix","","","6161347","","","1","86"
"organism:ringeltaube","organism","Ringeltaube","Tier","","common wood pigeon","Columba palumbus","","","2495455","","","1","61"
"organism:roggen","organism","Roggen","Pflanze","","rye","Secale cereale","","","2705966","","","36","39 58 147 148 157 158 176 186 207 215 226 279 293 524 636 640 653 658 660 683 688 690 692"
"organism:rohrdommel","organism","Rohrdommel","Tier","","Eurasian bittern","Botaurus stellaris","","","2480910","","","1","86"
"organism:roehrenwurm","organism","Röhrenwurm","Tier","","tube worm (fossil)","","","","","","","1","38"
"organism:rosa-cinnamomea","organism","Rosa cinnamomea","Pflanze","","","Rosa cinnamomea","","","8239898","","","1","72"
"organism:rosa-pimpinellifolia","organism","Rosa pimpinellifolia","Pflanze","","","Rosa pimpinellifolia","","","3002333","","","1","72"
"organism:rose","organism","Rose","Pflanze","","rose","Rosa","","","8395064","","","8","59 141 162 173 180 181 214 497"
"organism:rosmarin","organism","Rosmarin","Pflanze","","rosemary","Rosmarinus officinalis","","","10902460","","","4","157 162 183 193"
"organism:rosskastanie","organism","Roßkastanie","Pflanze","Rosskastanie","horse chestnut","Aesculus hippocastanum","","","3189815","","","3","61 510 632"
"organism:rothkehlchen","organism","Rothkehlchen","Tier","Rotkehlchen","European robin","Erithacus rubecula","","","2492462","","","1","86"
"organism:rotrueckiger-wuerger","organism","rotrückiger Würger","Tier","Neuntöter","red-backed shrike","Lanius collurio","","","7745240","","","2","86 831"
"organism:ruebe","organism","Rübe","Pflanze","","beet, turnip","","","","","","","2","160 257"
"organism:ruebsen","organism","Rübsen","Pflanze","","turnip rape","Brassica rapa","","","7903057","","","2","147 215"
"organism:rudbeckia-laciniata","organism","Rudbeckia laciniata","Pflanze","","","Rudbeckia laciniata","","","3114229","","","1","73"
"organism:rumex-maritimus","organism","Rumex maritimus","Pflanze","","","Rumex maritimus","","","2888980","","","1","74"
"organism:runkelruebe","organism","Runkelrübe","Pflanze","","beet","Beta vulgaris","","","8971274","","","5","159 214 215 216 231"
"organism:saat-und-ackergans","organism","Saat- und Ackergans","Tier","","bean goose and other wild geese","Anser","","","2498016","","","1","86"
"organism:saatkraehe","organism","Saatkrähe","Tier","","rook","Corvus frugilegus","","","2482513","","","1","85"
"organism:safran","organism","Safran","Pflanze","","saffron","Crocus sativus","","","2747430","","","2","174 175"
"organism:salbei","organism","Salbei","Pflanze","","sage","Salvia officinalis","","","2927004","","","2","174 175"
"organism:salvia-glutinosa","organism","Salvia glutinosa","Pflanze","","","Salvia glutinosa","","","2927026","","","1","73"
"organism:salvia-verticillata","organism","Salvia verticillata","Pflanze","","","Salvia verticillata","","","2926995","","","1","830"
"organism:sambucus-ebulus","organism","Sambucus Ebulus","Pflanze","","","Sambucus ebulus","","","2888722","","","1","74"
"organism:sannickel","organism","Sannickel","Pflanze","","sanicle","Sanicula europaea","","","6027128","","","1","174"
"organism:saeugetier","organism","Säugetier","Tier","","mammal","Mammalia","","","359","","","1","39"
"organism:saxifraga-granulata","organism","Saxifraga granulata","Pflanze","","","Saxifraga granulata","","","7887000","","","2","60"
"organism:saxifraga-tridactylites","organism","Saxifraga tridactylites","Pflanze","","","Saxifraga tridactylites","","","3032833","","","1","74"
"organism:scabiosa-ochroleuca","organism","Scabiosa ochroleuca","Pflanze","","","Scabiosa ochroleuca","","","2888806","","","1","72"
"organism:schabe","organism","Schabe","Tier","","cockroach","Blattodea","","","800","","","2","90"
"organism:schachtelhalm","organism","Schachtelhalm","Pflanze","","horsetail","Equisetum","","","2687913","","","1","75"
"organism:schaf","organism","Schaf","Tier","","sheep","Ovis aries","","","2441110","","","163","83 145 146 186 207 226 232 233 234 235 418 424 425 430 440 452 454 455 456 457 460 462 463 466 467 469 470 472 473 476 477 478 481 482 483 491 492 494 500 502 505 507 510 515 517 520 525 528 531 533 534 537 541 542 543 546 547 549 552 553 555 558 560 561 562 563 564 565 567 568 594 596 597 600 603 606 607 611 614 616 617 619 620 622 625 627 634 642 646 651 654 656 660 663 672 675 677 678 679 681 687 690 691 693 695 700 702 705 709 724 730 736 741 744 745 749 750 756 757 758 761 766 767 770 773 776 777 779 781 782 783 784 786 790 792 794 796 799 801 805 807 812 817 819 820 824"
"organism:schafgarbe","organism","Schafgarbe","Pflanze","","yarrow","Achillea millefolium","","","3120060","","","2","174 175"
"organism:schellente","organism","Schellente","Tier","","common goldeneye","Bucephala clangula","","","2498326","","","2","831"
"organism:scheuergras","organism","Scheuergras","Pflanze","","horsetail (scouring rush)","Equisetum","","","2687913","","","1","174"
"organism:schierling","organism","Schierling","Pflanze","","poison hemlock","Conium maculatum","","","3034807","","","1","80"
"organism:schilfrohrsaenger","organism","Schilfrohrsänger","Tier","","sedge warbler","Acrocephalus schoenobaenus","","","2493129","","","1","86"
"organism:schillereiche","organism","Schillereiche","Pflanze","","named oak","Quercus","","","2877951","","","1","442"
"organism:schlammbeisser","organism","Schlammbeißer","Tier","Schlammpeitzger","weatherfish","Misgurnus fossilis","","","2367936","","","2","87"
"organism:schlange","organism","Schlange","Tier","","snake","Serpentes","","","","","","4","86 204 592"
"organism:schlehe","organism","Schlehe","Pflanze","","blackthorn","Prunus spinosa","","","3023221","","","2","174 590"
"organism:schleihe","organism","Schleihe","Tier","Schleie","tench","Tinca tinca","","","2362524","","","1","87"
"organism:schlingnatter","organism","Schlingnatter","Tier","","smooth snake","Coronella austriaca","","","5959617","","","3","86"
"organism:schlupf-und-springwespen","organism","Schlupf- und Springwespen","Tier","","ichneumon and gall wasps","","","","","","","1","90"
"organism:schmetterling","organism","Schmetterling","Tier","","butterfly, moth","Lepidoptera","","","797","","","2","441 831"
"organism:schnake","organism","Schnake","Tier","","crane flies, gnats","","","","","","","1","90"
"organism:schnecke","organism","Schnecke","Tier","","snail","Gastropoda","","","225","","","5","30 35 38"
"organism:schnellkaefer","organism","Schnellkäfer","Tier","","click beetle","Elateridae","","","7825","","","1","154"
"organism:schnittlauch","organism","Schnittlauch","Pflanze","","chives","Allium schoenoprasum","","","2855860","","","1","152"
"organism:schoenus-nigricans","organism","Schoenus nigricans","Pflanze","","","Schoenus nigricans","","","2709923","","","1","74"
"organism:schoellkraut","organism","Schöllkraut","Pflanze","","greater celandine","Chelidonium majus","","","5334186","","","1","175"
"organism:schwalbe","organism","Schwalbe","Tier","","swallow","Hirundinidae","","","5248","","","1","203"
"organism:schwan","organism","Schwan","Tier","","swan","Cygnus","","","8996942","","","1","425"
"organism:schwarz-grau-und-weisspecht","organism","Schwarz-, Grau- und Weißpecht","Tier","","woodpeckers","Picidae","","","9333","","","1","86"
"organism:schwarzkehlchen","organism","Schwarzkehlchen","Tier","","stonechat","Saxicola torquatus","","","2492526","","","1","86"
"organism:schwarzkoepfige-grasmuecke","organism","Schwarzköpfige Grasmücke","Tier","Mönchsgrasmücke","blackcap","Sylvia atricapilla","","","2492956","","","1","61"
"organism:schwarzspecht","organism","Schwarzspecht","Tier","","black woodpecker","Dryocopus martius","","","2477872","","","1","85"
"organism:schwarzstorch","organism","Schwarzstorch","Tier","","black stork","Ciconia nigra","","","2481909","","","1","86"
"organism:schwein","organism","Schwein","Tier","","pig","Sus scrofa domesticus","","","11374585","","","181","83 130 153 154 201 226 232 233 234 235 274 313 418 420 424 425 430 449 450 452 454 455 456 457 458 460 462 463 466 467 469 470 472 473 476 477 478 481 482 483 486 491 492 494 500 502 505 507 510 515 517 519 520 521 522 525 528 529 531 533 534 537 541 542 543 545 546 547 549 552 553 555 558 560 561 562 563 564 567 568 585 589 592 594 597 600 603 606 607 611 614 616 617 619 620 625 627 634 642 646 648 649 651 654 656 660 663 672 675 677 678 679 681 687 690 691 693 695 700 702 705 709 724 730 736 738 741 744 745 749 750 751 755 756 758 761 766 767 770 773 776 777 779 781 782 783 784 786 790 792 794 796 798 799 801 805 807 812 817 819 820 824"
"organism:schwertlilie","organism","Schwertlilie","Pflanze","","iris","Iris","","","2748017","","","1","75"
"organism:scirpus-ovatus","organism","Scirpus ovatus","Pflanze","","","Scirpus ovatus","","","2717641","","","1","74"
"organism:scrophularia-aquatica","organism","Scrophularia aquatica","Pflanze","","","Scrophularia aquatica","","","3170866","","","1","73"
"organism:scrophularia-vernalis","organism","Scrophularia vernalis","Pflanze","","","Scrophularia vernalis","","","7810918","","","1","73"
"organism:sedum-purpurascens","organism","Sedum purpurascens","Pflanze","","","Sedum purpurascens","","","6441863","","","1","74"
"organism:sedum-villosum","organism","Sedum villosum","Pflanze","","","Sedum villosum","","","5362015","","","1","830"
"organism:seeadler","organism","Seeadler","Tier","","white-tailed eagle","Haliaeetus albicilla","","","2480449","","","1","85"
"organism:seepferd","organism","Seepferd","Tier","","sea-horse (mythical)","","","","","","","1","264"
"organism:seeschwamm","organism","Seeschwamm","Tier","","sponge (fossil)","Porifera","","","105","","","2","35 38"
"organism:seetang","organism","Seetang","Pflanze","","seaweed (fossil)","","","","","","","5","25 29 30 33 38"
"organism:segge","organism","Segge","Pflanze","","sedge","Carex","","","2721893","","","1","76"
"organism:seidelbast","organism","Seidelbast","Pflanze","","mezereon","Daphne mezereum","","","5420852","","","2","80 175"
"organism:seidenspinner","organism","Seidenspinner","Tier","","silkworm moth","Bombyx mori","","","1868664","","","2","89"
"organism:sellerie","organism","Sellerie","Pflanze","","celery","Apium graveolens","","","5371879","","","1","161"
"organism:sempervivum-soboliferum","organism","Sempervivum soboliferum","Pflanze","","","Sempervivum soboliferum","","","6709129","","","1","72"
"organism:senecio-paludosus","organism","Senecio paludosus","Pflanze","","","Senecio paludosus","","","7222765","","","1","73"
"organism:senf","organism","Senf","Pflanze","","mustard","Brassicaceae","","","3112","","","2","174 175"
"organism:sennesblaetter","organism","Sennesblätter","Pflanze","","senna","Senna alexandrina","","","2958032","","","1","174"
"organism:seseli-annuum","organism","Seseli annuum","Pflanze","","","Seseli annuum","","","3632301","","","1","72"
"organism:siebenschlaefer","organism","Siebenschläfer","Tier","","edible dormouse","Glis glis","","","5706486","","","1","83"
"organism:silaus-pratensis","organism","Silaus pratensis","Pflanze","","","Silaus pratensis","","","6027388","","","1","72"
"organism:silberpappel","organism","Silberpappel","Pflanze","","white poplar","Populus alba","","","3040233","","","1","78"
"organism:silene-chlorantha","organism","Silene Chlorantha","Pflanze","","","Silene chlorantha","","","5384808","","","1","74"
"organism:singdrossel","organism","Singdrossel","Tier","","song thrush","Turdus philomelos","","","7901064","","","3","84 86"
"organism:singvogel","organism","Singvogel","Tier","","songbird","Passeriformes","","","729","","","2","83 162"
"organism:singzirpe","organism","Singzirpe","Tier","","singing cicada","Cicadidae","","","6049","","","1","90"
"organism:solidago-canadensis","organism","Solidago canadensis","Pflanze","","","Solidago canadensis","","","5389029","","","1","73"
"organism:sommerkorn","organism","Sommerkorn","Pflanze","","summer cereal","","","","","","","6","59 213 226 293 748 750"
"organism:spechtartige","organism","Spechtartige","Tier","","woodpeckers","Picidae","","","9333","","","1","86"
"organism:sperling","organism","Sperling","Tier","","house sparrow","Passer domesticus","","","5231190","","","2","154 645"
"organism:spinat","organism","Spinat","Pflanze","","spinach","Spinacia oleracea","","","3083647","","","1","161"
"organism:spinne","organism","Spinne","Tier","","spider","Araneae","","","1496","","","1","90"
"organism:spiraea-opulifolia","organism","Spiraea opulifolia","Pflanze","","","Spiraea opulifolia","","","2988354","","","1","74"
"organism:spirifer-calcaratus","organism","Spirifer calcaratus","Tier","","brachiopod (fossil)","Spirifer calcaratus","","","","","","1","33"
"organism:staar","organism","Staar","Tier","Star","starling","Sturnus vulgaris","","","9809229","","","3","61 84 86"
"organism:stammspinner","organism","Stammspinner","Tier","","gypsy moth","Lymantria dispar","","","1820406","","","1","90"
"organism:staude","organism","Staude","Pflanze","","shrub, perennial","","","","","","","1","302"
"organism:staudenkohl","organism","Staudenkohl","Pflanze","","kale","Brassica oleracea","","","3042845","","","3","214 215 216"
"organism:steinschmaetzer","organism","Steinschmätzer","Tier","","northern wheatear","Oenanthe oenanthe","","","5231240","","","3","86 831"
"organism:steinsperling","organism","Steinsperling","Tier","","rock sparrow","Petronia petronia","","","2492350","","","1","85"
"organism:stelzenbaum","organism","Stelzenbaum","Pflanze","","named maple","Acer","","","3189834","","","6","79 702 703"
"organism:sternanis","organism","Sternanis","Pflanze","","star anise","Illicium verum","","","2889756","","","1","175"
"organism:stier","organism","Stier","Tier","","bull","Bos taurus","","","2441022","","","5","83 185 232 233 234"
"organism:strahlthier","organism","Strahlthier","Tier","","radiate animals (fossil)","","","","","","","1","38"
"organism:straussenfarn","organism","Straußenfarn","Pflanze","","ostrich fern","Matteuccia struthiopteris","","","2650999","","","2","830"
"organism:subularia-aquatica","organism","Subularia aquatica","Pflanze","","","Subularia aquatica","","","5373421","","","2","73 74"
"organism:sumpf-und-wasservoegel","organism","Sumpf- und Wasservögel","Tier","","marsh and water birds","","","","","","","1","86"
"organism:sumpfgarbe","organism","Sumpfgarbe","Pflanze","","sneezewort","Achillea ptarmica","","","3120333","","","1","174"
"organism:sumpfmolch","organism","Sumpfmolch","Tier","","marsh newt","Triton palustris","","","","","","2","86"
"organism:suessholz","organism","Süßholz","Pflanze","","liquorice","Glycyrrhiza glabra","","","2965732","","","1","175"
"organism:tabak","organism","Tabak","Pflanze","","tobacco","Nicotiana tabacum","","","2928774","","","5","161 214 261 439"
"organism:tanne","organism","Tanne","Pflanze","","silver fir","Abies alba","","","2685484","","","19","79 124 178 186 189 193 237 238 632 677 684 688 703 757"
"organism:tannenheher","organism","Tannenheher","Tier","","spotted nutcracker","Nucifraga caryocatactes","","","2482613","","","1","86"
"organism:taube","organism","Taube","Tier","","pigeon, dove","Columba livia","","","2495414","","","5","83 235 684"
"organism:tausendfuesser","organism","Tausendfüßer","Tier","","millipede, centipede","Myriapoda","","","","","","1","90"
"organism:tausendgueldenkraut","organism","Tausendgüldenkraut","Pflanze","","common centaury","Centaurium erythraea","","","5414457","","","2","80 174"
"organism:teich-und-wasserhuhn","organism","Teich- und Wasserhuhn","Tier","","moorhen and coot","Rallidae","","","9342","","","1","86"
"organism:teichmolch","organism","Teichmolch","Tier","","newt","Triton cristatus","","","2431885","","","2","86"
"organism:telekia-speciosa","organism","Telekia speciosa","Pflanze","","","Telekia speciosa","","","5389173","","","1","75"
"organism:tentaculiten","organism","Tentaculiten","Tier","","tentaculitid (fossil)","Tentaculites","","","4586254","","","2","30 35"
"organism:teucrium-chamaedrys","organism","Teucrium Chamaedrys","Pflanze","","","Teucrium chamaedrys","","","6411747","","","1","74"
"organism:teucrium-scordium","organism","Teucrium Scordium","Pflanze","","","Teucrium scordium","","","7945074","","","1","73"
"organism:teufelsabbiss","organism","Teufelsabbiß","Pflanze","","devil's-bit scabious","Succisa pratensis","","","2888811","","","1","689"
"organism:thesium-pratense","organism","Thesium pratense","Pflanze","","","Thesium pratense","","","","","","1","74"
"organism:thlaspi-alpestre","organism","Thlaspi alpestre","Pflanze","","","Thlaspi alpestre","","","8814807","","","1","73"
"organism:thorand","organism","Thorand","Pflanze","","(unidentified herb)","","","","","","","1","204"
"organism:thymian","organism","Thymian","Pflanze","","thyme","Thymus","","","2926960","","","1","153"
"organism:tier","organism","Tier","Tier","","animal","","","","","","","10","36 60 68 124 178 180 317"
"organism:tollkirsche","organism","Tollkirsche","Pflanze","","deadly nightshade","Atropa bella-donna","","","3802655","","","1","80"
"organism:torstensohneiche","organism","Torstensohneiche","Pflanze","","named oak","Quercus","","","2877951","","","6","78 203 418"
"organism:trapa-natans","organism","Trapa natans","Pflanze","","","Trapa natans","","","3188757","","","1","74"
"organism:trifolium-ochroleucum","organism","Trifolium ochroleucum","Pflanze","","","Trifolium ochroleucum","","","5359209","","","1","74"
"organism:trilobit","organism","Trilobit","Tier","","trilobite (fossil)","Trilobita","","","9273948","","","3","34 35"
"organism:triodia-decumbens","organism","Triodia decumbens","Pflanze","","","Triodia decumbens","","","2703250","","","1","73"
"organism:tulipa-sylvestris","organism","Tulipa sylvestris","Pflanze","","","Tulipa sylvestris","","","5299536","","","1","73"
"organism:turmschwalbe","organism","Turmschwalbe","Tier","Mauersegler","common swift","Apus apus","","","5228676","","","2","61 86"
"organism:ulme","organism","Ulme","Pflanze","","elm","Ulmus","","","2984510","","","2","79"
"organism:ungeziefer","organism","Ungeziefer","Tier","","vermin","","","","","","","1","682"
"organism:unkraut","organism","Unkraut","Pflanze","","weeds","","","","","","","9","146 151"
"organism:utricularia-minor","organism","Utricularia minor","Pflanze","","","Utricularia minor","","","3172414","","","1","74"
"organism:veilchen","organism","Veilchen","Pflanze","","violet","Viola","","","2874237","","","1","76"
"organism:veraenderliche-kroete","organism","veränderliche Kröte","Tier","","toad","Bufo","","","7580221","","","1","86"
"organism:verbascum-phlomoides","organism","Verbascum phlomoides","Pflanze","","","Verbascum phlomoides","","","3171948","","","1","73"
"organism:veronica-prostrata","organism","Veronica prostrata","Pflanze","","","Veronica prostrata","","","8903918","","","1","74"
"organism:vieh","organism","Vieh","Tier","","livestock","","","","","","","73","71 123 130 163 164 174 180 185 186 190 193 201 232 233 234 259 260 261 262 303 420 423 431 440 441 448 450 461 467 476 479 485 486 489 507 521 528 589 604 606 616 634 647 659 660 663 668 690 702 719 743 752 760 783 790 793 794 822"
"organism:viola-odorata","organism","Viola odorata","Pflanze","","","Viola odorata","","","5331181","","","2","60"
"organism:viola-stagnina","organism","Viola stagnina","Pflanze","","","Viola stagnina","","","5664390","","","1","73"
"organism:vogel","organism","Vogel","Tier","","bird","Aves","","","212","","","19","39 82 83 141 145 146 147 148 149 150 181 568 695 704 722 831"
"organism:wacholder","organism","Wacholder","Pflanze","Wacholder","juniper","Juniperus communis","","","2684709","","","5","174 175 185 190"
"organism:wachtel","organism","Wachtel","Tier","","common quail","Coturnix coturnix","","","2474156","","","1","86"
"organism:waldlaubvogel","organism","Waldlaubvogel","Tier","Waldlaubsänger","wood warbler","Phylloscopus sibilatrix","","","8128385","","","1","86"
"organism:waldschnepfe","organism","Waldschnepfe","Tier","","woodcock","Scolopax rusticola","","","2481700","","","2","61 86"
"organism:walnussbaum","organism","Walnussbaum","Pflanze","","walnut","Juglans regia","","","3054368","","","1","546"
"organism:wanderheuschrecke","organism","Wanderheuschrecke","Tier","","migratory locust","Locusta migratoria","","","1713418","","","1","90"
"organism:wanderratte","organism","Wanderratte","Tier","","brown rat","Rattus norvegicus","","","2439261","","","1","82"
"organism:wanze","organism","Wanze","Tier","","true bug","Heteroptera","","","","","","1","90"
"organism:wasserjungfer","organism","Wasserjungfer","Tier","","dragonfly","Odonata","","","789","","","1","90"
"organism:wasserkroete","organism","Wasserkröte","Tier","Knoblauchkröte","common spadefoot","Pelobates fuscus","","","2430567","","","2","86"
"organism:wasserlinse","organism","Wasserlinse","Pflanze","","duckweed","Lemna","","","2867567","","","1","75"
"organism:wassermolch","organism","Wassermolch","Tier","","water newt","","","","","","","1","86"
"organism:wasserralle","organism","Wasserralle","Tier","","water rail","Rallus aquaticus","","","2474831","","","1","86"
"organism:wegerich","organism","Wegerich","Pflanze","","plantain","Plantago","","","3189695","","","1","174"
"organism:weide","organism","Weide","Pflanze","","willow","Salix","","","3039576","","","4","180 492 554 560"
"organism:weinbergsschnecke","organism","Weinbergsschnecke","Tier","","Roman snail","Helix pomatia","","","2294287","","","1","89"
"organism:weinrebe","organism","Weinrebe","Pflanze","","grape vine","Vitis vinifera","","","5372392","","","7","58 60 81 124 159 214 215"
"organism:weiss-und-schwarzdorn","organism","Weiß- und Schwarzdorn","Pflanze","","hawthorn and blackthorn","","","","","","","1","79"
"organism:weissbuche","organism","Weißbuche","Pflanze","","hornbeam","Carpinus betulus","","","2875818","","","1","121"
"organism:weisse-und-grosse-saeger","organism","weiße und große Säger","Tier","","mergansers (two species)","Mergus","","","2498368","","","1","86"
"organism:weizen","organism","Weizen","Pflanze","","wheat","Triticum aestivum","","","7795888","","","26","58 146 151 157 226 480 506 554 636 653 671 688 743 746 748 794 795 821"
"organism:wermut","organism","Wermut","Pflanze","","wormwood","Artemisia absinthium","","","3121319","","","3","73 204 689"
"organism:wicke","organism","Wicke","Pflanze","","vetch","Vicia","","","2974751","","","1","671"
"organism:wiedehopf","organism","Wiedehopf","Tier","","hoopoe","Upupa epops","","","2498415","","","1","86"
"organism:wiesenpieper","organism","Wiesenpieper","Tier","","meadow pipit","Anthus pratensis","","","2490266","","","1","86"
"organism:wild","organism","Wild","Tier","","game","","","","","","","4","166 238 679 722"
"organism:wildes-pferd","organism","wildes Pferd","Tier","","wild horse","Equus ferus","","","4409270","","","1","40"
"organism:wildschwein","organism","Wildschwein","Tier","","wild boar","Sus scrofa","","","7705930","","","1","83"
"organism:wintergruen","organism","Wintergrün","Pflanze","","wintergreen (unclear)","","","","","","","1","185"
"organism:winterkorn","organism","Winterkorn","Pflanze","","winter cereal","","","","","","","6","59 213 226 293 746 782"
"organism:wirbeltier","organism","Wirbeltier","Tier","","vertebrate","","","","","","","1","82"
"organism:wisent","organism","Wisent","Tier","","European bison","Bison bonasus","","","2441184","","","6","82 83 124 588"
"organism:wolf","organism","Wolf","Tier","","wolf","Canis lupus","","","5219173","","","13","82 123 125 145 146 207"
"organism:wollgras","organism","Wollgras","Pflanze","","cottongrass","Eriophorum","","","2730118","","","1","175"
"organism:wuerger","organism","Würger","Tier","","shrike","Lanius","","","2483315","","","1","831"
"organism:wurm","organism","Wurm","Tier","","worm","","","","","","","10","30 33 43 90 173 176 188 189 421"
"organism:wurzelfuesser","organism","Wurzelfüßer","Tier","","rhizopods (fossil)","","","","","","","1","38"
"organism:ziege","organism","Ziege","Tier","","goat","Capra hircus","","","2441056","","","163","83 176 189 205 206 207 226 233 234 235 418 424 425 430 449 450 452 454 455 456 457 458 460 462 463 466 467 469 470 472 473 476 477 478 482 483 486 491 492 494 500 502 505 507 510 515 517 519 520 521 525 528 529 531 533 534 537 541 542 543 545 546 547 549 552 553 555 558 560 561 562 563 564 567 568 594 597 600 606 607 611 614 615 616 619 625 627 634 642 646 648 651 654 656 660 663 675 677 678 679 681 687 690 691 695 700 702 705 709 724 730 736 738 741 744 745 749 750 755 756 758 761 766 767 770 773 776 777 779 781 782 783 784 786 790 792 794 796 799 801 805 807 812 817 819 824"
"organism:zierpflanze","organism","Zierpflanze","Pflanze","","ornamental plants","","","","","","","3","58 261 498"
"organism:zimmt","organism","Zimmt","Pflanze","","cinnamon","Cinnamomum","","","3033980","","","1","174"
"organism:zirpe","organism","Zirpe","Tier","","cicada, planthopper","Auchenorrhyncha","","","","","","2","90"
"organism:zitrone","organism","Zitrone","Pflanze","","lemon","Citrus limon","","","7647136","","","1","174"
"organism:zugtier","organism","Zugtier","Tier","","draught animal","","","","","","","3","183 275 720"
"organism:zugvogel","organism","Zugvogel","Tier","","migratory bird","","","","","","","5","60 61 86"
"organism:zweifluegler","organism","Zweiflügler","Tier","","flies and mosquitoes","Diptera","","","811","","","1","90"
"organism:zwetsche","organism","Zwetsche","Pflanze","","damson plum","Prunus domestica","","","7931731","","","1","174"
"organism:zwiebel","organism","Zwiebel","Pflanze","","onion","Allium cepa","","","2857697","","","4","174 179 190 192"
"person:a-cohn","person","A. Cohn","Historiker","","","","","","","","","12","324 325 326 331"
"person:a-lorey","person","A. Lorey","Direktor","","","","","","","","","2","436 837"
"person:a-reichenbaecher","person","A. Reichenbächer","Pfarrer","","","","","","","","","1","746"
"person:a-stiehler","person","A. Stiehler","Pfarrer","","","","","","","","","1","717"
"person:a-timmisch","person","A. Timmisch","Subskribent","","","","","","","","","1","839"
"person:abraham-v-watzdorf","person","Abraham v. Watzdorf","Adliger","","","","","","","","","2","612 614"
"person:achaz-von-guttenberg","person","Achaz von Guttenberg","Adliger","","","","","","","","","1","350"
"person:ad-ludw-ferd-semmel","person","Ad. Ludw. Ferd. Semmel","Adliger","","","","","","","","","1","549"
"person:ad-schmalz","person","Ad. Schmalz","Gutsbesitzer","","","","","","","","","1","546"
"person:adam-busch","person","Adam Busch","Unternehmer","","","","","","","","","1","726"
"person:adam-dan-buettner","person","Adam Dan. Büttner","Beamter","","","","","","","","","1","784"
"person:adam-heinr-meisner","person","Adam Heinr. Meisner","Schriftsteller","","","","","","","","","1","834"
"person:adam-heinr-v-magwitz","person","Adam Heinr. v. Magwitz","Gutsbesitzer","","","","","","","","","1","801"
"person:adam-heinrich-von-metsch","person","Adam Heinrich von Metsch","Gutsbesitzer","","","","","","","","","2","526 527"
"person:adam-roemer","person","Adam Römer","Gutsbesitzer","","","","","","","","","1","625"
"person:adam-tschirmer","person","Adam Tschirmer","Gutsbesitzer","","","","","","","","","3","528"
"person:adam-v-schoenberg","person","Adam v. Schönberg","Adliger","","","","","","","","","1","398"
"person:adam-von-beichlingen","person","Adam von Beichlingen","Adliger","","","","","","","","","1","350"
"person:adelheid","person","Adelheid","Prinzessin","","","","","","","","","3","343 352 835"
"person:adelheid-v-buenau","person","Adelheid v. Bünau","Adlige","","","","","","","","","1","503"
"person:adler","person","Adler","Pastor","","","","","","","","","3","835"
"person:adolf-friedrich-karl-streckfuss","person","Adolf Friedrich Karl Streckfuß","Schriftsteller","","","","","Q1040724","","","","1","447"
"person:adolf-v-einsiedel-wolkenburg","person","Adolf v. Einsiedel-Wolkenburg","Adliger","","","","","","","","","2","398"
"person:adolf-von-nassau","person","Adolf von Nassau","König","","","","","Q160101","","","","6","336 342 354 355 503 809"
"person:adolph-louis-otto","person","Adolph Louis Otto","Gutsbesitzer","","","","","","","","","2","223 819"
"person:adolph-von-bentheim-tecklenburg-rheda","person","Adolph von Bentheim-Tecklenburg-Rheda","Adliger","","","","","","","","","1","395"
"person:advocatus-longus-de-plaw","person","Advocatus Longus de Plaw","Vogt","","","","","","","","","2","271 343"
"person:aehle","person","Aehle","Lehrer","","","","","","","","","1","835"
"person:afra-v-obernitz","person","Afra v. Obernitz","Nonne","","","","","","","","","1","671"
"person:agnes","person","Agnes","Prinzessin","","","","","","","","","12","342 347 352 354 364 394 400 414 443 835"
"person:agnes-elisabeth","person","Agnes Elisabeth","Prinzessin","","","","","","","","","1","401"
"person:agnes-engelschall","person","Agnes Engelschall","Stifterin","","","","","","","","","1","307"
"person:agnes-helene-v-flemming","person","Agnes Helene v. Flemming","Gemahlin","","","","","","","","","1","402"
"person:agnes-juliane","person","Agnes Juliane","Prinzessin","","","","","","","","","1","401"
"person:agnes-marie-v-erbach","person","Agnes Marie v. Erbach","Gemahlin","","","","","","","","","3","372 582 607"
"person:agnes-metzsch","person","Agnes Metzsch","Adlige","","","","","","","","","1","522"
"person:agnes-sophie-v-prommnitz","person","Agnes Sophie v. Prommnitz","Gemahlin","","","","","","","","","1","397"
"person:agnes-v-beichlingen","person","Agnes v. Beichlingen","Gemahlin","","","","","","","","","2","372 400"
"person:agnes-v-hirschberg","person","Agnes v. Hirschberg","Äbtissin","","","","","","","","","1","810"
"person:agnes-v-leisnig-penig","person","Agnes v. Leisnig-Penig","Gemahlin","","","","","","","","","2","368 372"
"person:agnes-v-schoenburg-hartenstein","person","Agnes v. Schönburg-Hartenstein","Gemahlin","","","","","","","","","1","401"
"person:agnes-von-schluesselberg","person","Agnes von Schlüsselberg","Gemahlin","","","","","","","","","2","356 364"
"person:albanus","person","Albanus","Heiliger","","","","","","","","","1","136"
"person:albert","person","Albert","Adliger","","","","","","","","","2","594 789"
"person:albert-pommer","person","Albert Pommer","Geistlicher","","","","","","","","","1","657"
"person:albert-v-blankenberg","person","Albert v. Blankenberg","Adliger","","","","","","","","","1","788"
"person:albert-von-leisnig","person","Albert von Leisnig","Adliger","","","","","","","","","1","490"
"person:albert-von-neiperg","person","Albert von Neiperg","Adliger","","","","","","","","","1","354"
"person:albert-von-rottow-biberstein","person","Albert von Rottow-Biberstein","Adliger","","","","","","","","","1","396"
"person:alberti","person","Alberti","Beamter","","","","","","","","","5","62 639 835"
"person:albertine-auguste","person","Albertine Auguste","Prinzessin","","","","","","","","","1","402"
"person:albin-hartung","person","Albin Hartung","Subskribent","","","","","","","","","1","837"
"person:albr-volkmar","person","Albr. Volkmar","Gelehrter","","","","","","","","","1","789"
"person:albrecht","person","Albrecht","Landgraf","","","","","","","","","16","336 342 343 355 358 361 414 575 576 736 787"
"person:albrecht-v-blankenberg","person","Albrecht v. Blankenberg","Adliger","","","","","","","","","1","787"
"person:albrecht-v-fischern","person","Albrecht v. Fischern","Gutsbesitzer","","","","","","","","","1","723"
"person:albrecht-von-bamberg","person","Albrecht von Bamberg","Bischof","","","","","","","","","1","346"
"person:albrecht-von-brandenburg","person","Albrecht von Brandenburg","Markgraf","","","","","","","","","2","360 361"
"person:albrecht-von-eberstein","person","Albrecht von Eberstein","Adliger","","","","","","","","","1","320"
"person:albrecht-von-kirchberg","person","Albrecht von Kirchberg","Adliger","","","","","","","","","1","369"
"person:albrecht-von-mainz-und-magdeburg","person","Albrecht von Mainz und Magdeburg","Bischof","","","","","Q60951","","","","1","340"
"person:albrecht-von-oesterreich","person","Albrecht von Oesterreich","Herzog","","","","","","","","","1","349"
"person:albrecht-von-rochsburg","person","Albrecht von Rochsburg","Adliger","","","","","","","","","1","347"
"person:albrecht-von-thueringen","person","Albrecht von Thüringen","Landgraf","","","","","Q61508","","","","4","327 414 503 672"
"person:alenburg","person","Alenburg","Beamter","","","","","","","","","1","447"
"person:alesso-von-sternberg","person","Alesso von Sternberg","Adliger","","","","","","","","","1","357"
"person:alex-v-kospod","person","Alex. v. Kospod","Adliger","","","","","","","","","1","691"
"person:alexander-d-olbrense","person","Alexander d'Olbrense","Adliger","","","","","","","","","1","402"
"person:alexander-i","person","Alexander I.","Kaiser","","","","","Q15193","","","","1","444"
"person:alexander-v-eichicht","person","Alexander v. Eichicht","Adliger","","","","","","","","","1","511"
"person:alfr-mayer","person","Alfr. Mayer","Pfarrer","","","","","","","","","1","613"
"person:amalia-esperance-v-kloster-wartenleben","person","Amalia Esperance v. Kloster-Wartenleben","Gemahlin","","","","","","","","","1","398"
"person:amalie-christine","person","Amalie Christine","","","","","","","","","","1","396"
"person:amalie-juliane","person","Amalie Juliane","Prinzessin","","","","","","","","","2","401 402"
"person:amalie-sophie","person","Amalie Sophie","Prinzessin","","","","","","","","","1","401"
"person:amalie-v-hirschberg","person","Amalie v. Hirschberg","Äbtissin","","","","","","","","","1","810"
"person:amalie-v-hohenzollern-sigmaringen","person","Amalie v. Hohenzollern-Sigmaringen","Prinzessin","","","","","","","","","1","401"
"person:amalie-v-mansfeld-heldrungen","person","Amalie v. Mansfeld-Heldrungen","Gemahlin","","","","","","","","","2","371 372"
"person:amandus-v-rohrscheidt","person","Amandus v. Rohrscheidt","Militär","","","","","","","","","1","623"
"person:amargk-von-waldenburg","person","Amargk von Waldenburg","Adliger","","","","","","","","","1","357"
"person:amthor","person","Amthor","Pfarrer","","","","","","","","","2","550 835"
"person:andr-v-holzapfel","person","Andr. v. Holzapfel","Adliger","","","","","","","","","1","745"
"person:andreas","person","Andreas","Heiliger","","","","","","","","","1","136"
"person:andreas-buetner","person","Andreas Bütner","Pfarrer","","","","","","","","","1","487"
"person:andreas-v-hirschberg","person","Andreas v. Hirschberg","Adliger","","","","","","","","","1","810"
"person:andreas-waehler","person","Andreas Wähler","Gutsbesitzer","","","","","","","","","1","528"
"person:andres-franck","person","Andres Franck","Geistlicher","","","","","","","","","1","474"
"person:angelika","person","Angelika","Gemahlin","","","","","","","","","1","402"
"person:anna","person","Anna","Prinzessin","","","","","","","","","29","336 339 341 345 346 349 351 352 358 359 363 364 368 370 372 394 399 400 414 577"
"person:anna-car-louise-adelh","person","Anna (Car. Louise Adelh.)","Prinzessin","","","","","","","","","1","395"
"person:anna-barbara","person","Anna Barbara","Prinzessin","","","","","","","","","1","401"
"person:anna-dorothea-von-ruppa","person","Anna Dorothea von Ruppa","Gemahlin","","","","","","","","","1","402"
"person:anna-dorothea-von-schwarzburg-sondershausen","person","Anna Dorothea von Schwarzburg-Sondershausen","Gemahlin","","","","","","","","","1","394"
"person:anna-elise-v-sinzendorf","person","Anna Elise v. Sinzendorf","Gemahlin","","","","","","","","","1","395"
"person:anna-gebhardt","person","Anna Gebhardt","Gutsbesitzer","","","","","","","","","1","547"
"person:anna-gehrhard","person","Anna Gehrhard","Gutsbesitzer","","","","","","","","","1","595"
"person:anna-genoveva-v-stolberg","person","Anna Genoveva v. Stolberg","Gemahlin","","","","","","","","","1","400"
"person:anna-holicz-von-sternberg","person","Anna Holicz von Sternberg","Gemahlin","","","","","","","","","2","358 364"
"person:anna-judith","person","Anna Judith","Prinzessin","","","","","","","","","1","400"
"person:anna-katharina","person","Anna Katharina","Prinzessin","","","","","","","","","1","394"
"person:anna-magdalena","person","Anna Magdalena","Prinzessin","","","","","","","","","1","402"
"person:anna-magdalena-von-schoenburg","person","Anna Magdalena von Schönburg","Gemahlin","","","","","","","","","1","400"
"person:anna-margar-v-carlowitz","person","Anna Margar. v. Carlowitz","Adlige","","","","","","","","","2","564 566"
"person:anna-maria","person","Anna Maria","Stifterin","","","","","","","","","1","305"
"person:anna-maria-haynisch","person","Anna Maria Haynisch","Stifterin","","","","","","","","","2","308"
"person:anna-marie","person","Anna Marie","Prinzessin","","","","","","","","","4","399 400 401"
"person:anna-marie-wild-und-rheingraefin-von-neufville","person","Anna Marie, Wild- und Rheingräfin von Neufville","Gemahlin","","","","","","","","","1","402"
"person:anna-nitschmann","person","Anna Nitschmann","Gemahlin","","","","","Q97116","","","","1","397"
"person:anna-sophie","person","Anna Sophie","Prinzessin","","","","","","","","","1","396"
"person:anna-v-colditz","person","Anna v. Colditz","Gemahlin","","","","","","","","","1","371"
"person:anna-v-knobloch","person","Anna v. Knobloch","Nonne","","","","","","","","","1","670"
"person:anna-v-mansfeld-schraplau","person","Anna v. Mansfeld-Schraplau","Gemahlin","","","","","","","","","1","400"
"person:anna-v-pless-hochberg-fuerstenstein","person","Anna v. Pleß-Hochberg-Fürstenstein","Gemahlin","","","","","","","","","1","399"
"person:anna-v-pommern","person","Anna v. Pommern","Gemahlin","","","","","","","","","1","364"
"person:anna-v-schoenburg","person","Anna v. Schönburg","Gemahlin","","","","","","","","","2","339 341"
"person:anna-v-stolberg","person","Anna v. Stolberg","Gemahlin","","","","","","","","","1","372"
"person:anna-v-weida","person","Anna v. Weida","Gemahlin","","","","","","","","","2","367 372"
"person:anna-v-zedlitz-leipe","person","Anna v. Zedlitz-Leipe","Gemahlin","","","","","","","","","1","399"
"person:anna-von-beichlingen","person","Anna von Beichlingen","Gemahlin","","","","","","","","","2","351 352"
"person:anna-von-gera-und-schleiz","person","Anna von Gera und Schleiz","Adlige","","","","","","","","","1","349"
"person:anna-von-henneberg-roemhild","person","Anna von Henneberg-Römhild","Gemahlin","","","","","","","","","1","352"
"person:anna-von-riesenburg","person","Anna von Riesenburg","Gemahlin","","","","","","","","","2","357 364"
"person:antiquus-de-gera","person","Antiquus de Gera","Vogt","","","","","","","","","2","271 343"
"person:anton-friedrich-hohl","person","Anton Friedrich Hohl","Gelehrter","","","","","","","","","1","723"
"person:antonie-sophie","person","Antonie Sophie","Prinzessin","","","","","","","","","1","396"
"person:apel-von-vitzthum","person","Apel von Vitzthum","Adliger","","","","","","","","","2","348 444"
"person:ardal","person","Ardal","Sagengestalt","","","","","","","","","2","442"
"person:aribo","person","Aribo","Adliger","","","","","","","","","1","323"
"person:arn-von-wuerzburg","person","Arn von Würzburg","Bischof","","","","","Q690040","","","","1","315"
"person:arnold","person","Arnold","Adliger","","","","","","","","","1","787"
"person:arnold-v-blankenberg","person","Arnold v. Blankenberg","Adliger","","","","","","","","","1","786"
"person:arnold-von-luebeck","person","Arnold von Lübeck","Schriftsteller","","","","","Q316835","","","","1","328"
"person:aschenbach","person","Aschenbach","Arzt","","","","","","","","","4","44 172 721 835"
"person:asmus","person","Asmus","Adliger","","","","","","","","","1","787"
"person:attila","person","Attila","König","","","","","Q36724","","","","1","197"
"person:aug-dorothea-v-hohenlohe-langenburg","person","Aug. Dorothea v. Hohenlohe-Langenburg","Gemahlin","","","","","","","","","1","395"
"person:aug-horn","person","Aug. Horn","Handwerker","","","","","","","","","2","726 789"
"person:aug-ludw-v-spangenberg","person","Aug. Ludw. v. Spangenberg","Gutsbesitzer","","","","","","","","","1","818"
"person:aug-uhlmann","person","Aug. Uhlmann","Subskribent","","","","","","","","","1","839"
"person:august-von-sachsen","person","August von Sachsen","Kurfürst","","","","","Q435016","","","","1","362"
"person:auguste","person","Auguste","Prinzessin","","","","","","","","","4","397 399"
"person:auguste-ernestine-sophie","person","Auguste Ernestine Sophie","Prinzessin","","","","","","","","","1","402"
"person:auguste-isabella","person","Auguste Isabella","Prinzessin","","","","","","","","","1","401"
"person:auguste-v-riedesel","person","Auguste v. Riedesel","Gemahlin","","","","","","","","","1","398"
"person:avianus","person","Avianus","Posthalter","","","","","","","","","1","835"
"person:babette-benigne-v-wenz-zum-lahnstein","person","Babette Benigne v. Wenz zum Lahnstein","Gemahlin","","","","","","","","","1","401"
"person:baerecke","person","Baerecke","Buchhändler","","","","","","","","","1","835"
"person:bahrt","person","Bahrt","Geistlicher","","","","","","","","","1","813"
"person:balduin-conrad","person","Balduin Conrad","Fabrikant","","","","","","","","","1","446"
"person:balthasar-erdmann-v-prommnitz","person","Balthasar Erdmann v. Prommnitz","Adliger","","","","","","","","","1","395"
"person:balthasar-schwarz","person","Balthasar Schwarz","Unternehmer","","","","","","","","","1","728"
"person:balthasar-v-kospod","person","Balthasar v. Kospod","Adliger","","","","","","","","","1","685"
"person:balthasar-von-thueringen","person","Balthasar von Thüringen","Landgraf","","","","","","","","","3","367 668 809"
"person:baner","person","Banér","Militär","","","","","Q498046","","","","2","601 668"
"person:barbara","person","Barbara","Prinzessin","","","","","","","","","6","136 356 357 372 400"
"person:barbara-d-ae","person","Barbara d. ä.","Nonne","","","","","","","","","1","364"
"person:barbara-d-j","person","Barbara d. j.","Nonne","","","","","","","","","1","364"
"person:barbara-v-anhalt","person","Barbara v. Anhalt","Gemahlin","","","","","","","","","2","360 364"
"person:barbara-v-metsch","person","Barbara v. Metsch","Gemahlin","","","","","","","","","2","372 400"
"person:barnim-von-pommern","person","Barnim von Pommern","Herzog","","","","","","","","","1","363"
"person:baron-v-herzberg","person","Baron v. Herzberg","Adliger","","","","","","","","","2","530 531"
"person:barth","person","Barth","Geistlicher","","","","","","","","","1","435"
"person:barthol-groh","person","Barthol. Groh","Pfarrer","","","","","","","","","3","714 746 748"
"person:barthol-rosinus","person","Barthol. Rosinus","Geistlicher","","","","","","","","","1","295"
"person:bartholomaeus","person","Bartholomäus","Heiliger","","","","","","","","","3","136 521 697"
"person:bartsch","person","Bartsch","Beamter","","","","","","","","","4","433 437 456 474"
"person:bassler","person","Baßler","Arzt","","","","","","","","","1","58"
"person:bauer","person","Bauer","Kaufmann","","","","","","","","","1","835"
"person:baumeister","person","Baumeister","Direktor","","","","","","","","","1","436"
"person:baumgaertel","person","Baumgärtel","Ökonom","","","","","","","","","1","835"
"person:beate-antonie-auguste","person","Beate Antonie Auguste","","","","","","","","","","1","396"
"person:beate-henriette-v-solms-laubach","person","Beate Henriette v. Solms-Laubach","Gemahlin","","","","","","","","","1","396"
"person:beatrix-von-meran","person","Beatrix von Meran","Adlige","","","","","","","","","4","334 341"
"person:beatus","person","Beatus","","","","","","","","","","1","VI"
"person:becher","person","Becher","Geistlicher","","","","","","","","","1","435"
"person:becker","person","Becker","Lehrer","","","","","","","","","1","835"
"person:behr","person","Behr","Arzt","","","","","","","","","2","170 835"
"person:benigne-marie","person","Benigne Marie","Prinzessin","","","","","","","","","2","397 803"
"person:benigne-renate","person","Benigne Renate","Prinzessin","","","","","","","","","1","397"
"person:berchta","person","Berchta","Sagengestalt","","","","","","","","","3","313 329 331"
"person:bergner","person","Bergner","Subskribent","","","","","","","","","2","836"
"person:bernadotte-fuerst-von-ponte-corvo","person","Bernadotte (Fürst von Ponte-Corvo)","Militär","","","","","","","","","5","592 604 739"
"person:bernh-v-kutschenbach","person","Bernh. v. Kutschenbach","Militär","","","","","","","","","1","562"
"person:bernhard","person","Bernhard","Adliger","","","","","","","","","3","329 331"
"person:bernhard-moor","person","Bernhard Moor","Bürger","","","","","","","","","1","443"
"person:bernhard-v-schauroth","person","Bernhard v. Schauroth","Adliger","","","","","","","","","1","516"
"person:bernhard-v-watzdorf","person","Bernhard v. Watzdorf","Adliger","","","","","","","","","2","745 756"
"person:berth-bucklisch","person","Berth. Bucklisch","Lehrer","","","","","","","","","1","680"
"person:bertha","person","Bertha","Adlige","","","","","","","","","2","198 329"
"person:berthier","person","Berthier","","","","","","","","","","1","739"
"person:berthold","person","Berthold","Adliger","","","","","","","","","3","495 597 685"
"person:berthold-v-drardorf","person","Berthold v. Drardorf","Adliger","","","","","","","","","1","736"
"person:berthold-v-techwitz","person","Berthold v. Techwitz","Adliger","","","","","","","","","1","495"
"person:berthold-von-mainz","person","Berthold von Mainz","Bischof","","","","","Q85348","","","","1","349"
"person:berthold-von-naumburg","person","Berthold von Naumburg","Bischof","","","","","","","","","1","329"
"person:bertoldus-de-kula","person","Bertoldus de Kula","Adliger","","","","","","","","","1","325"
"person:bertram","person","Bertram","Subskribent","","","","","","","","","1","836"
"person:bessieres","person","Bessieres","","","","","","","","","","1","739"
"person:beyer","person","Beyer","Subskribent","","","","","","","","","1","836"
"person:bilburg-v-schwarzburg-leutenberg","person","Bilburg v. Schwarzburg-Leutenberg","Gemahlin","","","","","","","","","1","352"
"person:bischoff","person","Bischoff","Direktor","","","","","","","","","1","69"
"person:blank","person","Blank","Subskribent","","","","","","","","","1","836"
"person:blasius-gentschel","person","Blasius Gentschel","Geistlicher","","","","","","","","","1","426"
"person:blau","person","Blau","Arzt","","","","","","","","","3","43 512 513"
"person:bleitner","person","Bleitner","Geistlicher","","","","","","","","","2","668 673"
"person:bluchria-von-reitzenstein","person","Bluchria von Reitzenstein","Adlige","","","","","","","","","1","787"
"person:bodenhausen","person","Bodenhausen","Subskribent","","","","","","","","","1","836"
"person:bogislav-felix-v-lobkowitz-und-hassenstein","person","Bogislav Felix v. Lobkowitz und Hassenstein","Adliger","","","","","","","","","1","364"
"person:bohemund","person","Bohemund","Bischof","","","","","","","","","1","622"
"person:boehme","person","Böhme","Pfarrer","","","","","","","","","1","427"
"person:bonifatius","person","Bonifatius","Heiliger","","","","","Q160445","","","","1","316"
"person:bose","person","Bose","Adelsfamilie","","","","","","","","","3","657 659"
"person:boettger","person","Böttger","Stifter","","","","","","","","","1","308"
"person:bowen-kegler","person","Bowen Kegler","Bürger","","","","","","","","","1","626"
"person:brandenstein","person","Brandenstein","Militär","","","","","","","","","1","424"
"person:braun","person","Braun","","","","","","","","","","1","VI"
"person:braune","person","Braune","Subskribent","","","","","","","","","1","836"
"person:brehms-anne","person","Brehms Anne","Zauberin","","","","","","","","","2","204 499"
"person:brigitta","person","Brigitta","Prinzessin","","","","","","","","","4","349 350 352"
"person:brigitta-v-dobeneck","person","Brigitta v. Dobeneck","Nonne","","","","","","","","","1","670"
"person:brigitte","person","Brigitte","Prinzessin","","","","","","","","","2","340 341"
"person:broemel","person","Brömel","Geistlicher","","","","","","","","","2","723 836"
"person:bruno-hildebrand","person","Bruno Hildebrand","Gelehrter","","","","","Q77667","","","","2","8 104"
"person:buhle","person","Buhle","Geistlicher","","","","","","","","","2","464"
"person:burchard","person","Burchard","Adliger","","","","","","","","","3","315 638"
"person:burgold-v-hof","person","Burgold v. Hof","Adliger","","","","","","","","","1","452"
"person:burkhard","person","Burkhard","Heiliger","","","","","","","","","1","620"
"person:burkhard-levin-v-w","person","Burkhard Levin v. W.","Adliger","","","","","","","","","1","494"
"person:burkhard-v-wolfersdorf","person","Burkhard v. Wolfersdorf","Adliger","","","","","","","","","1","730"
"person:burkhardt","person","Burkhardt","Subskribent","","","","","","","","","1","836"
"person:buschendorf","person","Buschendorf","Subskribent","","","","","","","","","1","836"
"person:buschner","person","Buschner","Sagengestalt","","","","","","","","","1","519"
"person:busso-von-elsterberg","person","Busso von Elsterberg","Adliger","","","","","","","","","1","367"
"person:busso-von-lautenburg","person","Busso von Lautenburg","Adliger","","","","","","","","","1","372"
"person:busso-von-tautenburg","person","Busso von Tautenburg","Adliger","","","","","","","","","2","370"
"person:buettner","person","Büttner","Subskribent","","","","","","","","","1","836"
"person:c-a-beatus","person","C. A. Beatus","Pfarrer","","","","","","","","","1","511"
"person:c-a-frommhold","person","C. A. Frommhold","Pfarrer","","","","","","","","","1","598"
"person:c-a-riedel","person","C. A. Riedel","Pfarrer","","","","","","","","","1","603"
"person:c-bergner","person","C. Bergner","Pfarrer","","","","","","","","","1","468"
"person:c-e-wittig","person","C. E. Wittig","Geistlicher","","","","","","","","","1","435"
"person:c-gottlob-ludwig","person","C. Gottlob Ludwig","Geistlicher","","","","","","","","","1","657"
"person:c-kratzsch","person","C. Kratzsch","Meteorologe","","","","","","","","","1","54"
"person:caecilie","person","Cäcilie","Prinzessin","","","","","","","","","1","398"
"person:carius","person","Carius","Sagengestalt","","","","","","","","","1","525"
"person:carl-abr-mueller","person","Carl Abr. Müller","Gutsbesitzer","","","","","","","","","2","542 549"
"person:carl-alex-v-pueckler-groditz","person","Carl Alex. v. Pückler-Groditz","Adliger","","","","","","","","","1","399"
"person:carl-egon-v-fuerstenberg","person","Carl Egon v. Fürstenberg","Adliger","","","","","","","","","1","401"
"person:carl-fr-wieprecht","person","Carl Fr. Wieprecht","Beamter","","","","","","","","","1","223"
"person:carl-gotthold","person","Carl Gotthold","Gelehrter","","","","","","","","","1","447"
"person:carl-haeusser","person","Carl Häußer","Subskribent","","","","","","","","","1","837"
"person:carl-stiehler","person","Carl Stiehler","Gutsbesitzer","","","","","","","","","1","769"
"person:carl-v-anhalt-zerbst-bernburg","person","Carl v. Anhalt-Zerbst-Bernburg","Adliger","","","","","","","","","2","363 364"
"person:carl-v-noirval","person","Carl v. Noirval","Adliger","","","","","","","","","1","401"
"person:carl-v-nostiz","person","Carl v. Nostiz","Adliger","","","","","","","","","1","546"
"person:carl-volrad-kraft-v-knobelsdorf","person","Carl Volrad Kraft v. Knobelsdorf","Adliger","","","","","","","","","1","398"
"person:carolina-amalie-elisabeth","person","Carolina Amalie Elisabeth","Prinzessin","","","","","","","","","2","392 401"
"person:caroline","person","Caroline","Prinzessin","","","","","","","","","8","395 397 398 399 598"
"person:caroline-ernestine-v-erbach-schoenberg","person","Caroline Ernestine v. Erbach-Schönberg","Gemahlin","","","","","","","","","1","397"
"person:caroline-henriette-v-hohenlohe-kirchberg","person","Caroline Henriette v. Hohenlohe-Kirchberg","Gemahlin","","","","","","","","","2","308 395"
"person:casimir-zum-hof","person","Casimir zum Hof","Adliger","","","","","","","","","1","745"
"person:caspar","person","Caspar","Adliger","","","","","","","","","3","204 625 626"
"person:caspar-fidler","person","Caspar Fidler","Geistlicher","","","","","","","","","1","504"
"person:caspar-frank","person","Caspar Frank","Pfarrer","","","","","","","","","1","554"
"person:caspar-v-zorba","person","Caspar v. Zorba","Adliger","","","","","","","","","1","556"
"person:caspar-von-ezdorf","person","Caspar von Ezdorf","Adliger","","","","","","","","","1","505"
"person:castell","person","Castell","Adelsfamilie","","","","","","","","","1","310"
"person:catharina","person","Catharina","Prinzessin","","","","","","","","","1","352"
"person:catharina-meier-mauer","person","Catharina Meier (Mauer)","Nonne","","","","","","","","","1","671"
"person:catharina-v-hessen-homburg","person","Catharina v. Hessen-Homburg","Gemahlin","","","","","","","","","1","401"
"person:catharina-v-kospod","person","Catharina v. Kospod","Adlige","","","","","","","","","1","681"
"person:catharina-v-orlamuenda","person","Catharina v. Orlamünda","Nonne","","","","","","","","","1","671"
"person:catharina-v-roeder","person","Catharina v. Röder","Nonne","","","","","","","","","1","670"
"person:caulincourt","person","Caulincourt","","","","","","","","","","1","739"
"person:charlotte-louise","person","Charlotte Louise","Prinzessin","","","","","","","","","2","397"
"person:charlotte-v-tettenborn","person","Charlotte v. Tettenborn","Adlige","","","","","","","","","1","223"
"person:charlotte-wilh-v-busse","person","Charlotte Wilh. v. Busse","Adlige","","","","","","","","","1","497"
"person:chasseloup","person","Chasseloup","","","","","","","","","","1","739"
"person:chr-andreas-behr","person","Chr. Andreas Behr","Schriftsteller","","","","","","","","","1","447"
"person:chr-aug-behr","person","Chr. Aug. Behr","Geistlicher","","","","","","","","","1","446"
"person:chr-baumgaertel","person","Chr. Baumgärtel","Bürger","","","","","","","","","1","528"
"person:chr-carl-fr-mueller","person","Chr. Carl Fr. Müller","Schriftsteller","","","","","","","","","1","537"
"person:chr-fr-aug-v-ende","person","Chr. Fr. Aug. v. Ende","Militär","","","","","","","","","1","533"
"person:chr-fr-heuss","person","Chr. Fr. Heuß","Schriftsteller","","","","","","","","","1","447"
"person:chr-fr-korb","person","Chr. Fr. Korb","Handwerker","","","","","","","","","1","745"
"person:chr-fr-schuetz","person","Chr. Fr. Schütz","Lehrer","","","","","","","","","1","628"
"person:chr-fr-ziegler","person","Chr. Fr. Ziegler","Pfarrer","","","","","","","","","1","512"
"person:chr-gottl-alberti","person","Chr. Gottl. Alberti","Pfarrer","","","","","","","","","2","54 639"
"person:chr-h-rudolph","person","Chr. H. Rudolph","Pfarrer","","","","","","","","","1","613"
"person:chr-heinr-suessenguth","person","Chr. Heinr. Süßenguth","Stifter","","","","","","","","","1","718"
"person:chr-l-heyne","person","Chr. L. Heyne","Schriftsteller","","","","","","","","","2","817"
"person:chr-ludwig","person","Chr. Ludwig","Lehrer","","","","","","","","","1","447"
"person:chr-schaller","person","Chr. Schaller","Geistlicher","","","","","","","","","1","434"
"person:chr-seydel","person","Chr. Seydel","Botaniker","","","","","","","","","1","71"
"person:chr-v-haugwitz","person","Chr. v. Haugwitz","Adliger","","","","","","","","","1","796"
"person:christ-eleonore","person","Christ. Eleonore","Prinzessin","","","","","","","","","1","397"
"person:christ-steinbeck","person","Christ. Steinbeck","Schriftsteller","","","","","","","","","1","515"
"person:christ-teich","person","Christ. Teich","Subskribent","","","","","","","","","2","839"
"person:christian-aug-keil","person","Christian Aug. Keil","Gutsbesitzer","","","","","","","","","2","223 450"
"person:christian-carl-v-stolberg-gedern","person","Christian Carl v. Stolberg-Gedern","","","","","","","","","","1","396"
"person:christian-fr-brager","person","Christian Fr. Brager","Stifter","","","","","","","","","1","305"
"person:christian-gall","person","Christian Gall","Lehrer","","","","","","","","","1","680"
"person:christian-gottlieb-reichard","person","Christian Gottlieb Reichard","Gelehrter","","","","","Q72715","","","","2","591 723"
"person:christian-heinrich-v-reitzenstein","person","Christian Heinrich v. Reitzenstein","","","","","","","","","","1","396"
"person:christian-koerber","person","Christian Körber","Geistlicher","","","","","","","","","4","716 723 781"
"person:christian-leop-herm-ampach","person","Christian Leop. Herm. Ampach","Gutsbesitzer","","","","","","","","","3","223 226 559"
"person:christian-schenk-v-tautenburg","person","Christian Schenk v. Tautenburg","Adliger","","","","","","","","","1","394"
"person:christian-v-oberweimar","person","Christian v. Oberweimar","Adliger","","","","","","","","","1","765"
"person:christian-v-schoenburg-penig","person","Christian v. Schönburg-Penig","Adliger","","","","","","","","","1","401"
"person:christian-wilh-v-sachsen-gotha","person","Christian Wilh. v. Sachsen-Gotha","Prinz","","","","","","","","","1","395"
"person:christiane-alex-katharine-v-leiningen-heidesheim","person","Christiane Alex. Katharine v. Leiningen-Heidesheim","Gemahlin","","","","","","","","","2","398 401"
"person:christiane-dorothea","person","Christiane Dorothea","Prinzessin","","","","","","","","","1","402"
"person:christiane-eleonore","person","Christiane Eleonore","Prinzessin","","","","","","","","","1","401"
"person:christiane-elise","person","Christiane Elise","","","","","","","","","","1","396"
"person:christiane-henriette-v-schoenburg-wechselburg","person","Christiane Henriette v. Schönburg-Wechselburg","Gemahlin","","","","","","","","","1","398"
"person:christiane-louise-reuss","person","Christiane Louise Reuß","Prinzessin","","","","","","","","","1","309"
"person:christiane-marie-eleonore","person","Christiane Marie Eleonore","","","","","","","","","","1","396"
"person:christiane-soph","person","Christiane Soph","","","","","","","","","","1","396"
"person:christiane-sophie-h","person","Christiane Sophie H.","Prinzessin","","","","","","","","","1","395"
"person:christiane-thecla","person","Christiane Thecla","","","","","","","","","","1","396"
"person:christiane-v-erbach","person","Christiane v. Erbach","Gemahlin","","","","","","","","","1","623"
"person:christiane-v-sayn-wittgenstein-homburg","person","Christiane v. Sayn-Wittgenstein-Homburg","Gemahlin","","","","","","","","","1","402"
"person:christine-ferdinande-v-isenburg-philippseich","person","Christine Ferdinande v. Isenburg-Philippseich","Gemahlin","","","","","","","","","2","395 623"
"person:christine-henriette","person","Christine Henriette","Prinzessin","","","","","","","","","1","402"
"person:christine-sibille","person","Christine Sibille","Prinzessin","","","","","","","","","1","394"
"person:christine-sophie-h","person","Christine Sophie H.","Prinzessin","","","","","","","","","1","395"
"person:christine-v-erbach-schoenberg","person","Christine v. Erbach-Schönberg","Gemahlin","","","","","","","","","1","395"
"person:christof-v-kaufungen","person","Christof v. Kaufungen","Adliger","","","","","","","","","1","643"
"person:christof-v-roemer","person","Christof v. Römer","Adliger","","","","","","","","","1","643"
"person:christoph","person","Christoph","Heiliger","","","","","","","","","4","136 730 731 787"
"person:christoph-arnold","person","Christoph Arnold","Geistlicher","","","","","","","","","1","643"
"person:christoph-birke","person","Christoph Birke","Gelehrter","","","","","","","","","1","445"
"person:christoph-dietrich-v-naundorf","person","Christoph Dietrich v. Naundorf","Adliger","","","","","","","","","1","528"
"person:christoph-ernst-v-watzdorf","person","Christoph Ernst v. Watzdorf","Gutsbesitzer","","","","","","","","","1","758"
"person:christoph-fr-v-watzdorf","person","Christoph Fr. v. Watzdorf","Adliger","","","","","","","","","1","801"
"person:christoph-friedr-levin-v-trotta","person","Christoph Friedr. Levin v. Trotta","Adliger","","","","","","","","","1","397"
"person:christoph-heinrich-von-beust","person","Christoph Heinrich von Beust","Gutsbesitzer","","","","","","","","","3","545 546 547"
"person:christoph-kittelmann","person","Christoph Kittelmann","Pfarrer","","","","","","","","","2","652 654"
"person:christoph-krueger","person","Christoph Krüger","Pfarrer","","","","","","","","","2","752 787"
"person:christoph-muelser","person","Christoph Mülser","Pfarrer","","","","","","","","","1","685"
"person:christoph-v-koch","person","Christoph v. Koch","Kaufmann","","","","","","","","","1","814"
"person:christoph-v-waldenfels","person","Christoph v. Waldenfels","Adliger","","","","","","","","","1","785"
"person:christoph-v-watzdorf","person","Christoph v. Watzdorf","Adliger","","","","","","","","","1","761"
"person:christoph-wilhelm-v-mueffling","person","Christoph Wilhelm v. Müffling","Adliger","","","","","","","","","1","566"
"person:christus","person","Christus","Religiöse Gestalt","","","","","Q302","","","","9","127 129 135 176 553 702"
"person:clara-dorothea","person","Clara Dorothea","Prinzessin","","","","","","","","","1","401"
"person:clarke","person","Clarke","","","","","","","","","","1","739"
"person:clem-paetz","person","Clem. Pätz","Geistlicher","","","","","","","","","1","686"
"person:clemens","person","Clemens","Geistlicher","","","","","","","","","1","737"
"person:clementine","person","Clementine","Prinzessin","","","","","","","","","1","399"
"person:clementine-franziska","person","Clementine Franziska","Prinzessin","","","","","","","","","1","398"
"person:clementine-von-reichenbach-goschuetz","person","Clementine von Reichenbach-Goschütz","Gemahlin","","","","","","","","","1","399"
"person:clotilde-reuss-koestritz","person","Clotilde Reuß-Köstritz","Prinzessin","","","","","","","","","4","310 398 634 639"
"person:coder","person","Coder","Gutsbesitzer","","","","","","","","","1","473"
"person:conr-ad-schnaedelbach","person","Conr. Ad. Schnädelbach","Pfarrer","","","","","","","","","1","698"
"person:conr-heilmann","person","Conr. Heilmann","Geistlicher","","","","","","","","","1","434"
"person:conr-spindler","person","Conr. Spindler","Geistlicher","","","","","","","","","1","434"
"person:conr-v-berger","person","Conr. V. Berger","Bürger","","","","","","","","","1","446"
"person:conrad","person","Conrad","Adliger","","","","","","","","","3","315 535 664"
"person:conrad-ernst-max-von-kuertenstein-hochberg","person","Conrad Ernst Max von Kürtenstein-Hochberg","Adliger","","","","","","","","","1","402"
"person:conrad-maurer","person","Conrad Maurer","Adliger","","","","","","","","","3","556 558 559"
"person:conrad-meerrettig","person","Conrad Meerrettig","Adliger","","","","","","","","","1","503"
"person:conrad-poppo","person","Conrad Poppo","Adliger","","","","","","","","","3","754 757 760"
"person:conrad-roeder","person","Conrad Röder","Adliger","","","","","","","","","1","625"
"person:conrad-schmidt","person","Conrad Schmidt","Bürger","","","","","","","","","2","825"
"person:conrad-v-buchwantz","person","Conrad v. Buchwantz","Geistlicher","","","","","","","","","1","584"
"person:conrad-v-groycz","person","Conrad v. Groycz","Adliger","","","","","","","","","2","559 560"
"person:conrad-v-gruen","person","Conrad v. Grün","Adliger","","","","","","","","","1","337"
"person:conrad-v-harra","person","Conrad v. Harra","Adliger","","","","","","","","","1","789"
"person:conrad-v-itten","person","Conrad v. Itten","Adliger","","","","","","","","","1","765"
"person:conrad-v-schauroth","person","Conrad v. Schauroth","Adliger","","","","","","","","","1","528"
"person:conrad-v-tannroda","person","Conrad v. Tannroda","Adliger","","","","","","","","","1","352"
"person:conrad-v-triebes","person","Conrad v. Triebes","Geistlicher","","","","","","","","","1","627"
"person:conrad-v-zedtwitz","person","Conrad v. Zedtwitz","Adliger","","","","","","","","","1","809"
"person:conrad-von-der-tann","person","Conrad von der Tann","Adliger","","","","","","","","","1","785"
"person:conrad-von-eberstein","person","Conrad von Eberstein","Adliger","","","","","","","","","2","354"
"person:conrad-von-schluesselberg","person","Conrad von Schlüsselberg","Adliger","","","","","","","","","2","355 356"
"person:conrad-von-tannenrode","person","Conrad von Tannenrode","Adliger","","","","","","","","","1","343"
"person:conradine-eleonore-reuss-koestritz","person","Conradine Eleonore Reuß-Köstritz","Gemahlin","","","","","","","","","2","398 401"
"person:constanze","person","Constanze","Prinzessin","","","","","","","","","1","398"
"person:cordula-von-lobdaburg-elsterberg","person","Cordula von Lobdaburg-Elsterberg","Gemahlin","","","","","","","","","2","359 364"
"person:coryllis","person","Coryllis","Sagengestalt","","","","","","","","","2","197 478"
"person:cotta","person","Cotta","Gelehrter","","","","","Q70211","","","","1","11"
"person:cramer","person","Cramer","Jurist","","","","","","","","","1","456"
"person:creuzbauer","person","Creuzbauer","Subskribent","","","","","","","","","1","836"
"person:cunz-v-langenbach","person","Cunz v. Langenbach","Bürger","","","","","","","","","1","588"
"person:cunz-v-wolframsdorf","person","Cunz v. Wolframsdorf","Adliger","","","","","","","","","1","645"
"person:cyriac-zu-kunstadt","person","Cyriac zu Kunstadt","Adliger","","","","","","","","","1","372"
"person:d-garthe","person","D. Garthe","Schriftsteller","","","","","","","","","1","151"
"person:dagobert-i","person","Dagobert I.","König","","","","","Q109860","","","","1","314"
"person:daniel-poster","person","Daniel Poster","Verbrecher","","","","","","","","","1","466"
"person:dav-gottfr-schoeber","person","Dav. Gottfr. Schöber","Gelehrter","","","","","","","","","1","446"
"person:dav-nicke","person","Dav. Nicke","Maler","","","","","","","","","1","446"
"person:david-v-mansfeld","person","David v. Mansfeld","Adliger","","","","","","","","","1","394"
"person:davoust","person","Davoust","","","","","","","","","","2","739"
"person:de-champorcin","person","de Champorcin","Arzt","","","","","","","","","1","593"
"person:dedo","person","Dedo","Markgraf","","","","","","","","","1","329"
"person:deegen","person","Deegen","Gärtner","","","","","","","","","1","497"
"person:degenhard","person","Degenhard","Geistlicher","","","","","","","","","2","582 584"
"person:derre-doerre","person","Derre (Dörre)","Pfarrer","","","","","","","","","1","516"
"person:dianus","person","Dianus","Adliger","","","","","","","","","1","664"
"person:dietr-solbert","person","Dietr. Solbert","Pfarrer","","","","","","","","","1","802"
"person:dietrich","person","Dietrich","Adliger","","","","","","","","","8","335 353 355 369 478 509 520 836"
"person:dietrich-puster","person","Dietrich Puster","Adliger","","","","","","","","","1","488"
"person:dietrich-v-breitenbuch","person","Dietrich v. Breitenbuch","Geistlicher","","","","","","","","","1","764"
"person:dietrich-v-dorla","person","Dietrich v. Dorla","Geistlicher","","","","","","","","","1","584"
"person:dietrich-v-hohnstein","person","Dietrich v. Hohnstein","Adliger","","","","","","","","","1","352"
"person:dietrich-v-kobi","person","Dietrich v. Kobi","Adliger","","","","","","","","","1","615"
"person:dietrich-v-kopenz","person","Dietrich v. Kopenz","Adliger","","","","","","","","","3","308 583 588"
"person:dietrich-v-plesse","person","Dietrich v. Plesse","Adliger","","","","","","","","","1","372"
"person:dietrich-v-techwitz","person","Dietrich v. Techwitz","Geistlicher","","","","","","","","","1","537"
"person:dietrich-v-woeltewitz","person","Dietrich v. Wöltewitz","Adliger","","","","","","","","","1","502"
"person:dietzsch","person","Dietzsch","Familie","","","","","","","","","1","520"
"person:diezmann","person","Diezmann","Markgraf","","","","","","","","","1","414"
"person:dinon","person","Dinon","","","","","","","","","","1","739"
"person:dominus-de-wida","person","Dominus de Wida","Vogt","","","","","","","","","2","271 343"
"person:doenitz","person","Dönitz","Subskribent","","","","","","","","","1","836"
"person:dorothea","person","Dorothea","Prinzessin","","","","","","","","","15","136 250 345 346 352 356 364 372 375 394 557 558 559"
"person:dorothea-caroline-v-carolath-beuthen","person","Dorothea Caroline v. Carolath-Beuthen","Gemahlin","","","","","","","","","1","399"
"person:dorothea-lis-el-hermine","person","Dorothea Lis. El. Hermine","Adlige","","","","","","","","","1","533"
"person:dorothea-magdalena","person","Dorothea Magdalena","Prinzessin","","","","","","","","","1","394"
"person:dorothea-sibille","person","Dorothea Sibille","Prinzessin","","","","","","","","","1","394"
"person:dorothea-v-brantenstein-woelsdorf","person","Dorothea v. Brantenstein-Wölsdorf","Gemahlin","","","","","","","","","1","398"
"person:dorothea-v-gera","person","Dorothea v. Gera","Gemahlin","","","","","","","","","2","368 372"
"person:dorothea-v-solms-sonnenwalde","person","Dorothea v. Solms-Sonnenwalde","Gemahlin","","","","","","","","","1","372"
"person:dressel-drechsel","person","Dressel (Drechsel)","Pfarrer","","","","","","","","","1","796"
"person:dreyer","person","Dreyer","Bürger","","","","","","","","","1","465"
"person:dreyhaupt","person","Dreyhaupt","Pfarrer","","","","","","","","","2","69 530"
"person:duden","person","Duden","Direktor","","","","","Q65340","","","","1","586"
"person:dueroc","person","Düroc","","","","","","","","","","1","739"
"person:duerr","person","Dürr","Botaniker","","","","","","","","","2","81 836"
"person:e-albrecht","person","E. Albrecht","Gastgeber","","","","","","","","","1","835"
"person:e-k-walz","person","E. K. Walz","Pfarrer","","","","","","","","","2","624 625"
"person:e-kratzsch","person","E. Kratzsch","Naturforscher","","","","","","","","","1","62"
"person:e-scheffel","person","E. Scheffel","Subskribent","","","","","","","","","1","838"
"person:e-w-naegler","person","E. W. Nägler","Kaufmann","","","","","","","","","3","221 503 716"
"person:ebeling","person","Ebeling","Kaufmann","","","","","","","","","7","204 309 433 447 450 583"
"person:eberhard","person","Eberhard","Beamter","","","","","","","","","1","726"
"person:eberhard-v-stolberg-wernigerode","person","Eberhard v. Stolberg-Wernigerode","Adliger","","","","","","","","","1","399"
"person:eberhard-von-bruberg","person","Eberhard von Bruberg","Adliger","","","","","","","","","1","353"
"person:eberhard-von-voigtsberg","person","Eberhard von Voigtsberg","Adliger","","","","","","","","","1","343"
"person:eberhardt","person","Eberhardt","Subskribent","","","","","","","","","1","836"
"person:eckart","person","Eckart","Historiker","","","","","","","","","1","494"
"person:eckbert-von-schwarzburg-ustrod","person","Eckbert von Schwarzburg-Ustrod","Adliger","","","","","","","","","1","323"
"person:eckhard","person","Eckhard","Adliger","","","","","","","","","1","321"
"person:eckner","person","Eckner","Bauer","","","","","","","","","1","683"
"person:ed-anton","person","Ed. Anton","Buchhändler","","","","","","","","","1","835"
"person:ed-friederici","person","Ed. Friederici","Stifter","","","","","","","","","3","305 306 309"
"person:ed-weber","person","Ed. Weber","Stifter","","","","","","","","","1","305"
"person:edel","person","Edel","Subskribent","","","","","","","","","1","836"
"person:eduard","person","Eduard","Gutsbesitzer","","","","","","","","","1","456"
"person:eduard-hagenbruch","person","Eduard Hagenbruch","Gutsbesitzer","","","","","","","","","1","223"
"person:eduard-l-chr-v-brandenstein","person","Eduard L. Chr. v. Brandenstein","Adliger","","","","","","","","","2","223 533"
"person:eduard-v-s-altenb","person","Eduard v. S.-Altenb.","Prinz","","","","","","","","","1","401"
"person:egid-handsogel","person","Egid. Handsogel","Pfarrer","","","","","","","","","1","698"
"person:egidius-krupfgans","person","Egidius Krupfgans","Pfarrer","","","","","","","","","1","682"
"person:ehrenfried","person","Ehrenfried","Pfalzgraf","","","","","","","","","2","320 525"
"person:ehrenfried-v-ende","person","Ehrenfried v. Ende","Adliger","","","","","","","","","1","518"
"person:ehrenfried-v-naundorf","person","Ehrenfried v. Naundorf","Stifter","","","","","","","","","2","306 541"
"person:ehrhard-hedwig","person","Ehrhard Hedwig","Geistlicher","","","","","","","","","1","610"
"person:ehrhardt-murring","person","Ehrhardt Murring","Adliger","","","","","","","","","1","795"
"person:einwangen","person","Einwangen","Geistlicher","","","","","","","","","1","295"
"person:eisenbeiss","person","Eisenbeiß","Geistlicher","","","","","","","","","1","813"
"person:eismann","person","Eismann","Lehrer","","","","","","","","","1","524"
"person:eleonore","person","Eleonore","Prinzessin","","","","","","","","","1","396"
"person:eleonore-gasparine-caroline","person","Eleonore Gasparine Caroline","Prinzessin","","","","","","","","","1","399"
"person:eleonore-mariane-christine","person","Eleonore Mariane Christine","","","","","","","","","","1","396"
"person:eleonore-sophie-v-giech-thurnau","person","Eleonore Sophie v. Giech-Thurnau","Gemahlin","","","","","","","","","2","396 787"
"person:eleonore-v-stolberg-wernigerode","person","Eleonore v. Stolberg-Wernigerode","Gemahlin","","","","","","","","","2","399"
"person:elias","person","Elias","Prophet","","","","","Q133507","","","","1","201"
"person:elis-magdalena","person","Elis. Magdalena","","","","","","","","","","1","394"
"person:elisabeth","person","Elisabeth","Prinzessin","","","","","","","","","12","340 341 343 399 401 545 575 697"
"person:elisabeth-adelheid-helene-philippine","person","Elisabeth Adelheid Helene Philippine","Prinzessin","","","","","","","","","1","395"
"person:elisabeth-sibille","person","Elisabeth Sibille","Prinzessin","","","","","","","","","2","400 402"
"person:elisabeth-v-kospod","person","Elisabeth v. Kospod","Adlige","","","","","","","","","2","700 803"
"person:elisabeth-v-schoenburg-lichtenstein","person","Elisabeth v. Schönburg-Lichtenstein","Gemahlin","","","","","","","","","1","400"
"person:elisabeth-v-schwarzburg-leutenberg","person","Elisabeth v. Schwarzburg-Leutenberg","Gemahlin","","","","","","","","","1","372"
"person:elisabeth-v-weischlitz","person","Elisabeth v. Weischlitz","Nonne","","","","","","","","","1","670"
"person:elisabeth-von-lobdaburg-arnshaugk","person","Elisabeth von Lobdaburg-Arnshaugk","Adlige","","","","","","","","","1","576"
"person:elisabeth-von-schwarzburg-blankenburg","person","Elisabeth von Schwarzburg-Blankenburg","Gemahlin","","","","","","","","","2","346 352"
"person:elise","person","Elise","Prinzessin","","","","","","","","","1","395"
"person:elise-christine","person","Elise Christine","Prinzessin","","","","","","","","","1","402"
"person:elise-dor","person","Elise Dor.","Prinzessin","","","","","","","","","1","401"
"person:elise-dorothea","person","Elise Dorothea","Prinzessin","","","","","","","","","1","401"
"person:elisse-v-tschernembel","person","Elisse v. Tschernembel","Adlige","","","","","","","","","1","401"
"person:elsaesser","person","Elsässer","Ingenieur","","","","","","","","","1","70"
"person:elschner","person","Elschner","Handwerker","","","","","","","","","1","164"
"person:else","person","Else","Prinzessin","","","","","","","","","2","346 352"
"person:elsie-sophie-v-bobenhausen","person","Elsie Sophie v. Bobenhausen","","","","","","","","","","1","396"
"person:eltester","person","Eltester","Arzt","","","","","","","","","1","513"
"person:em-fr-w-v-wietsch","person","Em. Fr. W. v. Wietsch","Adliger","","","","","","","","","1","595"
"person:emich-carl-v-leiningen","person","Emich Carl v. Leiningen","Adliger","","","","","","","","","1","397"
"person:emilie","person","Emilie","Prinzessin","","","","","","","","","1","398"
"person:emilie-agnes","person","Emilie Agnes","Prinzessin","","","","","","","","","1","395"
"person:emilie-caroline-henriette","person","Emilie Caroline Henriette","Prinzessin","","","","","","","","","1","398"
"person:emilie-dor-henriette","person","Emilie Dor. Henriette","Prinzessin","","","","","","","","","1","395"
"person:emilie-eleonore","person","Emilie Eleonore","Prinzessin","","","","","","","","","1","396"
"person:emilie-fr-dinger","person","Emilie Fr. Dinger","Stifterin","","","","","","","","","1","309"
"person:emilie-jul","person","Emilie Jul.","Prinzessin","","","","","","","","","1","396"
"person:engelhard","person","Engelhard","Bischof","","","","","","","","","1","417"
"person:engelhardt","person","Engelhardt","Beamter","","","","","","","","","5","VI 8 106 433 820"
"person:ennlich","person","Ennlich","Geistlicher","","","","","","","","","1","769"
"person:eobald-v-ende","person","Eobald v. Ende","Adliger","","","","","","","","","1","518"
"person:erdmann-mueller","person","Erdmann Müller","Bauer","","","","","","","","","1","485"
"person:erdmann-v-prommnitz","person","Erdmann v. Prommnitz","Adliger","","","","","","","","","1","396"
"person:erdmann-v-reder-krappiz","person","Erdmann v. Reder-Krappiz","Adliger","","","","","","","","","1","401"
"person:erdmuthe-benigne-v-solms-laubach","person","Erdmuthe Benigne v. Solms-Laubach","Gemahlin","","","","","","","","","5","245 246 396 769 770"
"person:erdmuthe-dorothea-reuss-ebersdorf","person","Erdmuthe Dorothea Reuß-Ebersdorf","Prinzessin","","","","","Q96948","","","","6","381 397 738 803 810"
"person:erh-poppener","person","Erh. Poppener","Geistlicher","","","","","","","","","1","583"
"person:erhard-gliner","person","Erhard Gliner","Geistlicher","","","","","","","","","1","445"
"person:erkenbert-von-weida","person","Erkenbert von Weida","Adliger","","","","","","","","","10","323 324 325 326"
"person:erkinger-von-schwantenberg","person","Erkinger von Schwantenberg","Adliger","","","","","","","","","1","359"
"person:ermgard","person","Ermgard","Adlige","","","","","","","","","1","554"
"person:ernest-friederike","person","Ernest. Friederike","","","","","","","","","","1","396"
"person:ernest-henr-sophie-v-schoenburg-wechselburg","person","Ernest. Henr. Sophie v. Schönburg-Wechselburg","Gemahlin","","","","","","","","","1","398"
"person:ernest-victorie","person","Ernest. Victorie","Prinzessin","","","","","","","","","1","401"
"person:ernestine","person","Ernestine","Prinzessin","","","","","","","","","3","394 397"
"person:ernestine-eleon-v-schoen-burg-walden-burg","person","Ernestine Eleon. v. Schön-burg-Walden-burg","","","","","","","","","","1","396"
"person:ernestine-eleonore","person","Ernestine Eleonore","Prinzessin","","","","","","","","","1","737"
"person:ernestine-emilie","person","Ernestine Emilie","Prinzessin","","","","","","","","","1","402"
"person:ernestine-sophie","person","Ernestine Sophie","","","","","","","","","","1","396"
"person:ernestine-v-s-hildburghausen","person","Ernestine v. S.-Hildburghausen","Gemahlin","","","","","","","","","1","397"
"person:ernst-der-fromme","person","Ernst der Fromme","Herzog","","","","","Q62282","","","","1","375"
"person:ernst-ferd-gruenler","person","Ernst Ferd. Grünler","Pfarrer","","","","","","","","","1","648"
"person:ernst-fichtner","person","Ernst Fichtner","Pfarrer","","","","","","","","","1","459"
"person:ernst-fischer","person","Ernst Fischer","Pfarrer","","","","","","","","","1","751"
"person:ernst-gottl-v-kospod","person","Ernst Gottl. v. Kospod","Adliger","","","","","","","","","1","693"
"person:ernst-herm-gladitsch","person","Ernst Herm. Gladitsch","Kaufmann","","","","","","","","","1","549"
"person:ernst-ludwig-v-mansfeld","person","Ernst Ludwig v. Mansfeld","Adliger","","","","","","","","","1","394"
"person:ernst-metsch","person","Ernst Metsch","Adliger","","","","","","","","","1","651"
"person:ernst-v-beulwitz","person","Ernst v. Beulwitz","Adliger","","","","","","","","","1","813"
"person:ernst-v-riese-stallburg","person","Ernst v. Riese-Stallburg","Adliger","","","","","","","","","1","398"
"person:ernst-von-hohnstein-klettenberg","person","Ernst von Hohnstein-Klettenberg","Adliger","","","","","","","","","2","349 352"
"person:esteve","person","Esteve","","","","","","","","","","1","739"
"person:esther-von-hardeck","person","Esther von Hardeck","Gemahlin","","","","","","","","","1","395"
"person:eugen-v-wuerttemberg","person","Eugen v. Württemberg","Herzog","","","","","","","","","1","395"
"person:euphrosine","person","Euphrosine","Prinzessin","","","","","","","","","1","364"
"person:eva","person","Eva","Prinzessin","","","","","","","","","4","343 352 395 401"
"person:eva-christiane","person","Eva Christiane","Stifterin","","","","","","","","","1","718"
"person:eva-elise","person","Eva Elise","Prinzessin","","","","","","","","","1","395"
"person:eva-emilie","person","Eva Emilie","Prinzessin","","","","","","","","","1","402"
"person:eva-marie","person","Eva Marie","Prinzessin","","","","","","","","","1","395"
"person:f-chr-friedr-adler","person","F. Chr. Friedr. Adler","Pfarrer","","","","","","","","","1","764"
"person:f-david-fr-schottin","person","F. David Fr. Schottin","Geistlicher","","","","","","","","","1","499"
"person:f-duenz","person","F. Dünz","Geistlicher","","","","","","","","","1","434"
"person:f-ernst-v-bomsdorf","person","F. Ernst v. Bomsdorf","Militär","","","","","","","","","1","542"
"person:f-g-opiz","person","F. G. Opiz","Gutsbesitzer","","","","","","","","","1","784"
"person:f-georg-v-watzdorf","person","F. Georg v. Watzdorf","Adliger","","","","","","","","","1","767"
"person:f-knobel","person","F. Knobel","Pfarrer","","","","","","","","","1","764"
"person:f-kuen","person","F. Kün","Geistlicher","","","","","","","","","1","434"
"person:f-lucas","person","F. Lucas","Geistlicher","","","","","","","","","1","434"
"person:f-renner","person","F. Renner","Geistlicher","","","","","","","","","1","434"
"person:f-schmidt","person","F. Schmidt","Gelehrter","","","","","","","","","1","639"
"person:fabian-v-dobeneck","person","Fabian v. Dobeneck","Adliger","","","","","","","","","3","630 632 651"
"person:fabian-wachschuh","person","Fabian Wachschuh","Lehrer","","","","","","","","","1","516"
"person:felbrig","person","Felbrig","Handwerker","","","","","","","","","1","447"
"person:felicitas-v-soellmnitz","person","Felicitas v. Söllmnitz","Adlige","","","","","","","","","1","534"
"person:feod-bruhm","person","Feod. Bruhm","Gutsbesitzer","","","","","","","","","1","566"
"person:ferber","person","Ferber","Stifter","","","","","","","","","1","582"
"person:ferd-albert","person","Ferd. Albert","Handwerker","","","","","","","","","1","794"
"person:ferd-w-nestmann","person","Ferd. W. Nestmann","Geistlicher","","","","","","","","","1","788"
"person:ferdinand-hahn","person","Ferdinand Hahn","Gelehrter","","","","","","","","","2","447 817"
"person:ferdinand-i","person","Ferdinand I.","Kaiser","","","","","Q150611","","","","8","264 360 361 363 373 374 810"
"person:ferdinand-v-carolath-beuthen","person","Ferdinand v. Carolath-Beuthen","Adliger","","","","","","","","","1","399"
"person:ferdinand-von-bieberstein","person","Ferdinand von Bieberstein","Adliger","","","","","","","","","2","401 402"
"person:ferdinande-charlotte","person","Ferdinande Charlotte","Prinzessin","","","","","","","","","1","401"
"person:fichtelmann","person","Fichtelmann","Subskribent","","","","","","","","","1","836"
"person:findeisen","person","Findeisen","Chemiker","","","","","","","","","2","251 507"
"person:fischer","person","Fischer","Maler","","","","","","","","","2","446 716"
"person:flacci","person","Flacci","Gewerke","","","","","","","","","1","249"
"person:fr-alex-hausse","person","Fr. Alex. Hausse","Gutsbesitzer","","","","","","","","","2","221 546"
"person:fr-aug-beck","person","Fr. Aug. Beck","Stifter","","","","","","","","","1","307"
"person:fr-aug-mueller","person","Fr. Aug. Müller","Pfarrer","","","","","","","","","1","682"
"person:fr-berth-v-bielen","person","Fr. Berth. v. Bielen","Beamter","","","","","","","","","1","770"
"person:fr-ed-otto-winkler","person","Fr. Ed. Otto Winkler","Gutsbesitzer","","","","","","","","","1","221"
"person:fr-einwangen","person","Fr. Einwangen","Geistlicher","","","","","","","","","1","434"
"person:fr-erdm-hermann","person","Fr. Erdm. Hermann","Gutsbesitzer","","","","","","","","","3","251 529 549"
"person:fr-eugen-koehler","person","Fr. Eugen Köhler","Verleger","","","","","","","","","2","I 837"
"person:fr-harnisch","person","Fr. Harnisch","Schriftsteller","","","","","","","","","1","151"
"person:fr-heinr-l-ferd-v-freiesleben","person","Fr. Heinr. L. Ferd. v. Freiesleben","Militär","","","","","","","","","1","533"
"person:fr-hochstein","person","Fr. Hochstein","Pfarrer","","","","","","","","","1","550"
"person:fr-m-ziegler","person","Fr. M. Ziegler","Pfarrer","","","","","","","","","1","610"
"person:fr-phil-reinhold","person","Fr. Phil. Reinhold","Maler","","","","","","","","","1","446"
"person:fr-und-herm-stiehler","person","Fr. und Herm. Stiehler","Gutsbesitzer","","","","","","","","","1","770"
"person:fr-v-kospod","person","Fr. v. Kospod","Adliger","","","","","","","","","2","618 794"
"person:fr-w-v-strauch","person","Fr. W. v. Strauch","Stifter","","","","","","","","","1","587"
"person:frank","person","Frank","Subskribent","","","","","","","","","1","836"
"person:franke","person","Franke","Subskribent","","","","","","","","","1","836"
"person:franz","person","Franz","Kaiser","","","","","","","","","2","444 593"
"person:franz-d-j-oberlaender","person","Franz D. J. Oberländer","Gutsbesitzer","","","","","","","","","1","223"
"person:franz-gallus-v-radnitz","person","Franz Gallus v. Radnitz","Adliger","","","","","","","","","1","401"
"person:franz-i-von-oesterreich","person","Franz I. von Österreich","Kaiser","","","","","Q130834","","","","1","515"
"person:franz-spaethe","person","Franz Späthe","Kaufmann","","","","","","","","","2","301 441"
"person:franz-v-mecklenburg-schwerin","person","Franz v. Mecklenburg-Schwerin","Adliger","","","","","","","","","1","399"
"person:franz-von-lindenberg","person","Franz von Lindenberg","Adliger","","","","","","","","","1","558"
"person:franz-von-sachsen-saalfeld","person","Franz von Sachsen-Saalfeld","Herzog","","","","","Q455554","","","","1","397"
"person:franziska-reuss-koestritz","person","Franziska Reuß-Köstritz","Gemahlin","","","","","","","","","2","396 715"
"person:frau-holle","person","Frau Holle","Sagengestalt","","","","","","","","","2","313"
"person:freya","person","Freya","Gottheit","","","","","Q1647325","","","","1","313"
"person:freyr","person","Freyr","Gottheit","","","","","Q131474","","","","2","313"
"person:friedemann-v-selmenitz","person","Friedemann v. Selmenitz","Adliger","","","","","","","","","1","535"
"person:frieder-elise","person","Frieder. Elise","","","","","","","","","","1","396"
"person:friederike","person","Friederike","Prinzessin","","","","","","","","","3","396 398 456"
"person:friederike-charlotte-von-hohenlohe-ingelfingen","person","Friederike Charlotte von Hohenlohe-Ingelfingen","Gemahlin","","","","","","","","","1","402"
"person:friederike-johanne","person","Friederike Johanne","Prinzessin","","","","","","","","","1","401"
"person:friederike-v-fletcher","person","Friederike v. Fletcher","Gemahlin","","","","","","","","","1","398"
"person:friederike-wilhelmine","person","Friederike Wilhelmine","Prinzessin","","","","","","","","","1","397"
"person:friedr-anton-karl-v-schuetz","person","Friedr. Anton Karl v. Schütz","Beamter","","","","","","","","","1","803"
"person:friedr-august","person","Friedr. August","Gutsbesitzer","","","","","","","","","1","528"
"person:friedr-fischer","person","Friedr. Fischer","Bürger","","","","","","","","","1","539"
"person:friedr-giebner","person","Friedr. Giebner","Bürger","","","","","","","","","1","539"
"person:friedr-huettig","person","Friedr. Hüttig","Pfarrer","","","","","","","","","1","768"
"person:friedr-ludw-v-castell-ruedenhausen","person","Friedr. Ludw. v. Castell-Rüdenhausen","Adliger","","","","","","","","","1","401"
"person:friedr-v-der-haidt","person","Friedr. v. der Haidt","Adliger","","","","","","","","","1","745"
"person:friedr-v-geniz","person","Friedr. v. Geniz","Adliger","","","","","","","","","1","401"
"person:friedr-v-groph","person","Friedr. v. Groph","Adliger","","","","","","","","","1","456"
"person:friedr-v-tauschwitz","person","Friedr. v. Tauschwitz","Adliger","","","","","","","","","1","801"
"person:friedr-v-thela","person","Friedr. v. Thela","Adliger","","","","","","","","","1","607"
"person:friedr-v-zehmen","person","Friedr. v. Zehmen","Adliger","","","","","","","","","1","548"
"person:friedr-wilh-v-hohenlohe-kirchberg","person","Friedr. Wilh. v. Hohenlohe-Kirchberg","Adliger","","","","","","","","","1","401"
"person:friedrich","person","Friedrich","Adliger","","","","","","","","","31","321 324 325 336 337 344 346 347 355 357 360 365 367 414 426 427 451 453 456 503 576 809"
"person:friedrich-botho-v-stolberg-rossla","person","Friedrich Botho v. Stolberg-Roßla","Adliger","","","","","","","","","1","394"
"person:friedrich-der-ernsthafte","person","Friedrich der Ernsthafte","Markgraf","","","","","Q695279","","","","3","365 366 367"
"person:friedrich-der-freidige","person","Friedrich der Freidige","Markgraf","","","","","Q694358","","","","2","343"
"person:friedrich-der-friedfertige","person","Friedrich der Friedfertige","Landgraf","","","","","","","","","1","823"
"person:friedrich-der-streitbare","person","Friedrich der Streitbare","Kurfürst","","","","","Q704939","","","","1","339"
"person:friedrich-der-weise","person","Friedrich der Weise","Kurfürst","","","","","Q77233","","","","1","350"
"person:friedrich-glaser","person","Friedrich Glaser","Geistlicher","","","","","","","","","1","446"
"person:friedrich-heinrich-von-stein-in-lausnitz","person","Friedrich Heinrich von Stein (in Lausnitz)","Adliger","","","","","","","","","1","402"
"person:friedrich-i","person","Friedrich I.","Kaiser","","","","","","","","","6","322 324 329 334 357"
"person:friedrich-i-barbarossa","person","Friedrich I. Barbarossa","Kaiser","","","","","Q79789","","","","1","198"
"person:friedrich-ii","person","Friedrich II.","Kaiser","","","","","","","","","8","198 242 323 330 334 353 357 575"
"person:friedrich-iii","person","Friedrich III.","Kaiser","","","","","","","","","1","350"
"person:friedrich-iv-von-nuernberg","person","Friedrich IV. von Nürnberg","Burggraf","","","","","","","","","1","336"
"person:friedrich-ludwig-v-castell","person","Friedrich Ludwig v. Castell","Adliger","","","","","","","","","1","398"
"person:friedrich-tuto","person","Friedrich Tuto","Markgraf","","","","","","","","","1","414"
"person:friedrich-v-carolath-beuthen","person","Friedrich v. Carolath-Beuthen","Adliger","","","","","","","","","1","399"
"person:friedrich-v-drachsminda-lauenstein","person","Friedrich v. Drachsminda-Lauenstein","Adliger","","","","","","","","","1","372"
"person:friedrich-v-kulm","person","Friedrich v. Kulm","Adliger","","","","","","","","","1","676"
"person:friedrich-v-mangelsdorf","person","Friedrich v. Mangelsdorf","Adliger","","","","","","","","","2","693"
"person:friedrich-v-quingenberg","person","Friedrich v. Quingenberg","Adliger","","","","","","","","","1","659"
"person:friedrich-v-sachsen-weissenfels","person","Friedrich v. Sachsen-Weißenfels","Herzog","","","","","","","","","1","395"
"person:friedrich-v-zdiar","person","Friedrich v. Zdiar","Adliger","","","","","","","","","1","364"
"person:friedrich-von-brandenburg","person","Friedrich von Brandenburg","Markgraf","","","","","","","","","4","347 348 349 710"
"person:friedrich-von-nuernberg","person","Friedrich von Nürnberg","Burggraf","","","","","","","","","4","336 338 345 368"
"person:friedrich-von-orlamuende-lauenstein","person","Friedrich von Orlamünde-Lauenstein","Adliger","","","","","","","","","1","369"
"person:friedrich-von-sachsen","person","Friedrich von Sachsen","Adliger","","","","","","","","","6","242 339 347 369"
"person:friedrich-von-schoenburg","person","Friedrich von Schönburg","Adliger","","","","","","","","","3","338 343 344"
"person:friedrich-von-schwarzburg-hohenlandsberg","person","Friedrich von Schwarzburg-Hohenlandsberg","Adliger","","","","","","","","","1","400"
"person:friedrich-von-thueringen","person","Friedrich von Thüringen","Landgraf","","","","","","","","","2","344 354"
"person:friedrich-von-weida","person","Friedrich von Weida","Deutschordensritter","","","","","","","","","6","325"
"person:frigg","person","Frigg","Gottheit","","","","","Q131654","","","","1","313"
"person:fritz","person","Fritz","Adliger","","","","","","","","","1","801"
"person:froeb","person","Fröb","Subskribent","","","","","","","","","1","836"
"person:froehlich","person","Fröhlich","Subskribent","","","","","","","","","2","836"
"person:frommhold","person","Frommhold","Subskribent","","","","","","","","","1","836"
"person:frotscher","person","Frotscher","Pfarrer","","","","","","","","","1","170"
"person:fuchs","person","Fuchs","Beamter","","","","","","","","","3","VI 225 721"
"person:fuerst-v-ponte-corvo","person","Fürst v. Ponte-Corvo","","","","","","","","","","1","739"
"person:g-beuchel","person","G. Beuchel","Subskribent","","","","","","","","","1","836"
"person:g-chr-schaefer","person","G. Chr. Schäfer","Stifter","","","","","","","","","1","308"
"person:g-chr-schuessler","person","G. Chr. Schüßler","Stifter","","","","","","","","","1","437"
"person:g-g-friedrich-mayer","person","G. G. Friedrich Mayer","Gelehrter","","","","","","","","","1","699"
"person:g-g-haeusser","person","G. G. Häußer","Subskribent","","","","","","","","","1","837"
"person:g-gust-segnitz","person","G. Gust. Segnitz","Pfarrer","","","","","","","","","1","777"
"person:g-hartung","person","G. Hartung","Bürger","","","","","","","","","1","583"
"person:g-kuehn","person","G. Kühn","Naturforscher","","","","","","","","","1","58"
"person:g-langenbach","person","G. Langenbach","Bürger","","","","","","","","","1","583"
"person:g-metzner","person","G. Metzner","Pfarrer","","","","","","","","","1","638"
"person:g-nic-werner","person","G. Nic. Werner","Stifter","","","","","","","","","1","718"
"person:g-oswald","person","G. Oswald","Lehrer","","","","","","","","","3","54 57 63"
"person:g-schubert","person","G. Schubert","Kaufmann","","","","","","","","","1","677"
"person:g-w-b-v-wiese","person","G. W. B. v. Wiese","Beamter","","","","","","","","","4","306 309 437 449"
"person:g-w-bonsack","person","G. W. Bonsack","Pfarrer","","","","","","","","","1","607"
"person:g-weise","person","G. Weise","Bauer","","","","","","","","","1","560"
"person:g-woehler","person","G. Wöhler","Bauer","","","","","","","","","1","251"
"person:g-zien","person","G. Zien","Handwerker","","","","","","","","","1","727"
"person:gabr-wurzbacher","person","Gabr. Wurzbacher","Geistlicher","","","","","","","","","3","666 716 769"
"person:gallus-ellenius","person","Gallus Ellenius","Geistlicher","","","","","","","","","1","717"
"person:garthe","person","Garthe","","","","","","","","","","1","VI"
"person:gasparine-v-rohan-rochefort-montauban","person","Gasparine v. Rohan-Rochefort-Montauban","Gemahlin","","","","","","","","","1","401"
"person:gasteyer","person","Gasteyer","Pfarrer","","","","","","","","","1","682"
"person:gaudencia-v-lobdaburg-elsterberg","person","Gaudencia v. Lobdaburg-Elsterberg","Gemahlin","","","","","","","","","2","368 372"
"person:gedicke","person","Gedicke","Subskribent","","","","","","","","","1","836"
"person:gehra","person","Gehra","Musiker","","","","","","","","","1","446"
"person:gehrt","person","Gehrt","Subskribent","","","","","","","","","1","836"
"person:geinitz","person","Geinitz","Gelehrter","","","","","Q86176","","","","1","11"
"person:georg","person","Georg","Heiliger","","","","","","","","","6","136 416 417 582 675 788"
"person:georg-adam-v-biberstein","person","Georg Adam v. Biberstein","Adliger","","","","","","","","","1","397"
"person:georg-amandus","person","Georg Amandus","Geistlicher","","","","","","","","","2","665 666"
"person:georg-andreas-sorge","person","Georg Andreas Sorge","Musiker","","","","","Q88592","","","","1","723"
"person:georg-autumnus","person","Georg Autumnus","Geistlicher","","","","","","","","","1","295"
"person:georg-benda","person","Georg Benda","Komponist","","","","","Q213535","","","","1","498"
"person:georg-brueckner","person","Georg Brückner","Schriftsteller","","","","","","","","","3","I VI 835"
"person:georg-derre","person","Georg Derre","Geistlicher","","","","","","","","","3","434 516"
"person:georg-dietr-v-alvensleben","person","Georg Dietr. v. Alvensleben","Militär","","","","","","","","","1","549"
"person:georg-friedrich-v-hohenlohe-waldenburg","person","Georg Friedrich v. Hohenlohe-Waldenburg","Adliger","","","","","","","","","1","394"
"person:georg-hegner","person","Georg Hegner","Lehrer","","","","","","","","","1","696"
"person:georg-heinrich-von-kospod","person","Georg Heinrich von Kospod","Adliger","","","","","","","","","2","625"
"person:georg-jordan","person","Georg Jordan","Pfarrer","","","","","","","","","1","788"
"person:georg-jugel","person","Georg Jugel","Stifter","","","","","","","","","1","305"
"person:georg-kaestner","person","Georg Kästner","Beamter","","","","","","","","","1","816"
"person:georg-lichtenstein","person","Georg Lichtenstein","Bürger","","","","","","","","","1","530"
"person:georg-liebold","person","Georg Liebold","Geistlicher","","","","","","","","","2","434"
"person:georg-philippi","person","Georg Philippi","Geistlicher","","","","","","","","","1","613"
"person:georg-raute","person","Georg Raute","Geistlicher","","","","","","","","","1","445"
"person:georg-schneider","person","Georg Schneider","Pfarrer","","","","","","","","","1","768"
"person:georg-tromlitz","person","Georg Tromlitz","Komponist","","","","","","","","","1","446"
"person:georg-v-dobeneck","person","Georg v. Dobeneck","Adliger","","","","","","","","","1","794"
"person:georg-v-erbach-reichenbach","person","Georg v. Erbach-Reichenbach","Adliger","","","","","","","","","1","401"
"person:georg-v-kirchberg","person","Georg v. Kirchberg","Adliger","","","","","","","","","1","394"
"person:georg-v-maltitz","person","Georg v. Maltitz","Adliger","","","","","","","","","1","651"
"person:georg-v-obernitz","person","Georg v. Obernitz","Geistlicher","","","","","","","","","2","610 657"
"person:georg-v-radnitz","person","Georg v. Radnitz","Adliger","","","","","","","","","1","401"
"person:georg-v-schoenburg","person","Georg v. Schönburg","Adliger","","","","","","","","","2","362 372"
"person:georg-v-wolfersdorf","person","Georg v. Wolfersdorf","Adliger","","","","","","","","","1","438"
"person:georg-von-boehmen","person","Georg von Böhmen","König","","","","","Q159679","","","","2","349 444"
"person:georg-von-erbach","person","Georg von Erbach","Adliger","","","","","","","","","2","372 375"
"person:georg-von-henneberg-roemhild","person","Georg von Henneberg-Römhild","Adliger","","","","","","","","","1","348"
"person:georg-weidenhaupt","person","Georg Weidenhaupt","Pfarrer","","","","","","","","","1","607"
"person:georg-werner","person","Georg Werner","Pfarrer","","","","","","","","","1","788"
"person:georg-wilh-v-kirchberg","person","Georg Wilh. v. Kirchberg","Adliger","","","","","","","","","1","401"
"person:georg-wilhelm","person","Georg Wilhelm","Gutsbesitzer","","","","","","","","","1","632"
"person:gerhard","person","Gerhard","Bischof","","","","","","","","","1","607"
"person:gerhard-v-luschwitz","person","Gerhard v. Luschwitz","Adliger","","","","","","","","","1","459"
"person:gerhard-v-tegwitz","person","Gerhard v. Tegwitz","Adliger","","","","","","","","","1","557"
"person:gerhardt","person","Gerhardt","Subskribent","","","","","","","","","2","836"
"person:gertrud","person","Gertrud","Prinzessin","","","","","","","","","4","342 352 399 466"
"person:gerung","person","Gerung","Adliger","","","","","","","","","1","443"
"person:gerwich","person","Gerwich","Adliger","","","","","","","","","1","484"
"person:geyer","person","Geyer","Arzt","","","","","","","","","1","593"
"person:gleich","person","Gleich","Geistlicher","","","","","","","","","1","446"
"person:glenck","person","Glenck","Salinist","","","","","Q1037283","","","","2","250 507"
"person:goell","person","Göll","Subskribent","","","","","","","","","1","836"
"person:goeller","person","Göller","Subskribent","","","","","","","","","1","836"
"person:gottfr-pechmann","person","Gottfr. Pechmann","Bauer","","","","","","","","","1","460"
"person:gottfr-v-watzdorf","person","Gottfr. v. Watzdorf","Militär","","","","","","","","","1","453"
"person:gottfr-weiser","person","Gottfr. Weiser","Bauer","","","","","","","","","1","517"
"person:gottfried-v-wolframsdorf","person","Gottfried v. Wolframsdorf","Adliger","","","","","","","","","2","503"
"person:gottfried-von-gera","person","Gottfried von Gera","Adliger","","","","","","","","","1","443"
"person:gotthard-quintin-von-taettenbach","person","Gotthard Quintin von Tättenbach","Adliger","","","","","","","","","1","380"
"person:gottl-heinr-seiffarth","person","Gottl. Heinr. Seiffarth","Pfarrer","","","","","","","","","1","474"
"person:gottl-l-w-v-schoenfeld","person","Gottl. L. W. v. Schönfeld","Beamter","","","","","","","","","1","595"
"person:goetz-v-ende","person","Götz v. Ende","Adliger","","","","","","","","","1","552"
"person:goetze","person","Götze","Geistlicher","","","","","","","","","1","537"
"person:graf","person","Graf","Heilerin","","","","","","","","","2","593"
"person:grafen-von-eberstein","person","Grafen von Eberstein","Adelsfamilie","","","","","","","","","1","331"
"person:grafen-von-erbach","person","Grafen von Erbach","Adelsfamilie","","","","","","","","","1","607"
"person:grafen-von-lobdaburg","person","Grafen von Lobdaburg","Adelsfamilie","","","","","","","","","1","331"
"person:gregor-ix","person","Gregor IX.","Papst","","","","","Q124831","","","","1","263"
"person:gregor-voit","person","Gregor Voit","Geistlicher","","","","","","","","","1","434"
"person:greiner","person","Greiner","Handwerker","","","","","","","","","1","774"
"person:greuner","person","Greuner","Subskribent","","","","","","","","","1","836"
"person:grimm","person","Grimm","Stifterin","","","","","","","","","2","305 836"
"person:grossherzog-von-berg","person","Großherzog von Berg","","","","","","","","","","1","739"
"person:guido-adolf-ruemmler","person","Guido Adolf Rümmler","Gutsbesitzer","","","","","","","","","4","223 800 805"
"person:guenther","person","Günther","Adliger","","","","","","","","","5","348 364 447 668 710"
"person:guenther-chr-v-schierstaedt","person","Günther Chr. v. Schierstädt","Adliger","","","","","","","","","1","547"
"person:guenther-v-buenau","person","Günther v. Bünau","Adliger","","","","","","","","","1","621"
"person:guenther-von-kaefernburg","person","Günther von Käfernburg","Adliger","","","","","","","","","1","356"
"person:guenther-von-schwarzburg","person","Günther von Schwarzburg","Adliger","","","","","","","","","6","344 347 356 367 372 710"
"person:guenther-von-schwarzburg-arnstadt","person","Günther von Schwarzburg-Arnstadt","Adliger","","","","","","","","","1","348"
"person:guenther-von-schwarzburg-rudolstadt","person","Günther von Schwarzburg-Rudolstadt","Adliger","","","","","","","","","1","348"
"person:guenther-von-ulrichsdorf","person","Günther von Ulrichsdorf","Adliger","","","","","","","","","1","823"
"person:gust-bauer","person","Gust. Bauer","Kaufmann","","","","","","","","","1","835"
"person:gust-frommhold","person","Gust. Frommhold","Subskribent","","","","","","","","","1","836"
"person:gust-vogel","person","Gust. Vogel","Subskribent","","","","","","","","","1","839"
"person:gustav-adolf-v-strauch","person","Gustav Adolf v. Strauch","Beamter","","","","","","","","","1","591"
"person:gustav-gebhardt","person","Gustav Gebhardt","Stifter","","","","","","","","","1","718"
"person:gustav-muench","person","Gustav Münch","Kaufmann","","","","","","","","","2","301 838"
"person:guta-jutta-von-hakeborn","person","Guta (Jutta) von Hakeborn","Gemahlin","","","","","","","","","2","368 372"
"person:h-burdach","person","H. Burdach","Subskribent","","","","","","","","","1","836"
"person:h-chr-martius","person","H. Chr. Martius","Geistlicher","","","","","","","","","1","745"
"person:h-gottfr-v-bretschneider","person","H. Gottfr. v. Bretschneider","Schriftsteller","","","","","","","","","1","447"
"person:h-knochenhauer","person","H. Knochenhauer","Geistlicher","","","","","","","","","1","582"
"person:h-l-gottlob-v-metsch","person","H. L. Gottlob v. Metsch","Adliger","","","","","","","","","2","495 518"
"person:h-lxi-g-1784-1813","person","H. LXI., g. 1784, † 1813","","","","","","","","","","1","398"
"person:h-martius","person","H. Martius","Geistlicher","","","","","","","","","1","745"
"person:h-roensch","person","H. Rönsch","Geistlicher","","","","","","","","","1","717"
"person:h-schlotter","person","H. Schlotter","Beamter","","","","","","","","","1","499"
"person:h-schmidt-jun","person","H. Schmidt jun.","Subskribent","","","","","","","","","1","838"
"person:h-v-kotzau","person","H. v. Kotzau","Adliger","","","","","","","","","1","795"
"person:h-v-seckendorff","person","H. v. Seckendorff","Subskribent","","","","","","","","","1","839"
"person:hagen","person","Hagen","Geistlicher","","","","","","","","","1","813"
"person:hahn","person","Hahn","Gelehrter","","","","","","","","","4","VI 432 435 441"
"person:hancke","person","Hancke","Pfarrer","","","","","","","","","2","535 539"
"person:hans","person","Hans","Bürger","","","","","","","","","3","511 558 787"
"person:hans-apel-v-tettau","person","Hans Apel v. Tettau","Adliger","","","","","","","","","1","745"
"person:hans-brucktberg","person","Hans Brucktberg","Handwerker","","","","","","","","","1","135"
"person:hans-casp-v-kospod","person","Hans Casp. v. Kospod","Adliger","","","","","","","","","1","597"
"person:hans-christoph-v-magwitz","person","Hans Christoph v. Magwitz","Gutsbesitzer","","","","","","","","","2","734"
"person:hans-dietrich-v-raabe","person","Hans Dietrich v. Raabe","Adliger","","","","","","","","","1","565"
"person:hans-eisenbeis","person","Hans Eisenbeis","Bauer","","","","","","","","","1","750"
"person:hans-eisenbeiss","person","Hans Eisenbeiß","Bauer","","","","","","","","","2","744 748"
"person:hans-fr-v-d-oelsnitz","person","Hans Fr. v. d. Oelsnitz","Adliger","","","","","","","","","1","595"
"person:hans-fr-v-wolfersdorf","person","Hans Fr. v. Wolfersdorf","Adliger","","","","","","","","","1","745"
"person:hans-g-metsch","person","Hans G. Metsch","Adliger","","","","","","","","","1","467"
"person:hans-heinrich-metsch","person","Hans Heinrich Metsch","Adliger","","","","","","","","","1","467"
"person:hans-jost-v-kauzungen","person","Hans Jost v. Kauzungen","Adliger","","","","","","","","","1","595"
"person:hans-k-von-zehmen","person","Hans K. von Zehmen","Gutsbesitzer","","","","","","","","","1","223"
"person:hans-kirmes","person","Hans Kirmes","Pfarrer","","","","","","","","","1","550"
"person:hans-korn","person","Hans Korn","Geistlicher","","","","","","","","","1","797"
"person:hans-mengersreuther","person","Hans Mengersreuther","Adliger","","","","","","","","","1","346"
"person:hans-mirrettich","person","Hans Mirrettich","Adliger","","","","","","","","","1","504"
"person:hans-narr","person","Hans Narr","Geistlicher","","","","","","","","","1","813"
"person:hans-oberlaender","person","Hans Oberländer","Beamter","","","","","","","","","1","790"
"person:hans-oertel-der-kleine","person","Hans Oertel der Kleine","Bürger","","","","","","","","","1","625"
"person:hans-preusser","person","Hans Preußer","Bürger","","","","","","","","","1","524"
"person:hans-roeder","person","Hans Röder","Adliger","","","","","","","","","1","620"
"person:hans-sack","person","Hans Sack","Adliger","","","","","","","","","1","373"
"person:hans-schultes","person","Hans Schultes","Handwerker","","","","","","","","","1","728"
"person:hans-selz","person","Hans Selz","Bürger","","","","","","","","","1","803"
"person:hans-seyfart","person","Hans Seyfart","Gewerke","","","","","","","","","1","250"
"person:hans-siegmund-v-der-haidt","person","Hans Siegmund v. der Haidt","Gutsbesitzer","","","","","","","","","2","745 747"
"person:hans-v-dobeneck","person","Hans v. Dobeneck","Adliger","","","","","","","","","1","651"
"person:hans-v-kospod","person","Hans v. Kospod","Adliger","","","","","","","","","2","583 593"
"person:hans-v-magwitz","person","Hans v. Magwitz","Adliger","","","","","","","","","1","632"
"person:hans-v-maltitz","person","Hans v. Maltitz","Adliger","","","","","","","","","1","651"
"person:hans-v-meyer","person","Hans v. Meyer","Adliger","","","","","","","","","1","617"
"person:hans-v-nossau","person","Hans v. Nossau","Adliger","","","","","","","","","1","533"
"person:hans-v-pforten","person","Hans v. Pforten","Adliger","","","","","","","","","1","556"
"person:hans-v-prage","person","Hans v. Prage","Adliger","","","","","","","","","1","638"
"person:hans-v-reitzenstein","person","Hans v. Reitzenstein","Adliger","","","","","","","","","1","801"
"person:hans-v-schauroth","person","Hans v. Schauroth","Adliger","","","","","","","","","1","549"
"person:hans-v-sternberg","person","Hans v. Sternberg","Adliger","","","","","","","","","1","809"
"person:hans-v-utzschau","person","Hans v. Utzschau","Adliger","","","","","","","","","1","607"
"person:hans-v-wartenberg","person","Hans v. Wartenberg","Adliger","","","","","","","","","1","465"
"person:hans-v-wolframsdorf","person","Hans v. Wolframsdorf","Adliger","","","","","","","","","2","495 511"
"person:hans-volkmar","person","Hans Volkmar","Gutsbesitzer","","","","","","","","","1","725"
"person:hans-von-ende","person","Hans von Ende","Adliger","","","","","","","","","1","361"
"person:hans-von-ezdorf","person","Hans von Ezdorf","Adliger","","","","","","","","","2","135 522"
"person:hans-von-gleichen","person","Hans von Gleichen","Adliger","","","","","","","","","2","351 352"
"person:hans-zitzmann","person","Hans Zitzmann","Bürger","","","","","","","","","1","748"
"person:harnisch","person","Harnisch","Bürger","","","","","","","","","1","567"
"person:hartmann","person","Hartmann","Adliger","","","","","","","","","6","575 661"
"person:hartmann-v-heldrungen","person","Hartmann v. Heldrungen","Deutschordensritter","","","","","","","","","1","325"
"person:hartmann-von-lobdaburg","person","Hartmann von Lobdaburg","Adliger","","","","","","","","","1","575"
"person:hartmann-von-saalburg","person","Hartmann von Saalburg","Adliger","","","","","","","","","4","575 661"
"person:hartmut","person","Hartmut","Geistlicher","","","","","","","","","2","603"
"person:hartung","person","Hartung","Bürger","","","","","","","","","2","591 837"
"person:hassel","person","Hassel","Statistiker","","","","","","","","","1","7"
"person:hastenberg","person","Hastenberg","Adliger","","","","","","","","","1","505"
"person:haubold","person","Haubold","Beamter","","","","","","","","","1","250"
"person:haubold-v-verbisdorf","person","Haubold v. Verbisdorf","Adliger","","","","","","","","","1","534"
"person:hauptmann","person","Hauptmann","Gelehrter","","","","","","","","","1","447"
"person:haus-der-burggrafen-von-plauen","person","Haus der Burggrafen von Plauen","Dynastie","","House of the Burgraves of Plauen","","","","","","","1","709"
"person:haus-gera","person","Haus Gera","Dynastie","","House of Gera (Voigte of Gera)","","","Q1248536","","","","3","571 636 709"
"person:haus-lobdaburg","person","Haus Lobdaburg","Dynastie","","House of Lobdaburg","","","","","","","2","575 709"
"person:haus-meran","person","Haus Meran","Adelsfamilie","","","","","","","","","1","321"
"person:haus-reuss","person","Haus Reuß","Dynastie","","House of Reuss","","","Q819968","","","","12","362 425 577 709 767 801 817"
"person:haus-reuss-greiz","person","Haus Reuß-Greiz","Dynastie","","House of Reuss-Greiz (older line)","","","Q76532637","","","","1","495"
"person:haus-schwarzburg-leutenberg","person","Haus Schwarzburg-Leutenberg","Adelsfamilie","","","","","","","","","1","347"
"person:haus-weida","person","Haus Weida","Dynastie","","House of Weida (Voigte of Weida)","","","Q2536293","","","","1","575"
"person:hedwig","person","Hedwig","Gemahlin","","","","","","","","","7","335 336 337 341 351 352"
"person:hedwig-sophia","person","Hedwig Sophia","Prinzessin","","","","","","","","","1","394"
"person:hedwig-v-brandenstein-geb-v-metsch","person","Hedwig v. Brandenstein geb. v. Metsch","Gutsbesitzer","","","","","","","","","1","223"
"person:hedwig-v-mansfeld-heldrungen","person","Hedwig v. Mansfeld-Heldrungen","Gemahlin","","","","","","","","","2","350 352"
"person:hegner","person","Hegner","Geistlicher","","","","","","","","","1","667"
"person:heinlein","person","Heinlein","Adliger","","","","","","","","","1","443"
"person:heinr-aug-knoch","person","Heinr. Aug. Knoch","Gutsbesitzer","","","","","","","","","1","223"
"person:heinr-bernhardt-metzsch","person","Heinr. Bernhardt Metzsch","Militär","","","","","","","","","1","522"
"person:heinr-christoph-schuessler","person","Heinr. Christoph Schüßler","Stifter","","","","","","","","","1","306"
"person:heinr-gottfr-koch","person","Heinr. Gottfr. Koch","Schauspieler","","","","","","","","","1","446"
"person:heinr-gottl-knoch","person","Heinr. Gottl. Knoch","Gutsbesitzer","","","","","","","","","3","223 690"
"person:heinr-gruenler","person","Heinr. Grünler","Geistlicher","","","","","","","","","1","585"
"person:heinr-mueller","person","Heinr. Müller","Bürger","","","","","","","","","1","472"
"person:heinr-reinhold","person","Heinr. Reinhold","Maler","","","","","","","","","1","446"
"person:heinr-schildknecht","person","Heinr. Schildknecht","Geistlicher","","","","","","","","","1","717"
"person:heinr-schnicke","person","Heinr. Schnicke","Pfarrer","","","","","","","","","1","554"
"person:heinr-spengler","person","Heinr. Spengler","Pfarrer","","","","","","","","","1","476"
"person:heinr-tamm","person","Heinr. Tamm","Subskribent","","","","","","","","","1","839"
"person:heinr-teichmann","person","Heinr. Teichmann","Bürger","","","","","","","","","1","630"
"person:heinr-wahrmund","person","Heinr. Wahrmund","Geistlicher","","","","","","","","","1","434"
"person:heinrich","person","Heinrich","Landesherr (mehrdeutig)","","","","","","","","","96","135 198 263 315 316 319 321 323 325 326 327 329 330 331 333 337 338 341 346 347 348 352 353 354 357 358 361 364 368 375 402 403 416 443 445 453 454 502 575 588 605 695 700 704 709 787 792"
"person:heinrich-albert-alberti","person","Heinrich Albert (Alberti)","Komponist, Liederdichter","","","","","Q679477","","","","1","722"
"person:heinrich-august-de-la-motte-fouque","person","Heinrich August de la Motte Fouqué","Adliger","","","","","","","","","1","398"
"person:heinrich-august-von-stolberg-zu-schwarzau","person","Heinrich August von Stolberg (zu Schwarzau)","Graf","","","","","","","","","1","402"
"person:heinrich-balthasar-roth","person","Heinrich Balthasar Roth","Gelehrter","","","","","","","","","1","833"
"person:heinrich-beck","person","Heinrich Beck","Geistlicher","","","","","","","","","2","665 666"
"person:heinrich-bernhard-v-metsch","person","Heinrich Bernhard (v. Metsch)","Gutsbesitzer","","","","","","","","","1","526"
"person:heinrich-beyrer","person","Heinrich Beyrer","Geistlicher","","","","","","","","","1","652"
"person:heinrich-bruhm-kaufmann-in-gera","person","Heinrich Bruhm (Kaufmann in Gera)","Stifter","","","","","","","","","1","833"
"person:heinrich-d-ae","person","Heinrich d. ä.","Landesherr (mehrdeutig)","","","","","","","","","83","249 326 330 331 332 333 334 336 337 338 339 340 341 342 343 344 346 347 348 349 350 351 352 354 356 357 364 368 369 370 373 414 415 454 576 588 651 710 792 809"
"person:heinrich-d-ae-herr-zu-burgk-linie-gera-1404-1439","person","Heinrich d. ä. (Herr zu Burgk, Linie Gera, 1404-1439)","Vogt","","","","","","","","","3","352 576"
"person:heinrich-d-ae-reuss-herr-zu-untergreiz-der-botschafter","person","Heinrich d. ä. Reuß (Herr zu Untergreiz, der Botschafter)","Landesherr","","","","","","","","","2","264 400"
"person:heinrich-d-ae-reuss-zu-greiz-der-wallfahrer","person","Heinrich d. ä. Reuß zu Greiz (der Wallfahrer)","Herr","","","","","","","","","1","369"
"person:heinrich-d-ae-von-gera","person","Heinrich d. ä. von Gera","Voigt/Herr von Gera (mehrdeutig)","","","","","","","","","7","336 344 509 555 557 659 732"
"person:heinrich-d-ae-von-weida-1295-c-1364","person","Heinrich d. ä. von Weida (1295-c. 1364)","Vogt","","","","","","","","","2","356 364"
"person:heinrich-d-ae-der-lange-voigt-von-plauen-1306-1373","person","Heinrich d. ä., der Lange (Voigt von Plauen, 1306-1373)","Vogt","","","","","","","","","2","338 367"
"person:heinrich-d-j","person","Heinrich d. j.","Landesherr (mehrdeutig)","","","","","","","","","51","249 330 331 337 339 340 341 342 343 344 346 347 349 351 352 356 364 368 369 370 414 415 576 588 636 710 792"
"person:heinrich-d-j-reuss-herr-von-gera-1530-1572","person","Heinrich d. j. Reuß (Herr von Gera, 1530-1572)","Landesherr","","","","","","","","","1","264"
"person:heinrich-d-j-der-beharrliche-herr-von-gera-1550","person","Heinrich d. j., der Beharrliche (Herr von Gera, † 1550)","Landesherr","","","","","","","","","1","630"
"person:heinrich-d-j-der-worthalter","person","Heinrich d. j., der Worthalter","","","","","","","","","","1","352"
"person:heinrich-d-m","person","Heinrich d. m.","Landesherr (mehrdeutig)","","","","","","","","","46","249 330 331 332 339 340 341 346 347 349 350 370 373 414 415 500 509 576 583 607 612 630 631 632 652 710"
"person:heinrich-d-m-herr-zu-gera-und-schleiz-1478-1500","person","Heinrich d. m. (Herr zu Gera und Schleiz, 1478-1500)","Landesherr","","","","","","","","","1","688"
"person:heinrich-d-m-reuss-herr-zu-obergreiz","person","Heinrich d. m. Reuß (Herr zu Obergreiz)","Landesherr","","","","","","","","","3","264 374 375"
"person:heinrich-d-m-1478-1500-herr-von-schleiz-und-reichenfels-der-","person","Heinrich d. m., 1478 — † 1500. Herr von Schleiz und Reichenfels; der Beiname »der Hinkende« gehört zu Heinrich d. j. (1476 — † c. 1498","","","","","","","","","","1","352"
"person:heinrich-der-alte-von-greiz-reuss","person","Heinrich der Alte von Greiz (Reuß)","Vogt","","","","","","","","","1","369"
"person:heinrich-der-aeltere","person","Heinrich der ältere","Herr (mehrdeutig)","","","","","","","","","2","389 514"
"person:heinrich-der-beerber-d-m-herr-von-lobenstein","person","Heinrich der Beerber (d. m., Herr von Lobenstein)","Vogt","","","","","","","","","10","348 352 505 576 580 630 710"
"person:heinrich-der-boehme-voigt-von-plauen","person","Heinrich der Böhme (Voigt von Plauen)","Vogt","","","","","","","","","3","264 354 364"
"person:heinrich-der-dispensirte-herr-von-gera","person","Heinrich der Dispensirte (Herr von Gera)","Vogt","","","","","","","","","8","345 352 414 556 557 560 576 630"
"person:heinrich-der-erlauchte-markgraf-von-meissen","person","Heinrich der Erlauchte (Markgraf von Meißen)","Markgraf","","","","","Q61258","","","","3","334 354 490"
"person:heinrich-der-friedsame-reuss-zu-greiz","person","Heinrich der Friedsame (Reuß zu Greiz)","Landesherr","","","","","","","","","5","370 373 375 389"
"person:heinrich-der-fromme-von-weida","person","Heinrich der Fromme (von Weida)","Vogt (sagenhafter Stammvater)","","","","","","","","","5","322 323 324 329"
"person:heinrich-der-graf-von-weida","person","Heinrich der Graf (von Weida)","Vogt","","","","","","","","","1","341"
"person:heinrich-der-grosse-d-ae-voigt-von-gera","person","Heinrich der Große (d. ä., Voigt von Gera)","Vogt","","","","","","","","","4","414 575 576 670"
"person:heinrich-der-lange","person","Heinrich der Lange","Voigt von Plauen (mehrdeutig)","","","","","","","","","6","264 354 356 364 792"
"person:heinrich-der-loewe","person","Heinrich der Löwe","Herzog","","","","","Q105378","","","","7","325 326 328 329"
"person:heinrich-der-mehrer-d-ae-voigt-von-gera","person","Heinrich der Mehrer (d. ä., Voigt von Gera)","Vogt","","","","","","","","","3","414 576 774"
"person:heinrich-der-mehrer-voigt-von-gera-1244-vor-ende-august-1279","person","Heinrich der Mehrer (Voigt von Gera, 1244 — † vor Ende August 1279","","","","","","","","","","1","352"
"person:heinrich-der-reiche-von-weida","person","Heinrich der Reiche (von Weida)","Vogt","","","","","","","","","7","198 322 328 329 421"
"person:heinrich-der-ritter-von-weida","person","Heinrich der Ritter (von Weida)","Vogt","","","","","","","","","2","338 341"
"person:heinrich-der-ritterhafte","person","Heinrich der Ritterhafte","Adliger","","","","","","","","","1","466"
"person:heinrich-der-rothe-von-weida","person","Heinrich der Rothe (von Weida)","Vogt","","","","","","","","","6","338 339 341 352"
"person:heinrich-der-ruthene-ruzze-reuss","person","Heinrich der Ruthene (Ruzze, Reuß)","Vogt","","","","","","","","","5","264 353 354 364"
"person:heinrich-der-ruzze-reuss-1276-1296","person","Heinrich der Ruzze (Reuß), 1276-1296","Vogt","","","","","","","","","2","364 365"
"person:heinrich-der-strenge-reuss-von-greiz","person","Heinrich der Strenge (Reuß von Greiz)","Vogt","","","","","","","","","4","367 372"
"person:heinrich-der-unglueckliche-d-j-herr-von-gera-und-schleiz","person","Heinrich der Unglückliche (d. j., Herr von Gera und Schleiz)","Vogt","","","","","","","","","10","348 349 414 576 579"
"person:heinrich-der-worthalter-d-j-voigt-von-gera","person","Heinrich der Worthalter (d. j., Voigt von Gera)","Vogt","","","","","","","","","9","345 414 554 576 630 670 710"
"person:heinrich-dopplick","person","Heinrich Dopplick","Geistlicher","","","","","","","","","1","664"
"person:heinrich-erik-reuss-der-kleine","person","Heinrich Erik (Reuß der Kleine)","Vogt","","","","","","","","","7","343 365 366 367"
"person:heinrich-ferdinand-bruhm","person","Heinrich Ferdinand Bruhm","Gutsbesitzer","","","","","","","","","1","223"
"person:heinrich-gottfried-reichard","person","Heinrich Gottfried Reichard","Gelehrter","","","","","Q1597376","","","","1","591"
"person:heinrich-gottlieb-reichard","person","Heinrich Gottlieb Reichard","Beamter","","","","","","","","","1","723"
"person:heinrich-graf-von-reichenbach-goschuetz","person","Heinrich Graf von Reichenbach-Goschütz","Graf","","","","","","","","","1","398"
"person:heinrich-i","person","Heinrich I.","Landesherr (mehrdeutig)","","","","","","","","","45","358 364 376 383 391 394 395 398 399 400 401 402 495 508 518 577 578 579 581 607 631 634 643 657 662 667 733"
"person:heinrich-i-graf-reuss-zu-schleiz","person","Heinrich I. (Graf Reuß zu Schleiz)","Landesherr","","","","","Q11919318","","","","3","495 651 682"
"person:heinrich-i-der-vogler","person","Heinrich I. der Vogler","König","","","","","Q150620","","","","4","198 320 514"
"person:heinrich-i-von-plauen-burggraf-von-meissen","person","Heinrich I. von Plauen (Burggraf von Meißen)","Burggraf","","","","","","","","","1","368"
"person:heinrich-ii","person","Heinrich II.","Landesherr (mehrdeutig)","","","","","","","","","38","310 357 358 364 376 379 381 389 390 391 398 400 401 415 417 512 577 578 639 712 734"
"person:heinrich-ii-deutscher-koenig-und-kaiser","person","Heinrich II. (deutscher König und Kaiser)","König","","","","","","","","","1","320"
"person:heinrich-ii-herr-von-burgk-1575-1639","person","Heinrich II. (Herr von Burgk, 1575-1639)","Landesherr","","","","","Q108090708","","","","1","402"
"person:heinrich-ii-herr-von-burgk-haus-untergreiz-1634-1697","person","Heinrich II. (Herr von Burgk, Haus Untergreiz, 1634-1697)","Landesherr","","","","","Q55909114","","","","2","400 402"
"person:heinrich-ii-reuss-zu-gera","person","Heinrich II. (Reuß zu Gera)","Landesherr","","","","","Q104681082","","","","1","394"
"person:heinrich-ii-von-plauen-burggraf-von-meissen","person","Heinrich II. von Plauen (Burggraf von Meißen)","Burggraf","","","","","","","","","1","369"
"person:heinrich-iii","person","Heinrich III.","Landesherr (mehrdeutig)","","","","","","","","","21","359 364 376 380 389 390 391 394 395 396 398 400 401 402 711 712 745"
"person:heinrich-iii-graf-reuss-zu-lobenstein","person","Heinrich III. (Graf Reuß zu Lobenstein)","Landesherr","","","","","Q80793097","","","","1","715"
"person:heinrich-iii-reuss-haupt-der-linie-schleiz","person","Heinrich III. (Reuß, Haupt der Linie Schleiz)","Landesherr","","","","","Q11919314","","","","4","383 401 577"
"person:heinrich-iv","person","Heinrich IV.","Landesherr (mehrdeutig)","","","","","","","","","19","359 364 379 388 390 391 394 396 399 400 401 402 415"
"person:heinrich-iv-herr-von-obergreiz","person","Heinrich IV. (Herr von Obergreiz)","Landesherr","","","","","Q80792806","","","","1","395"
"person:heinrich-iv-herr-von-untergreiz","person","Heinrich IV. (Herr von Untergreiz)","Landesherr","","","","","Q75454572","","","","1","402"
"person:heinrich-iv-kaiser","person","Heinrich IV. (Kaiser)","Kaiser","","","","","Q60094","","","","1","320"
"person:heinrich-ix","person","Heinrich IX.","Landesherr (mehrdeutig)","","","","","","","","","18","307 376 383 388 394 398 399 401 496 577 581 586 662"
"person:heinrich-klinger","person","Heinrich Klinger","Geistlicher","","","","","","","","","2","813"
"person:heinrich-li-fuerst-reuss-ebersdorf","person","Heinrich LI. (Fürst Reuß-Ebersdorf)","Landesherr","","","","","Q642401","","","","5","382 395 397 712 739"
"person:heinrich-lii-reuss-koestritz-juengere-linie","person","Heinrich LII. (Reuß-Köstritz, jüngere Linie)","Prinz","","","","","Q1598131","","","","2","398 498"
"person:heinrich-liii","person","Heinrich LIII.","Prinz","","","","","","","","","1","397"
"person:heinrich-liv-fuerst-reuss-lobenstein-selbitz","person","Heinrich LIV. (Fürst Reuß-Lobenstein-Selbitz)","Landesherr","","","","","Q55875295","","","","7","381 396 398 712 715 741"
"person:heinrich-lix-reuss-koestritz","person","Heinrich LIX. (Reuß-Köstritz)","Prinz","","","","","","","","","1","398"
"person:heinrich-lv-reuss-koestritz-bischof-der-herrnhuter","person","Heinrich LV. (Reuß-Köstritz, Bischof der Herrnhuter)","Prinz, Geistlicher","","","","","Q75391844","","","","2","382 398"
"person:heinrich-lvi","person","Heinrich LVI.","Prinz","","","","","","","","","1","395"
"person:heinrich-lvii","person","Heinrich LVII.","Prinz","","","","","","","","","1","395"
"person:heinrich-lviii","person","Heinrich LVIII.","Prinz","","","","","","","","","1","395"
"person:heinrich-lx-reuss-koestritz-mittlere-linie","person","Heinrich LX. (Reuß-Köstritz, mittlere Linie)","Prinz","","","","","Q101545615","","","","2","388 399"
"person:heinrich-lxii-fuerst-reuss-j-l","person","Heinrich LXII. (Fürst Reuß j. L.)","Landesherr","","","","","Q73528","","","","21","44 304 308 395 415 417 578 586 587 597 600 602 603 605 657 658 659 725"
"person:heinrich-lxiii-reuss-koestritz-mittlere-linie","person","Heinrich LXIII. (Reuß-Köstritz, mittlere Linie)","Prinz","","","","","Q105699","","","","3","388 398 399"
"person:heinrich-lxiv-reuss-koestritz","person","Heinrich LXIV. (Reuß-Köstritz)","Landesherr","","","","","Q1598134","","","","3","388 398 496"
"person:heinrich-lxix-fuerst-reuss-koestritz","person","Heinrich LXIX. (Fürst Reuß-Köstritz)","Landesherr","","","","","Q24284524","","","","10","221 223 388 398 496 500 644"
"person:heinrich-lxvi-reuss-koestritz","person","Heinrich LXVI. (Reuß-Köstritz)","Prinz","","","","","","","","","1","399"
"person:heinrich-lxvii-fuerst-reuss-j-l","person","Heinrich LXVII. (Fürst Reuß j. L.)","Landesherr","","","","","Q215064","","","","17","137 304 308 309 383 388 395 397 398 415 417 422 431 445 578 587"
"person:heinrich-lxviii","person","Heinrich LXVIII.","Prinz","","","","","","","","","1","395"
"person:heinrich-lxx-reuss-koestritz","person","Heinrich LXX. (Reuß-Köstritz)","Prinz","","","","","","","","","1","399"
"person:heinrich-lxxi","person","Heinrich LXXI.","Prinz","","","","","","","","","1","395"
"person:heinrich-lxxii-fuerst-reuss-lobenstein-ebersdorf","person","Heinrich LXXII. (Fürst Reuß-Lobenstein-Ebersdorf)","Landesherr","","","","","Q215069","","","","26","221 379 382 396 397 398 417 578 712 720 725 726 733 734 739 789 810 812 818 833"
"person:heinrich-lxxiii-reuss-koestritz-juengere-linie","person","Heinrich LXXIII. (Reuß-Köstritz, jüngere Linie)","Prinz","","","","","","","","","2","389 398"
"person:heinrich-lxxiv-fuerst-reuss-koestritz-mittlere-linie","person","Heinrich LXXIV. (Fürst Reuß-Köstritz, mittlere Linie)","Prinz","","","","","Q29580386","","","","3","388 398 399"
"person:heinrich-lxxv-reuss-koestritz-juengere-linie","person","Heinrich LXXV. (Reuß-Köstritz, jüngere Linie)","Prinz","","","","","","","","","1","398"
"person:heinrich-michel","person","Heinrich Michel","Gutsbesitzer","","","","","","","","","1","643"
"person:heinrich-nicolaus-von-ende-zu-kaimberg","person","Heinrich Nicolaus von Ende (zu Kaimberg)","Gutsbesitzer","","","","","","","","","1","569"
"person:heinrich-possner","person","Heinrich Poßner","Geistlicher","","","","","","","","","1","516"
"person:heinrich-posthumus","person","Heinrich Posthumus","Landesherr","","","","","Q97035","","","","41","243 249 278 289 296 375 376 377 379 380 383 394 415 435 444 445 446 557 577 631 658 662 667 711 714 715 718 730 734 745 777 811"
"person:heinrich-reuss","person","Heinrich Reuß","Voigt/Herr Reuß (mehrdeutig)","","","","","","","","","15","336 341 350 352 354 356 364 365 366 367 372 555 816"
"person:heinrich-reuss-d-j","person","Heinrich Reuss d. j.","Voigt/Landesherr Reuß (mehrdeutig)","","","","","","","","","6","327 345 369 597 630"
"person:heinrich-rothbart-heinrich-d-m-reuss-zu-schleiz","person","Heinrich Rothbart (Heinrich d. m. Reuß zu Schleiz)","Landesherr","","","","","","","","","1","375"
"person:heinrich-scherenberg","person","Heinrich Scherenberg","Geistlicher","","","","","","","","","1","697"
"person:heinrich-schreiber","person","Heinrich Schreiber","Siedler","","","","","","","","","2","717 776"
"person:heinrich-schuetz","person","Heinrich Schütz","Komponist","","","","","Q153643","","","","2","498"
"person:heinrich-schwarz","person","Heinrich Schwarz","Geistlicher","","","","","","","","","1","584"
"person:heinrich-siber","person","Heinrich Siber","Geistlicher","","","","","","","","","1","648"
"person:heinrich-smer","person","Heinrich Smer","Geistlicher","","","","","","","","","1","610"
"person:heinrich-spoerel","person","Heinrich Spörel","Bürgermeister","","","","","","","","","2","667"
"person:heinrich-tenner","person","Heinrich Tenner","Geistlicher","","","","","","","","","1","434"
"person:heinrich-v","person","Heinrich V.","Landesherr (mehrdeutig)","","","","","","","","","25","295 323 351 360 364 374 389 390 391 395 398 400 401 402 414 415 557 576 736 810"
"person:heinrich-v-herr-von-rothenthal","person","Heinrich V. (Herr von Rothenthal)","Landesherr","","","","","","","","","1","402"
"person:heinrich-v-herr-von-untergreiz","person","Heinrich V. (Herr von Untergreiz)","Landesherr","","","","","Q87352133","","","","1","402"
"person:heinrich-v-von-plauen-burggraf-von-meissen","person","Heinrich V. von Plauen (Burggraf von Meißen)","Burggraf","","","","","Q1597840","","","","5","249 351 373 710"
"person:heinrich-vi","person","Heinrich VI.","Landesherr (mehrdeutig)","","","","","","","","","30","198 324 329 334 361 362 364 383 388 391 398 399 400 401 402 415 416 495 576 643 710"
"person:heinrich-vi-graf-reuss-koestritz","person","Heinrich VI. (Graf Reuß-Köstritz)","Landesherr","","","","","Q12316298","","","","1","388"
"person:heinrich-vi-herr-von-obergreiz-und-doelau","person","Heinrich VI. (Herr von Obergreiz und Dölau)","Landesherr, Feldmarschall","","","","","","","","","1","402"
"person:heinrich-vii","person","Heinrich VII.","Landesherr (mehrdeutig)","","","","","","","","","22","243 362 363 364 374 375 399 401 402 415 576 577 581 688 710 716 731 787 792"
"person:heinrich-vii-prinz-reuss-koestritz","person","Heinrich VII. (Prinz Reuß, Köstritz)","Prinz, Diplomat","","","","","Q214091","","","","1","389"
"person:heinrich-viii","person","Heinrich VIII.","Landesherr (mehrdeutig)","","","","","","","","","13","380 395 396 398 401 711 712 810 813"
"person:heinrich-von-anhalt-koethen","person","Heinrich von Anhalt-Köthen","Fürst","","","","","","","","","1","399"
"person:heinrich-von-beichlingen-zu-rothenburg","person","Heinrich von Beichlingen (zu Rothenburg)","Adliger","","","","","","","","","1","352"
"person:heinrich-von-brandenstein","person","Heinrich von Brandenstein","Adliger","","","","","","","","","1","594"
"person:heinrich-von-brunswick","person","Heinrich von Brunswick","Geistlicher","","","","","","","","","1","584"
"person:heinrich-von-eichicht","person","Heinrich von Eichicht","Gutsbesitzer","","","","","","","","","1","515"
"person:heinrich-von-ende","person","Heinrich von Ende","Gutsbesitzer","","","","","","","","","1","547"
"person:heinrich-von-gera","person","Heinrich von Gera","Voigt/Herr von Gera (mehrdeutig)","","","","","","","","","35","328 335 336 338 349 365 394 416 425 443 452 454 464 466 481 503 509 549 555 566 575 583 664 689 690 694 697 706 756 760 801 820"
"person:heinrich-von-gottes-gnaden-voigt-von-weida","person","Heinrich von Gottes Gnaden (Voigt von Weida)","Vogt","","","","","","","","","2","353 456"
"person:heinrich-von-greiz-voigt-d-j-von-weida","person","Heinrich von Greiz (Voigt, d. j. von Weida)","Vogt","","","","","","","","","1","342"
"person:heinrich-von-hopfgarten","person","Heinrich von Hopfgarten","Geistlicher","","","","","","","","","1","584"
"person:heinrich-von-langenberg","person","Heinrich von Langenberg","Adliger","","","","","","","","","1","513"
"person:heinrich-von-merenbach","person","Heinrich von Merenbach","Gutsbesitzer","","","","","","","","","1","634"
"person:heinrich-von-mueffling-genannt-weiss","person","Heinrich von Müffling genannt Weiß","Gutsbesitzer","","","","","","","","","2","632 636"
"person:heinrich-von-oschitz","person","Heinrich von Oschitz","Geistlicher","","","","","","","","","2","689 700"
"person:heinrich-von-plauen","person","Heinrich von Plauen","Voigt von Plauen (mehrdeutig)","","","","","","","","","17","327 328 335 337 338 341 353 355 357 358 368 427 509 706 795"
"person:heinrich-von-privel","person","Heinrich von Privel","Adliger","","","","","","","","","1","490"
"person:heinrich-von-reitzenstein","person","Heinrich von Reitzenstein","Gutsbesitzer","","","","","","","","","1","787"
"person:heinrich-von-saalburg","person","Heinrich von Saalburg","Adliger","","","","","","","","","1","664"
"person:heinrich-von-schwanberg","person","Heinrich von Schwanberg","Adliger","","","","","","","","","1","364"
"person:heinrich-von-schwarzburg-graf-1450-51","person","Heinrich von Schwarzburg (Graf, 1450/51)","Graf","","","","","","","","","1","348"
"person:heinrich-von-schwarzburg-leutenberg-graf","person","Heinrich von Schwarzburg-Leutenberg (Graf)","Graf","","","","","","","","","2","352"
"person:heinrich-von-sloven","person","Heinrich von Sloven","Adliger","","","","","","","","","1","490"
"person:heinrich-von-tepen","person","Heinrich von Tepen","Geistlicher","","","","","","","","","2","638 685"
"person:heinrich-von-truhendingen-graf","person","Heinrich von Truhendingen (Graf)","Graf","","","","","","","","","2","352 368"
"person:heinrich-von-weida","person","Heinrich von Weida","Voigt von Weida (mehrdeutig)","","","","","","","","","26","198 325 328 329 331 335 336 337 339 343 356 425 464 503 517 590 657 809 833"
"person:heinrich-von-weida-an-der-elster-1236-c-1275","person","Heinrich von Weida (an der Elster), 1236-c. 1275","Vogt","","","","","","","","","1","325"
"person:heinrich-von-weida-an-der-unstrut-1143","person","Heinrich von Weida (an der Unstrut), 1143","Adliger","","","","","","","","","1","325"
"person:heinrich-von-weida-zu-wildenfels-um-1535","person","Heinrich von Weida zu Wildenfels († um 1535)","Herr","","","","","","","","","1","340"
"person:heinrich-von-wida-witha-1170-1180","person","Heinrich von Wida (Witha), 1170-1180","Adliger","","","","","","","","","2","325 328"
"person:heinrich-von-wildenfels-1315","person","Heinrich von Wildenfels (1315)","Adliger","","","","","","","","","1","343"
"person:heinrich-wilhelm-zu-solms-tecklenburg","person","Heinrich Wilhelm zu Solms-Tecklenburg","Graf","","","","","","","","","1","518"
"person:heinrich-x","person","Heinrich X.","Landesherr (mehrdeutig)","","","","","","","","","27","376 380 381 394 396 397 398 399 401 577 578 711 712 716 719 733 745 790 810"
"person:heinrich-x-graf-reuss-zu-lobenstein","person","Heinrich X. (Graf Reuß zu Lobenstein)","Landesherr","","","","","Q97030","","","","1","401"
"person:heinrich-xi","person","Heinrich XI.","Landesherr (mehrdeutig)","","","","","","","","","21","383 391 395 398 401 518 578 579 581 600 607 614 615 621 682 696 745"
"person:heinrich-xi-graf-reuss-zu-schleiz","person","Heinrich XI. (Graf Reuß zu Schleiz)","Landesherr","","","","","","","","","5","307 308 607 696"
"person:heinrich-xii","person","Heinrich XII.","Landesherr (mehrdeutig)","","","","","","","","","20","310 382 384 395 399 401 578 586 602 621 623 624 625 627 697 698"
"person:heinrich-xii-graf-reuss-zu-schleiz","person","Heinrich XII. (Graf Reuß zu Schleiz)","Landesherr","","","","","Q12363657","","","","8","203 308 598 605 623 693"
"person:heinrich-xii-prinz-reuss-koestritz","person","Heinrich XII. (Prinz Reuß, Köstritz)","Prinz, Offizier","","","","","Q13386060","","","","1","389"
"person:heinrich-xiii","person","Heinrich XIII.","Landesherr (mehrdeutig)","","","","","","","","","7","391 392 398 399 401 402"
"person:heinrich-xiii-prinz-reuss-koestritz","person","Heinrich XIII. (Prinz Reuß, Köstritz)","Prinz, Offizier","","","","","Q13389658","","","","1","833"
"person:heinrich-xiv","person","Heinrich XIV.","Landesherr (mehrdeutig)","","","","","","","","","12","III 301 395 401 402 415 417 578 595 600 835"
"person:heinrich-xiv-fuerst-reuss-j-l","person","Heinrich XIV. (Fürst Reuß j. L.)","Landesherr","","","","","Q553108","","","","3","388 499"
"person:heinrich-xiv-graf-reuss-zu-greiz-feldmarschalleutnant","person","Heinrich XIV. (Graf Reuß zu Greiz, Feldmarschalleutnant)","Adliger, Offizier","","","","","Q1599395","","","","1","391"
"person:heinrich-xix","person","Heinrich XIX.","Landesherr (mehrdeutig)","","","","","","","","","4","392 395 398 401"
"person:heinrich-xl","person","Heinrich XL.","Prinz","","","","","","","","","1","398"
"person:heinrich-xli","person","Heinrich XLI.","Prinz","","","","","","","","","1","398"
"person:heinrich-xlii-fuerst-reuss-zu-schleiz","person","Heinrich XLII. (Fürst Reuß zu Schleiz)","Landesherr","","","","","Q16405589","","","","14","384 395 578 587 599 600 602 607 656 657"
"person:heinrich-xliii-reuss-koestritz","person","Heinrich XLIII. (Reuß-Köstritz)","Landesherr","","","","","Q1486203","","","","11","388 397 398 495 496 497 499 518 632 633 638"
"person:heinrich-xliv-fuerst-reuss-koestritz-mittlerer-zweig","person","Heinrich XLIV. (Fürst Reuß-Köstritz, mittlerer Zweig)","Landesherr","","","","","Q55875487","","","","3","388 398 399"
"person:heinrich-xlix","person","Heinrich XLIX.","Prinz","","","","","","","","","1","398"
"person:heinrich-xlv","person","Heinrich XLV.","Prinz","","","","","","","","","1","398"
"person:heinrich-xlvi","person","Heinrich XLVI.","Prinz","","","","","","","","","1","397"
"person:heinrich-xlvii","person","Heinrich XLVII.","Prinz","","","","","","","","","1","398"
"person:heinrich-xlvii-reuss-koestritz-juengere-linie","person","Heinrich XLVII. (Reuß-Köstritz, jüngere Linie)","Prinz","","","","","Q99198814","","","","1","389"
"person:heinrich-xlviii-reuss-koestritz","person","Heinrich XLVIII. (Reuß-Köstritz)","Prinz","","","","","Q105799012","","","","2","398 498"
"person:heinrich-xv","person","Heinrich XV.","Landesherr (mehrdeutig)","","","","","","","","","9","380 381 392 396 399 401 712 810"
"person:heinrich-xv-graf-reuss-zu-lobenstein","person","Heinrich XV. (Graf Reuß zu Lobenstein)","Landesherr","","","","","Q55875293","","","","1","798"
"person:heinrich-xv-von-obergreiz","person","Heinrich XV. (von Obergreiz)","Landesherr","","","","","","","","","1","391"
"person:heinrich-xvi","person","Heinrich XVI.","Landesherr (mehrdeutig)","","","","","","","","","6","391 395 398 401"
"person:heinrich-xvii","person","Heinrich XVII.","Landesherr (mehrdeutig)","","","","","","","","","4","392 396 399 401"
"person:heinrich-xvii-graf-reuss-lobenstein","person","Heinrich XVII. (Graf Reuß-Lobenstein)","Adliger, Offizier","","","","","","","","","1","787"
"person:heinrich-xviii","person","Heinrich XVIII.","Landesherr (mehrdeutig)","","","","","","","","","11","244 379 389 398 401 415 417 420 422 445 666"
"person:heinrich-xviii-graf-zu-gera-fundator","person","Heinrich XVIII. (Graf zu Gera, Fundator)","Landesherr","","","","","Q55875292","","","","1","648"
"person:heinrich-xx","person","Heinrich XX.","Landesherr (mehrdeutig)","","","","","","","","","4","392 398 401"
"person:heinrich-xxi","person","Heinrich XXI.","Landesherr (mehrdeutig)","","","","","","","","","2","381 399"
"person:heinrich-xxii","person","Heinrich XXII.","Landesherr (mehrdeutig)","","","","","","","","","8","244 392 395 399 401 835"
"person:heinrich-xxiii","person","Heinrich XXIII.","Landesherr (mehrdeutig)","","","","","","","","","6","389 396 398 399 401 496"
"person:heinrich-xxiv","person","Heinrich XXIV.","Landesherr (mehrdeutig)","","","","","","","","","26","381 382 383 388 394 395 397 399 495 496 499 518 631 632 637 638 643 712 737 775"
"person:heinrich-xxiv-graf-reuss-stifter-der-linie-koestritz","person","Heinrich XXIV. (Graf Reuß, Stifter der Linie Köstritz)","Landesherr","","","","","Q1544732","","","","1","398"
"person:heinrich-xxiv-graf-reuss-ebersdorf","person","Heinrich XXIV. (Graf Reuß-Ebersdorf)","Landesherr","","","","","Q571460","","","","1","495"
"person:heinrich-xxix","person","Heinrich XXIX.","Landesherr (mehrdeutig)","","","","","","","","","10","381 397 399 712 733 736 737 738 810"
"person:heinrich-xxix-graf-reuss-ebersdorf","person","Heinrich XXIX. (Graf Reuß-Ebersdorf)","Landesherr","","","","","Q323057","","","","2","382"
"person:heinrich-xxv","person","Heinrich XXV.","Landesherr (mehrdeutig)","","","","","","","","","8","380 396 397 415 421 425 559 731"
"person:heinrich-xxv-graf-zu-gera","person","Heinrich XXV. (Graf zu Gera)","Landesherr","","","","","Q28113667","","","","1","648"
"person:heinrich-xxvi","person","Heinrich XXVI.","Landesherr (mehrdeutig)","","","","","","","","","9","380 382 396 397 399 723 738 824"
"person:heinrich-xxvi-graf-reuss-ebersdorf-historiker","person","Heinrich XXVI. (Graf Reuß-Ebersdorf, Historiker)","Landesherr, Gelehrter","","","","","Q55132822","","","","1","324"
"person:heinrich-xxvi-reuss-lobenstein-selbitz","person","Heinrich XXVI. (Reuß-Lobenstein-Selbitz)","Landesherr","","","","","Q102118193","","","","1","381"
"person:heinrich-xxvii-erbprinz-reuss-j-l","person","Heinrich XXVII. (Erbprinz Reuß j. L.)","Prinz","","","","","Q657822","","","","2","308 395"
"person:heinrich-xxviii","person","Heinrich XXVIII.","Landesherr (mehrdeutig)","","","","","","","","","3","382 397 399"
"person:heinrich-xxx","person","Heinrich XXX.","Landesherr (mehrdeutig)","","","","","","","","","13","380 394 399 415 425 432 445 468 478 484 488 664 691"
"person:heinrich-xxx-graf-zu-gera","person","Heinrich XXX. (Graf zu Gera)","Landesherr","","","","","Q27891462","","","","4","422 465 467 529"
"person:heinrich-xxxi-prinz-reuss-koestritz","person","Heinrich XXXI. (Prinz Reuß, Köstritz)","Prinz","","","","","","","","","2","397 399"
"person:heinrich-xxxii-prinz-reuss-koestritz","person","Heinrich XXXII. (Prinz Reuß, Köstritz)","Prinz","","","","","","","","","2","397 399"
"person:heinrich-xxxiii","person","Heinrich XXXIII.","Prinz","","","","","","","","","1","397"
"person:heinrich-xxxiv","person","Heinrich XXXIV.","Prinz","","","","","","","","","1","397"
"person:heinrich-xxxix-reuss-koestritz","person","Heinrich XXXIX. (Reuß-Köstritz)","Prinz","","","","","Q55913929","","","","1","398"
"person:heinrich-xxxv-fuerst-reuss-lobenstein","person","Heinrich XXXV. (Fürst Reuß-Lobenstein)","Landesherr","","","","","Q119076424","","","","10","265 381 396 712 741 742 754 781 782 783"
"person:heinrich-xxxvi","person","Heinrich XXXVI.","Prinz","","","","","","","","","1","395"
"person:heinrich-xxxvii-reuss-koestritz","person","Heinrich XXXVII. (Reuß-Köstritz)","Prinz","","","","","Q134393096","","","","2","388 398"
"person:heinrich-xxxviii","person","Heinrich XXXVIII.","Prinz","","","","","","","","","1","398"
"person:heinz-roeder","person","Heinz Röder","Adliger","","","","","","","","","3","495 620 621"
"person:heinz-v-lindenberg","person","Heinz v. Lindenberg","Adliger","","","","","","","","","1","558"
"person:heinz-v-watzdorf","person","Heinz v. Watzdorf","Adliger","","","","","","","","","1","761"
"person:heinz-von-roschitz","person","Heinz von Roschitz","Adliger","","","","","","","","","1","554"
"person:heinze","person","Heinze","Lehrer","","","","","","","","","1","682"
"person:held","person","Held","Arzt","","","","","","","","","2","447 837"
"person:helena","person","Helena","Heiliger","","","","","","","","","1","186"
"person:helene-v-dobeneck","person","Helene v. Dobeneck","Nonne","","","","","","","","","1","670"
"person:hempel","person","Hempel","Geistlicher","","","","","","","","","2","585 837"
"person:henr-amalie-v-friesen","person","Henr. Amalie v. Friesen","Gemahlin","","","","","","","","","1","401"
"person:henricus","person","Henricus","Vogt","","","","","","","","","4","327"
"person:henricus-de-gera","person","Henricus de Gera","Deutschordensritter","","","","","","","","","1","342"
"person:henricus-de-wida","person","Henricus de Wida","Deutschordensritter","","","","","","","","","1","353"
"person:henriette","person","Henriette","Prinzessin","","","","","","","","","2","398 401"
"person:henriette-bibiane","person","Henriette Bibiane","Prinzessin","","","","","","","","","1","397"
"person:henriette-charlotte","person","Henriette Charlotte","Prinzessin","","","","","","","","","1","401"
"person:henriette-eleonore","person","Henriette Eleonore","Prinzessin","","","","","","","","","1","396"
"person:henriette-joh-susanne-v-montelleone","person","Henriette Joh. Susanne v. Montelleone","Gemahlin","","","","","","","","","1","398"
"person:henriette-juliane","person","Henriette Juliane","Prinzessin","","","","","","","","","2","396"
"person:henriette-schlick","person","Henriette Schlick","Gutsbesitzer","","","","","","","","","1","452"
"person:henriette-v-sinzendorf","person","Henriette v. Sinzendorf","Gemahlin","","","","","","","","","1","398"
"person:herbord","person","Herbord","Geistlicher","","","","","","","","","1","434"
"person:hercher","person","Hercher","Gärtner","","","","","","","","","1","497"
"person:herm-braun","person","Herm. Braun","Pfarrer","","","","","","","","","1","686"
"person:herm-bredt","person","Herm. Bredt","Subskribent","","","","","","","","","1","836"
"person:herm-focke","person","Herm. Focke","Subskribent","","","","","","","","","1","836"
"person:hermann","person","Hermann","Graf","","","","","","","","","5","334 532 546 582 584"
"person:hermann-ferber","person","Hermann Ferber","Stifter","","","","","","","","","1","833"
"person:hermann-goetze","person","Hermann Götze","Gutsbesitzer","","","","","","","","","2","223 784"
"person:hermann-grabow","person","Hermann Grabow","Bürger","","","","","","","","","1","340"
"person:hermann-j-christian-weissenborn","person","Hermann J. Christian Weißenborn","Gelehrter","","","","","","","","","1","833"
"person:hermann-rudolph","person","Hermann Rudolph","Drucker","","","","","","","","","2","404 840"
"person:hermann-thym","person","Hermann Thym","Geistlicher","","","","","","","","","3","609 666 671"
"person:hermann-v-draxdorf","person","Hermann v. Draxdorf","Geistlicher","","","","","","","","","1","638"
"person:hermann-v-orlamuende","person","Hermann v. Orlamünde","Adliger","","","","","","","","","2","334 341"
"person:hermann-v-schoenburg-crimmitschau","person","Hermann v. Schönburg-Crimmitschau","Adliger","","","","","","","","","2","366 372"
"person:hermann-v-weida","person","Hermann v. Weida","Adliger","","","","","","","","","4","325"
"person:hermann-von-kirchberg","person","Hermann von Kirchberg","Adliger","","","","","","","","","1","369"
"person:hermine","person","Hermine","Prinzessin","","","","","","","","","1","401"
"person:herodes","person","Herodes","Biblische Gestalt","","","","","","","","","1","192"
"person:herold","person","Herold","Subskribent","","","","","","","","","1","837"
"person:herr-grimm","person","Herr Grimm","Subskribent","","","","","","","","","1","837"
"person:herr-hahn","person","Herr Hahn","Subskribent","","","","","","","","","1","837"
"person:herr-hauschild","person","Herr Hauschild","Subskribent","","","","","","","","","1","837"
"person:herr-hoffmann","person","Herr Hoffmann","Subskribent","","","","","","","","","1","837"
"person:herr-huettich","person","Herr Hüttich","Subskribent","","","","","","","","","1","837"
"person:herr-keil","person","Herr Keil","Subskribent","","","","","","","","","1","837"
"person:herr-kuechler","person","Herr Küchler","Subskribent","","","","","","","","","1","837"
"person:herr-lang","person","Herr Lang","Subskribent","","","","","","","","","1","837"
"person:hertha","person","Hertha","Gottheit","","","","","Q598518","","","","2","313"
"person:herzog","person","Herzog","Schulrat","","","","","","","","","3","306 447"
"person:herzog-wilhelm","person","Herzog Wilhelm","Herzog","","","","","","","","","2","370"
"person:heyde","person","Heyde","Gelehrter","","","","","","","","","1","447"
"person:heyland","person","Heyland","Arzt","","","","","","","","","2","54 837"
"person:hilpert","person","Hilpert","Bürger","","","","","","","","","1","477"
"person:hoeckner","person","Höckner","Beamter","","","","","","","","","1","542"
"person:hofmann","person","Hofmann","Gutsbesitzer","","","","","","","","","1","754"
"person:hohenstaufen","person","Hohenstaufen","Dynastie","","House of Hohenstaufen","","","Q130875","","","","1","328"
"person:hoelzer","person","Hölzer","","","","","","","","","","1","VI"
"person:hoppe","person","Hoppe","Apotheker","","","","","","","","","1","447"
"person:horn","person","Horn","Geistlicher","","","","","","","","","1","543"
"person:hoyer","person","Hoyer","Militär","","","","","","","","","1","198"
"person:hugo-v-schoenburg","person","Hugo v. Schönburg","Adliger","","","","","","","","","1","394"
"person:hugo-v-schoenburg-waldenburg","person","Hugo v. Schönburg-Waldenburg","Adliger","","","","","","","","","1","401"
"person:hugo-werner-v-ziegenhierd","person","Hugo Werner v. Ziegenhierd","Gutsbesitzer","","","","","","","","","3","223 563 568"
"person:huelin","person","Hülin","","","","","","","","","","1","739"
"person:huettig","person","Hüttig","","","","","","","","","","1","VI"
"person:i-nic-thomae","person","I. Nic. Thomä","Bürger","","","","","","","","","1","749"
"person:ida-burgold","person","Ida Burgold","Bürger","","","","","","","","","1","723"
"person:ilfrig","person","Ilfrig","Subskribent","","","","","","","","","1","837"
"person:ilse","person","Ilse","Gemahlin","","","","","","","","","7","338 341 345 352"
"person:ilse-v-techwitz","person","Ilse v. Techwitz","Adlige","","","","","","","","","1","495"
"person:ilse-von-gera","person","Ilse von Gera","Gemahlin","","","","","","","","","1","341"
"person:irmgard","person","Irmgard","Gemahlin","","","","","","","","","7","335 341 342 352 356 364 368"
"person:irmgard-v-kirchberg","person","Irmgard v. Kirchberg","Gemahlin","","","","","","","","","1","372"
"person:irmgard-v-weida-nach-1317","person","Irmgard v. Weida, † nach 1317","","","","","","","","","","1","352"
"person:irmgard-v-weimar","person","Irmgard v. Weimar","Gemahlin","","","","","","","","","1","342"
"person:irmgard-von-dassel","person","Irmgard von Dassel","Adlige","","","","","","","","","1","354"
"person:isabelle-von-wenz-zum-lahnstein","person","Isabelle von Wenz zum Lahnstein","Gemahlin","","","","","","","","","1","401"
"person:iuvenis-de-gera","person","Iuvenis de Gera","Vogt","","","","","","","","","2","271 343"
"person:j-ad-kaestner","person","J. Ad. Kästner","Stifter","","","","","","","","","1","664"
"person:j-alex-zelten","person","J. Alex. Zelten","Beamter","","","","","","","","","1","738"
"person:j-aug-v-kospod","person","J. Aug. v. Kospod","Adliger","","","","","","","","","1","691"
"person:j-c-chr-adler","person","J. C. Chr. Adler","Pfarrer","","","","","","","","","1","666"
"person:j-c-giebner","person","J. C. Giebner","Pfarrer","","","","","","","","","1","465"
"person:j-c-seydel","person","J. C. Seydel","Naturforscher","","","","","","","","","1","69"
"person:j-ch-muench","person","J. Ch. Münch","Stifter","","","","","","","","","1","309"
"person:j-chr-fr-werner","person","J. Chr. Fr. Werner","Lehrer","","","","","","","","","1","680"
"person:j-chr-korb","person","J. Chr. Korb","Handwerker","","","","","","","","","1","720"
"person:j-chr-pfeiffer","person","J. Chr. Pfeiffer","Gelehrter","","","","","","","","","1","446"
"person:j-christian-strauss","person","J. Christian Strauß","Stifter","","","","","","","","","2","305 528"
"person:j-christoph-hainisch","person","J. Christoph Hainisch","Gelehrter","","","","","","","","","1","697"
"person:j-christoph-klaunig","person","J. Christoph Klaunig","Verbrecher","","","","","","","","","1","475"
"person:j-christoph-koecher","person","J. Christoph Köcher","Gelehrter","","","","","","","","","2","722 789"
"person:j-christoph-mueller","person","J. Christoph Müller","Stifter","","","","","","","","","1","308"
"person:j-donat-v-vittinghof","person","J. Donat v. Vittinghof","Adliger","","","","","","","","","1","484"
"person:j-elis-v-weissenbach","person","J. Elis. v. Weißenbach","Adlige","","","","","","","","","1","535"
"person:j-f-ehrhardt","person","J. F. Ehrhardt","Geistlicher","","","","","","","","","1","614"
"person:j-fr-schueler","person","J. Fr. Schüler","Stifter","","","","","","","","","1","309"
"person:j-fr-v-beust","person","J. Fr. v. Beust","Adliger","","","","","","","","","2","467 468"
"person:j-fr-zenker","person","J. Fr. Zenker","Gutsbesitzer","","","","","","","","","1","613"
"person:j-friedrich-boettcher","person","J. Friedrich Böttcher","Gelehrter","","","","","Q61311","","","","1","591"
"person:j-g-bertsch","person","J. G. Bertsch","Gelehrter","","","","","","","","","1","446"
"person:j-g-faber","person","J. G. Faber","Pfarrer","","","","","","","","","1","777"
"person:j-g-fischer","person","J. G. Fischer","Lehrer","","","","","","","","","1","482"
"person:j-g-kiessling","person","J. G. Kießling","Bürger","","","","","","","","","1","822"
"person:j-g-schlessiger","person","J. G. Schleßiger","Stifter","","","","","","","","","1","551"
"person:j-g-tr-behr","person","J. G. Tr. Behr","Gelehrter","","","","","","","","","1","446"
"person:j-g-v-berger","person","J. G. v. Berger","Schriftsteller","","","","","","","","","1","446"
"person:j-g-volkmar","person","J. G. Volkmar","Gelehrter","","","","","","","","","1","789"
"person:j-g-weissker","person","J. G. Weißker","Kaufmann","","","","","","","","","2","675 677"
"person:j-georg-engelschall","person","J. Georg Engelschall","Stifter","","","","","","","","","1","307"
"person:j-georg-v-solms-baruth","person","J. Georg v. Solms-Baruth","Adliger","","","","","","","","","1","396"
"person:j-gottfr-freitag","person","J. Gottfr. Freitag","Handwerker","","","","","","","","","1","446"
"person:j-gottfr-gladitsch","person","J. Gottfr. Gladitsch","Gutsbesitzer","","","","","","","","","2","549"
"person:j-gottfried-fischer","person","J. Gottfried Fischer","Gelehrter","","","","","","","","","1","482"
"person:j-gottlieb-nuendel","person","J. Gottlieb Nündel","Schriftsteller","","","","","","","","","1","423"
"person:j-grundler","person","J. Grundler","Geistlicher","","","","","","","","","3","584 585"
"person:j-h-koehler","person","J. H. Köhler","Geistlicher","","","","","","","","","1","666"
"person:j-h-leers","person","J. H. Leers","Fabrikant","","","","","","","","","2","550"
"person:j-h-zopf","person","J. H. Zopf","Gelehrter","","","","","","","","","1","446"
"person:j-heinr-rau","person","J. Heinr. Rau","Stifter","","","","","","","","","1","718"
"person:j-hoelzer","person","J. Hölzer","Pfarrer","","","","","","","","","1","797"
"person:j-hoyer","person","J. Hoyer","Pfarrer","","","","","","","","","1","685"
"person:j-jobst-schmidt","person","J. Jobst Schmidt","Geistlicher","","","","","","","","","1","769"
"person:j-k-bretschneider","person","J. K. Bretschneider","Schriftsteller","","","","","","","","","1","447"
"person:j-loehstedt","person","J. Löhstedt","Geistlicher","","","","","","","","","1","603"
"person:j-nic-lenzer","person","J. Nic. Lenzer","Maler","","","","","","","","","1","591"
"person:j-nic-wildt","person","J. Nic. Wildt","Baumeister","","","","","","","","","1","775"
"person:j-nicolaus-niclas","person","J. Nicolaus Niclas","Stifter","","","","","","","","","4","673 674"
"person:j-paul-porst","person","J. Paul Porst","Gutsbesitzer","","","","","","","","","1","595"
"person:j-pucklitz","person","J. Pucklitz","Geistlicher","","","","","","","","","1","603"
"person:j-seidel","person","J. Seidel","Handwerker","","","","","","","","","1","784"
"person:j-w-cramer","person","J. W. Cramer","Gutsbesitzer","","","","","","","","","1","456"
"person:j-zach-h-hahn","person","J. Zach. H. Hahn","Gelehrter","","","","","","","","","1","446"
"person:jac-aug-danz","person","Jac. Aug. Danz","Geistlicher","","","","","","","","","1","752"
"person:jac-henning","person","Jac. Henning","Geistlicher","","","","","","","","","2","434"
"person:jac-meyer","person","Jac. Meyer","Adliger","","","","","","","","","1","745"
"person:jac-wolfart","person","Jac. Wolfart","Geistlicher","","","","","","","","","1","603"
"person:jacob","person","Jacob","Heiliger","","","","","","","","","1","611"
"person:jacob-fatsch-faust","person","Jacob Fatsch (Faust)","Pfarrer","","","","","","","","","4","538"
"person:jacob-heinke","person","Jacob Heinke","Gutsbesitzer","","","","","","","","","2","221 533"
"person:jacob-reuter","person","Jacob Reuter","Bürger","","","","","","","","","1","784"
"person:jacob-v-etzdorf","person","Jacob v. Etzdorf","Adliger","","","","","","","","","1","559"
"person:jacob-von-groitschen","person","Jacob von Groitschen","Bürger","","","","","","","","","1","543"
"person:jacob-ziegler","person","Jacob Ziegler","Geistlicher","","","","","","","","","2","474 624"
"person:jacobus-d-j","person","Jacobus d. j.","Heiliger","","","","","","","","","1","136"
"person:jahn","person","Jahn","Lehrer","","","","","","","","","6","VI 299 538 667 837"
"person:jakob-wimpfeling","person","Jakob Wimpfeling","Gelehrter","","","","","Q71848","","","","1","349"
"person:jan-v-sparnberg","person","Jan. v. Sparnberg","Adliger","","","","","","","","","4","792 795 798 806"
"person:jaroslaw-v-schellenberg","person","Jaroslaw v. Schellenberg","Adliger","","","","","","","","","1","364"
"person:jentzsch-kaempfe","person","Jentzsch-Kämpfe","Pfarrer","","","","","","","","","1","523"
"person:jer-harsdoerfer","person","Jer. Harsdörfer","","","","","","","","","","1","243"
"person:jer-schoen","person","Jer. Schön","","","","","","","","","","1","243"
"person:jer-v-oberweimar","person","Jer. v. Oberweimar","Adliger","","","","","","","","","1","745"
"person:jeremias-sehen","person","Jeremias Sehen","Bürger","","","","","","","","","1","779"
"person:jeschke-von-dohna","person","Jeschke von Dohna","Adliger","","","","","","","","","2","338 341"
"person:joach-kolbe","person","Joach. Kolbe","Stifter","","","","","","","","","1","307"
"person:joachim","person","Joachim","Kurfürst","","","","","","","","","1","340"
"person:joachim-v-gleichen","person","Joachim v. Gleichen","Adliger","","","","","","","","","1","372"
"person:joachim-v-kospod","person","Joachim v. Kospod","Adliger","","","","","","","","","1","657"
"person:jobst-goerisch","person","Jobst Görisch","Bürger","","","","","","","","","2","464 465"
"person:jobst-heinrich-von-watzdorf-auf-koestritz","person","Jobst Heinrich von Watzdorf (auf Köstritz)","Gutsbesitzer","","","","","","","","","1","495"
"person:jobst-v-drachdorf","person","Jobst v. Drachdorf","Adliger","","","","","","","","","1","756"
"person:jobst-v-kaufungen","person","Jobst v. Kaufungen","Adliger","","","","","","","","","2","625 626"
"person:jobst-v-kospod","person","Jobst v. Kospod","Adliger","","","","","","","","","1","692"
"person:jobst-v-magwitz","person","Jobst v. Magwitz","Adliger","","","","","","","","","2","625 626"
"person:jobst-von-barby","person","Jobst von Barby","Adliger","","","","","","","","","2","364 577"
"person:joch","person","Joch","Subskribent","","","","","","","","","1","837"
"person:jodocus-dobell","person","Jodocus Dobell","Pfarrer","","","","","","","","","4","497"
"person:jodocus-eckner","person","Jodocus Eckner","Pfarrer","","","","","","","","","1","696"
"person:joh-alt","person","Joh. Alt","Buchhändler","","","","","","","","","1","835"
"person:joh-aug-v-sachsen-gotha","person","Joh. Aug. v. Sachsen-Gotha","Prinz","","","","","","","","","1","395"
"person:joh-auguste","person","Joh. Auguste","","","","","","","","","","1","396"
"person:joh-brendel","person","Joh. Brendel","Geistlicher","","","","","","","","","1","446"
"person:joh-brueckner","person","Joh. Brückner","Pfarrer","","","","","","","","","1","764"
"person:joh-charlotte","person","Joh. Charlotte","Prinzessin","","","","","","","","","1","401"
"person:joh-christian-fuerst-v-solms-baruth","person","Joh. Christian Fürst v. Solms-Baruth","Adliger","","","","","","","","","2","398"
"person:joh-christiane-richter","person","Joh. Christiane Richter","Stifterin","","","","","","","","","1","305"
"person:joh-dorothea-v-tattenbach","person","Joh. Dorothea v. Tattenbach","Gemahlin","","","","","","","","","1","395"
"person:joh-elise-emilie","person","Joh. Elise Emilie","Prinzessin","","","","","","","","","1","398"
"person:joh-elsner","person","Joh. Elsner","Pfarrer","","","","","","","","","1","459"
"person:joh-fr-schulze","person","Joh. Fr. Schulze","Stifter","","","","","","","","","1","718"
"person:joh-friedr-hauschild","person","Joh. Friedr. Hauschild","Schriftsteller","","","","","","","","","1","641"
"person:joh-friedr-heumann-1676-1728","person","Joh. Friedr. Heumann (1676–1728)","Geistlicher","","","","","","","","","2","722 723"
"person:joh-friedr-spangenberg","person","Joh. Friedr. Spangenberg","Beamter","","","","","","","","","1","818"
"person:joh-friedrich-heumann-geb-1708","person","Joh. Friedrich Heumann (geb. 1708)","Geistlicher","","","","","","","","","1","723"
"person:joh-georg-carl","person","Joh. Georg Carl","Bürger","","","","","","","","","1","689"
"person:joh-gottfr-orth","person","Joh. Gottfr. Orth","Geistlicher","","","","","","","","","1","487"
"person:joh-gottl-waldin","person","Joh. Gottl. Waldin","Gelehrter","","","","","","","","","1","447"
"person:joh-grau","person","Joh. Grau","Pfarrer","","","","","","","","","1","476"
"person:joh-heinr-dick","person","Joh. Heinr. Dick","Gutsbesitzer","","","","","","","","","1","223"
"person:joh-heinr-heynisch","person","Joh. Heinr. Heynisch","Gutsbesitzer","","","","","","","","","1","221"
"person:joh-kellner","person","Joh. Kellner","Geistlicher","","","","","","","","","1","584"
"person:joh-kirmess","person","Joh. Kirmeß","Geistlicher","","","","","","","","","1","434"
"person:joh-leutholdt","person","Joh. Leutholdt","Geistlicher","","","","","","","","","2","584 585"
"person:joh-lobeck","person","Joh. Lobeck","Gelehrter","","","","","","","","","1","722"
"person:joh-margarethe","person","Joh. Margarethe","Prinzessin","","","","","","","","","1","401"
"person:joh-paul-schlick","person","Joh. Paul Schlick","Gutsbesitzer","","","","","","","","","2","223 452"
"person:joh-schaub","person","Joh. Schaub","Adliger","","","","","","","","","1","643"
"person:joh-stockelmann","person","Joh. Stockelmann","Stifter","","","","","","","","","2","305 446"
"person:joh-temler","person","Joh. Temler","Pfarrer","","","","","","","","","1","597"
"person:joh-v-berg","person","Joh. v. Berg","Adliger","","","","","","","","","1","799"
"person:joh-v-kospod","person","Joh. v. Kospod","Adliger","","","","","","","","","1","595"
"person:joh-volkmar","person","Joh. Volkmar","Geistlicher","","","","","","","","","1","666"
"person:joh-von-schellenberg","person","Joh. von Schellenberg","Adliger","","","","","","","","","1","360"
"person:joh-wilhelm","person","Joh. Wilhelm","Herzog","","","","","","","","","1","374"
"person:johann","person","Johann","Adliger","","","","","","","","","3","339 343 537"
"person:johann-albert","person","Johann Albert","Beamter","","","","","","","","","2","718 722"
"person:johann-beyer","person","Johann Beyer","Pfarrer","","","","","","","","","1","522"
"person:johann-bleidner","person","Johann Bleidner","Pfarrer","","","","","","","","","1","616"
"person:johann-christoph-v-raabe","person","Johann Christoph v. Raabe","Adliger","","","","","","","","","1","566"
"person:johann-fischer","person","Johann Fischer","Pfarrer","","","","","","","","","3","716 746 751"
"person:johann-friedrich-d-m-von-gotha","person","Johann Friedrich d. m. von Gotha","Herzog","","","","","Q563316","","","","5","362 373 374"
"person:johann-friedrich-der-grossmuethige","person","Johann Friedrich der Großmüthige","Kurfürst","","","","","Q506182","","","","2","373 389"
"person:johann-grosse","person","Johann Große","Gelehrter","","","","","","","","","2","445 610"
"person:johann-heinrich-behr","person","Johann Heinrich Behr","Gelehrter, Baumeister","","","","","Q1694348","","","","1","591"
"person:johann-heinrich-born","person","Johann Heinrich Born","Geistlicher","","","","","","","","","1","308"
"person:johann-heinrich-muench","person","Johann Heinrich Münch","Gutsbesitzer","","","","","","","","","1","796"
"person:johann-heinrich-scherber","person","Johann Heinrich Scherber","Geistlicher","","","","","","","","","1","825"
"person:johann-heinrich-von-schwarzburg-leutenberg-graf","person","Johann Heinrich von Schwarzburg-Leutenberg (Graf)","Graf","","","","","","","","","2","340 341"
"person:johann-heubscher","person","Johann Heubscher","Geistlicher","","","","","","","","","2","666 671"
"person:johann-jakob-moser","person","Johann Jakob Moser","Staatsmann","","","","","Q67139","","","","3","381 738"
"person:johann-koerner","person","Johann Körner","Pfarrer","","","","","","","","","1","614"
"person:johann-pussel","person","Johann Pussel","Pfarrer","","","","","","","","","1","762"
"person:johann-schefer","person","Johann Schefer","Geistlicher","","","","","","","","","1","716"
"person:johann-sergel","person","Johann Sergel","Geistlicher","","","","","","","","","1","333"
"person:johann-tetzel","person","Johann Tetzel","Geistlicher","","","","","Q76873","","","","3","199 431 612"
"person:johann-tribicher","person","Johann Tribicher","Geistlicher","","","","","","","","","1","679"
"person:johann-v-magwitz","person","Johann v. Magwitz","Geistlicher","","","","","","","","","1","638"
"person:johann-von-baireuth","person","Johann von Baireuth","Adliger","","","","","","","","","1","339"
"person:johann-von-boehmen","person","Johann von Böhmen","König","","","","","Q155167","","","","1","336"
"person:johann-von-wertheim","person","Johann von Wertheim","Adliger","","","","","","","","","1","346"
"person:johann-zu-rhein","person","Johann zu Rhein","Adliger","","","","","","","","","1","359"
"person:johanne","person","Johanne","Prinzessin","","","","","","","","","2","399 400"
"person:johanne-dorothea","person","Johanne Dorothea","Prinzessin","","","","","","","","","1","397"
"person:johanne-emilie-auguste","person","Johanne Emilie Auguste","Prinzessin","","","","","","","","","2","395 581"
"person:johannes-papst","person","Johannes (Papst)","Papst","","","","","","","","","1","322"
"person:johannes-beyer-diaconus","person","Johannes Beyer (Diaconus)","Geistlicher","","","","","","","","","1","652"
"person:johannes-der-taeufer","person","Johannes der Täufer","Heiliger","","","","","Q40662","","","","2","462 697"
"person:johannes-episcopus-missenensis","person","Johannes Episcopus Missenensis","Bischof","","","","","","","","","1","623"
"person:johannes-fugemann","person","Johannes Fugemann","Geistlicher","","","","","","","","","1","671"
"person:johannes-goetze","person","Johannes Götze","Geistlicher","","","","","","","","","1","671"
"person:johannes-hoffmann","person","Johannes Hoffmann","Pfarrer","","","","","","","","","1","502"
"person:johannes-hus","person","Johannes Hus","Reformator","","","","","Q43977","","","","1","357"
"person:johannes-obsser","person","Johannes Obßer","Pfarrer","","","","","","","","","1","797"
"person:johannes-piskar","person","Johannes Piskar","Gelehrter","","","","","","","","","2","511 515"
"person:johannes-sorgel","person","Johannes Sorgel","Geistlicher","","","","","","","","","1","698"
"person:johannes-straubinger","person","Johannes Straubinger","Pfarrer","","","","","","","","","1","607"
"person:johannes-tschechner","person","Johannes Tschechner","Pfarrer","","","","","","","","","1","610"
"person:johannes-von-gera","person","Johannes von Gera","Adliger","","","","","","","","","1","443"
"person:johannes-von-rom","person","Johannes von Rom","Geistlicher","","","","","","","","","1","602"
"person:john-locke","person","John Locke","Militär","","","","","","","","","1","496"
"person:jorg-v-tepen","person","Jorg v. Tepen","Adliger","","","","","","","","","1","664"
"person:joseph","person","Joseph","Biblische Gestalt","","","","","","","","","2","192 383"
"person:joseph-ii","person","Joseph II.","Kaiser","","","","","Q76555","","","","3","391 482 641"
"person:joseph-kuehna","person","Joseph Kühna","Pfarrer","","","","","","","","","1","652"
"person:joseph-v-wolframsdorf","person","Joseph v. Wolframsdorf","Adliger","","","","","","","","","2","492 494"
"person:judith-eva","person","Judith Eva","Prinzessin","","","","","","","","","1","400"
"person:judith-v-oettingen","person","Judith v. Oettingen","Gemahlin","","","","","","","","","1","400"
"person:jul-bindewald","person","Jul. Bindewald","Subskribent","","","","","","","","","1","836"
"person:jul-marie","person","Jul. Marie","Prinzessin","","","","","","","","","1","394"
"person:jul-schmidt","person","Jul. Schmidt","Gelehrter","","","","","","","","","1","54"
"person:jul-tauber","person","Jul. Tauber","Subskribent","","","","","","","","","1","839"
"person:juliane-dorothea","person","Juliane Dorothea","Prinzessin","","","","","","","","","1","394"
"person:juliane-dorothea-louise-v-loewenstein-virneburg","person","Juliane Dorothea Louise v. Löwenstein-Virneburg","Gemahlin","","","","","","","","","2","395 581"
"person:juliane-elise-rheingraefin-zu-neufville","person","Juliane Elise Rheingräfin zu Neufville","Gemahlin","","","","","","","","","2","395 401"
"person:juliane-rebecca-v-tattenbach","person","Juliane Rebecca v. Tattenbach","Gemahlin","","","","","","","","","1","396"
"person:julie-amalie-hartenstein","person","Julie Amalie Hartenstein","Gutsbesitzer","","","","","","","","","2","223 798"
"person:julius-froebel","person","Julius Fröbel","Politiker","","","","","Q87884","","","","1","379"
"person:julius-sturm","person","Julius Sturm","Pfarrer","","","","","Q78269","","","","4","VI 497 499"
"person:julius-v-wolframsdorf","person","Julius v. Wolframsdorf","Adliger","","","","","","","","","1","528"
"person:junge","person","Junge","Gutsbesitzer","","","","","","","","","1","473"
"person:justine-eleonore-sophie-v-giech-thurnau","person","Justine Eleonore Sophie v. Giech-Thurnau","Gemahlin","","","","","","","","","1","394"
"person:justine-kahnt","person","Justine Kahnt","Gutsbesitzer","","","","","","","","","1","221"
"person:justine-v-watteville","person","Justine v. Watteville","Gemahlin","","","","","","","","","1","398"
"person:jutta","person","Jutta","Gemahlin","","","","","","","","","11","198 322 330 331 339 341 346 352 456"
"person:jutta-v-waldeck-eisenberg","person","Jutta v. Waldeck-Eisenberg","Gemahlin","","","","","","","","","1","372"
"person:jutta-von-weida","person","Jutta von Weida","Nonne","","","","","","","","","1","346"
"person:k-buschendorf","person","K. Buschendorf","Pfarrer","","","","","","","","","1","516"
"person:k-georg-neumann","person","K. Georg Neumann","Arzt","","","","","","","","","1","446"
"person:k-pfab","person","K. Pfab","Handwerker","","","","","","","","","1","677"
"person:k-r-mueller","person","K. R. Müller","Naturforscher","","","","","","","","","1","60"
"person:k-w-scharre","person","K. W. Scharre","Geistlicher","","","","","","","","","1","666"
"person:kahnt","person","Kahnt","Familie","","","","","","","","","1","551"
"person:kaiser-conrad","person","Kaiser Conrad","König","","","","","","","","","1","329"
"person:kaiser-karl-iv","person","Kaiser Karl IV.","Kaiser","","","","","Q155669","","","","4","337 356 710 809"
"person:kaiser-karl-v","person","Kaiser Karl V.","Kaiser","","","","","Q32500","","","","5","282 323 351 360 710"
"person:kaiser-karl-vi","person","Kaiser Karl VI.","Kaiser","","","","","Q150665","","","","1","495"
"person:kaiser-lothar","person","Kaiser Lothar","Kaiser","","","","","Q77189","","","","2","198 329"
"person:kaiser-wenzel","person","Kaiser Wenzel","König","","","","","","","","","2","710 816"
"person:kandler","person","Kandler","Geistlicher","","","","","","","","","1","666"
"person:karl","person","Karl","Kaiser","","","","","","","","","3","198 314 367"
"person:karl-aug-v-brandenstein","person","Karl Aug. v. Brandenstein","Adliger","","","","","","","","","1","223"
"person:karl-august-thomas","person","Karl August Thomas","Gutsbesitzer","","","","","","","","","2","223 794"
"person:karl-chr-gottl-sturm","person","Karl Chr. Gottl. Sturm","Gelehrter","","","","","","","","","1","641"
"person:karl-der-grosse","person","Karl der Große","Kaiser","","","","","Q3044","","","","3","314 494 667"
"person:karl-ernst-kratzsch","person","Karl Ernst Kratzsch","Gutsbesitzer","","","","","","","","","1","221"
"person:karl-friedrich-winter","person","Karl Friedrich Winter","Bürger","","","","","","","","","1","497"
"person:karl-g-l-schottin","person","Karl G. L. Schottin","Arzt","","","","","","","","","2","496 499"
"person:karl-gebhardt","person","Karl Gebhardt","Pfarrer","","","","","","","","","1","788"
"person:karl-guenther-v-schauroth","person","Karl Günther v. Schauroth","Adliger","","","","","","","","","1","547"
"person:karl-heinrich-spangenberg","person","Karl Heinrich Spangenberg","Gutsbesitzer","","","","","","","","","2","223 456"
"person:karl-v-draxdorf","person","Karl v. Draxdorf","Adliger","","","","","","","","","3","730 731 792"
"person:karl-v-metsch","person","Karl v. Metsch","Adliger","","","","","","","","","1","518"
"person:karl-v-reizenstein","person","Karl v. Reizenstein","Historiker","","","","","","","","","2","223 330"
"person:karoline-aug-louise","person","Karoline Aug. Louise","Prinzessin","","","","","","","","","1","734"
"person:karsten","person","Karsten","Fabrikant","","","","","","","","","1","815"
"person:kaspar-christoph","person","Kaspar Christoph","Adliger","","","","","","","","","1","787"
"person:kaspar-rehm","person","Kaspar Rehm","Geistlicher","","","","","","","","","1","797"
"person:kaspar-v-thoss","person","Kaspar v. Thoß","Adliger","","","","","","","","","1","632"
"person:kaspar-v-watzdorf","person","Kaspar v. Watzdorf","Adliger","","","","","","","","","1","761"
"person:kaspar-von-schoenburg-glauchau-penig","person","Kaspar von Schönburg-Glauchau-Penig","Adliger","","","","","","","","","1","400"
"person:kath-elisie-v-schwarzburg","person","Kath. Elisie v. Schwarzburg","Gemahlin","","","","","","","","","1","394"
"person:katharina","person","Katharina","Prinzessin","","","","","","","","","15","136 338 341 349 350 364 370 372 394 631"
"person:katharina-margar","person","Katharina Margar.","Prinzessin","","","","","","","","","1","400"
"person:katharina-v-gera","person","Katharina v. Gera","Gemahlin","","","","","","","","","1","372"
"person:katharina-von-brandenburg-ansbach","person","Katharina von Brandenburg-Ansbach","Gemahlin","","","","","","","","","2","362 364"
"person:katharina-von-braunschweig-lueneburg-gifhorn","person","Katharina von Braunschweig-Lüneburg-Gifhorn","Gemahlin","","","","","","","","","2","363 364"
"person:katharina-von-gleichen","person","Katharina von Gleichen","Gemahlin","","","","","","","","","2","370 372"
"person:katharina-von-riesenburg","person","Katharina von Riesenburg","Gemahlin","","","","","","","","","2","355 364"
"person:katharina-von-schoenburg","person","Katharina von Schönburg","Gemahlin","","","","","","","","","2","338 341"
"person:keilhack","person","Keilhack","Stifter","","","","","","","","","1","308"
"person:kilian","person","Kilian","Heiliger","","","","","","","","","1","553"
"person:kilian-bornig","person","Kilian Bornig","Pfarrer","","","","","","","","","1","468"
"person:klinge","person","Klinge","Subskribent","","","","","","","","","1","837"
"person:knecht-rupprecht-hans-rupprich","person","Knecht Rupprecht (Hans Rupprich)","Sagengestalt","","","","","","","","","2","191"
"person:knoch-familie","person","Knoch (Familie)","Familie","","","","","","","","","1","694"
"person:knorre","person","Knorre","Stifterin","","","","","","","","","1","551"
"person:kober","person","Kober","Subskribent","","","","","","","","","1","837"
"person:koch","person","Koch","Fabrikant","","","","","","","","","1","815"
"person:koehler","person","Köhler","Schriftsteller","","","","","","","","","1","196"
"person:konrad-paepstlicher-gesandter","person","Konrad (päpstlicher Gesandter)","Päpstlicher Gesandter","","","","","","","","","1","443"
"person:korbinian-hendel","person","Korbinian Hendel","Geistlicher","","","","","","","","","2","295 361"
"person:kraft","person","Kraft","Pfarrer","","","","","","","","","2","476"
"person:kraegel","person","Krägel","Lehrer","","","","","","","","","1","752"
"person:kratzsch","person","Kratzsch","Gutsbesitzer","","","","","","","","","2","474 837"
"person:krauss","person","Krauß","Stifter","","","","","","","","","1","308"
"person:kresse","person","Kresse","Sagengestalt","","","","","","","","","4","199 204 646"
"person:krieg-v-ekdorf","person","Krieg v. Ekdorf","Adliger","","","","","","","","","1","522"
"person:krippendorf","person","Krippendorf","Jurist","","","","","","","","","1","447"
"person:kroetsch","person","Krötsch","Gutsbesitzer","","","","","","","","","1","450"
"person:kuechler","person","Küchler","Beamter","","","","","","","","","1","584"
"person:kuehn","person","Kühn","Kaufmann","","","","","","","","","2","690 837"
"person:kuehnemann","person","Kühnemann","","","","","","","","","","1","739"
"person:kunigunde","person","Kunigunde","Prinzessin","","","","","","","","","5","354 370 372 788"
"person:kunigunde-v-eberstein","person","Kunigunde v. Eberstein","Gemahlin","","","","","","","","","1","364"
"person:kunz-v-zettwitz","person","Kunz v. Zettwitz","Adliger","","","","","","","","","1","810"
"person:kunz-von-kaufungen","person","Kunz von Kaufungen","Adliger","","","","","Q89198","","","","1","444"
"person:kurfuerst-joachim-von-brandenburg","person","Kurfürst Joachim von Brandenburg","Kurfürst","","","","","","","","","1","249"
"person:l-prager","person","L. Prager","Geistlicher","","","","","","","","","1","497"
"person:l-v-eye","person","L. v. Eye","Subskribent","","","","","","","","","1","836"
"person:l-w-huschky","person","L. W. Huschky","Bürger","","","","","","","","","1","497"
"person:landenberger","person","Landenberger","Handwerker","","","","","","","","","1","770"
"person:langguth","person","Langguth","Geistlicher","","","","","","","","","1","295"
"person:laetsch","person","Lätsch","Subskribent","","","","","","","","","1","837"
"person:laur-schneider","person","Laur. Schneider","Pfarrer","","","","","","","","","1","746"
"person:laurentius","person","Laurentius","Heiliger","","","","","","","","","1","136"
"person:lavater","person","Lavater","Schriftsteller","","","","","Q123918","","","","1","495"
"person:lebr-tob-heubler","person","Lebr. Tob. Heubler","Gutsbesitzer","","","","","","","","","1","452"
"person:lebrecht-mietsch","person","Lebrecht Mietsch","Gutsbesitzer","","","","","","","","","1","547"
"person:lefebre","person","Lefèbre","","","","","","","","","","2","739"
"person:lehmann","person","Lehmann","Gutsbesitzer","","","","","","","","","1","546"
"person:leidenfrost","person","Leidenfrost","Stifter","","","","","","","","","1","308"
"person:lenz","person","Lenz","Stifter","","","","","","","","","1","306"
"person:leopold","person","Leopold","Verbrecher","","","","","","","","","1","723"
"person:leopold-i","person","Leopold I.","Kaiser","","","","","Q150494","","","","1","377"
"person:leopold-ii","person","Leopold II.","Kaiser","","","","","Q151321","","","","1","381"
"person:lerchner","person","Lerchner","Subskribent","","","","","","","","","1","837"
"person:leupold-von-gera","person","Leupold von Gera","Adliger","","","","","","","","","1","443"
"person:liebe","person","Liebe","Naturforscher","","","","","Q123167","","","","6","VI 24 88 447 499"
"person:limmer","person","Limmer","Historiker","","","","","","","","","4","324 447 456 459"
"person:lindig","person","Lindig","Stifter","","","","","","","","","1","308"
"person:list","person","List","Subskribent","","","","","","","","","1","837"
"person:loedel","person","Lödel","Geistlicher","","","","","","","","","1","687"
"person:lola","person","Lola","","","","","","","","","","1","739"
"person:lopaeus","person","Lopäus","Geistlicher","","","","","","","","","1","625"
"person:lor-liebold","person","Lor. Liebold","Geistlicher","","","","","","","","","1","474"
"person:lor-schneider","person","Lor. Schneider","Geistlicher","","","","","","","","","1","717"
"person:lorenz-schmidt","person","Lorenz Schmidt","Pfarrer","","","","","","","","","1","621"
"person:lorey","person","Lorey","","","","","","","","","","1","VI"
"person:louis-hion","person","Louis Hion","Subskribent","","","","","","","","","1","837"
"person:louise","person","Louise","Prinzessin","","","","","","","","","8","395 397 398 399 401 497 581 633"
"person:louise-benigne-max","person","Louise Benigne Max.","Prinzessin","","","","","","","","","1","398"
"person:louise-christiane","person","Louise Christiane","Prinzessin","","","","","","","","","5","394 425 426 495 515"
"person:louise-graefin-v-stolberg-wernigerode","person","Louise Gräfin v. Stolberg-Wernigerode","Gemahlin","","","","","","","","","1","398"
"person:louise-henriette","person","Louise Henriette","Prinzessin","","","","","","","","","1","402"
"person:louise-henriette-v-hoym","person","Louise Henriette v. Hoym","Gemahlin","","","","","","","","","2","382 397"
"person:louise-v-reuss-greiz","person","Louise v. Reuß-Greiz","Gemahlin","","","","","","","","","1","399"
"person:louise-wilhelm","person","Louise Wilhelm","","","","","","","","","","1","396"
"person:luboldt","person","Luboldt","Subskribent","","","","","","","","","1","837"
"person:luckard","person","Luckard","Gemahlin","","","","","","","","","6","342 345 356 576"
"person:luckard-v-n","person","Luckard v. N.","Gemahlin","","","","","","","","","1","364"
"person:luckard-von-lobdaburg-arnshaugk-pausa","person","Luckard von Lobdaburg-Arnshaugk-Pausa","Gemahlin","","","","","","","","","2","352 576"
"person:ludmilla-von-lobkowitz-und-hassenstein","person","Ludmilla von Lobkowitz und Hassenstein","Gemahlin","","","","","","","","","2","351 352"
"person:ludolph-luph-von-betzdorf","person","Ludolph (Luph) von Betzdorf","","","","","","","","","","1","536"
"person:ludw-friedemann","person","Ludw. Friedemann","Geistlicher","","","","","","","","","2","584 585"
"person:ludwig","person","Ludwig","Adliger","","","","","","","","","18","242 314 321 327 336 337 344 355 356 365 366 367 838"
"person:ludwig-carl-v-schroutenbach-lindheim","person","Ludwig Carl v. Schroutenbach-Lindheim","Adliger","","","","","","","","","1","397"
"person:ludwig-der-bayer","person","Ludwig der Bayer","Kaiser","","","","","Q57161","","","","8","198 242 271 327 343 365 721"
"person:ludwig-der-deutsche","person","Ludwig der Deutsche","König","","","","","Q152463","","","","2","315 316"
"person:ludwig-guenther-von-schwarzburg-rudolstadt","person","Ludwig Günther von Schwarzburg-Rudolstadt","Adliger","","","","","","","","","1","402"
"person:ludwig-julius-preller","person","Ludwig Julius Preller","Gutsbesitzer","","","","","","","","","2","223 473"
"person:ludwig-mueller","person","Ludwig Müller","Naturforscher","","","","","","","","","1","61"
"person:ludwig-symacz-von-kunstadt","person","Ludwig Symacz von Kunstadt","Adliger","","","","","","","","","1","370"
"person:ludwig-v-haigt","person","Ludwig v. Haigt","Adliger","","","","","","","","","1","398"
"person:ludwig-von-erlichshausen","person","Ludwig von Erlichshausen","Hochmeister","","","","","Q684194","","","","1","369"
"person:ludwig-von-gleichen","person","Ludwig von Gleichen","Adliger","","","","","","","","","3","347 370 372"
"person:ludwig-von-hessen","person","Ludwig von Hessen","Landgraf","","","","","","","","","1","348"
"person:luitgard-v-stolberg-wernigerode","person","Luitgard v. Stolberg-Wernigerode","Gemahlin","","","","","","","","","1","399"
"person:lukard","person","Lukard","Gemahlin","","","","","","","","","1","352"
"person:luph-von-gera","person","Luph von Gera","Adliger","","","","","","","","","2","443 536"
"person:lutard","person","Lutard","Prinzessin","","","","","","","","","1","372"
"person:lutrada-luitgard-von-hohnstein","person","Lutrada (Luitgard) von Hohnstein","Gemahlin","","","","","","","","","5","346 348 352"
"person:m-chr-fr-ludwig","person","M. Chr. Fr. Ludwig","Gelehrter","","","","","","","","","1","447"
"person:m-el-scharlach","person","M. El. Scharlach","Geistlicher","","","","","","","","","1","446"
"person:m-fr-w-sturz","person","M. Fr. W. Sturz","Stifter","","","","","","","","","1","307"
"person:m-gottfried-bergner","person","M. Gottfried Bergner","Gelehrter","","","","","","","","","3","305 511 515"
"person:m-h-a-andreae","person","M. H. A. Andreä","Geistlicher","","","","","","","","","1","769"
"person:m-j-avenarius","person","M. J. Avenarius","Gelehrter","","","","","","","","","1","446"
"person:m-j-caspar-zopf","person","M. J. Caspar Zopf","Geistlicher","","","","","","","","","2","446 722"
"person:m-j-gabr-hartung","person","M. J. Gabr. Hartung","Geistlicher","","","","","","","","","1","307"
"person:m-j-jac-kettner","person","M. J. Jac. Kettner","Schriftsteller","","","","","","","","","1","591"
"person:m-j-kindhans","person","M. J. Kindhans","Geistlicher","","","","","","","","","1","434"
"person:m-j-wolf","person","M. J. Wolf","Geistlicher","","","","","","","","","1","722"
"person:m-joh-junghans","person","M. Joh. Junghans","Pfarrer","","","","","","","","","1","499"
"person:m-joh-pfeifer","person","M. Joh. Pfeifer","Geistlicher","","","","","","","","","1","722"
"person:m-joh-volkmar","person","M. Joh. Volkmar","Gelehrter","","","","","","","","","1","722"
"person:m-martin-faber","person","M. Martin Faber","Geistlicher","","","","","","","","","1","446"
"person:m-traug-lebr-kaempfe","person","M. Traug. Lebr. Kämpfe","Geistlicher","","","","","","","","","1","446"
"person:m-wolfg-g-fende","person","M. Wolfg. G. Fende","Stifter","","","","","","","","","1","307"
"person:maass","person","Maaß","Stifterin","","","","","","","","","1","718"
"person:macher","person","Macher","Gelehrter","","","","","","","","","1","447"
"person:mackroth","person","Mackroth","Geistlicher","","","","","","","","","1","476"
"person:macon","person","Macon","","","","","","","","","","1","739"
"person:mad-schenk","person","Mad. Schenk","Gutsbesitzer","","","","","","","","","1","452"
"person:magd-juliane","person","Magd. Juliane","Prinzessin","","","","","","","","","1","395"
"person:magdal-christ","person","Magdal. Christ.","Prinzessin","","","","","","","","","1","401"
"person:magdalena","person","Magdalena","Prinzessin","","","","","","","","","9","136 351 352 370 372 400 553"
"person:magdalena-sibille","person","Magdalena Sibille","Prinzessin","","","","","","","","","1","394"
"person:magdalena-v-schwarzburg-rudolstadt","person","Magdalena v. Schwarzburg-Rudolstadt","Gemahlin","","","","","","","","","1","394"
"person:magdalena-von-hohenlohe","person","Magdalena von Hohenlohe","Gemahlin","","","","","","","","","1","394"
"person:magdalena-von-schwarzenberg","person","Magdalena von Schwarzenberg","Gemahlin","","","","","","","","","2","370 372"
"person:magdalene-carol","person","Magdalene Carol.","Prinzessin","","","","","","","","","1","399"
"person:magdalene-dorothea","person","Magdalene Dorothea","Prinzessin","","","","","","","","","1","396"
"person:magdalene-juliane","person","Magdalene Juliane","Prinzessin","","","","","","","","","1","395"
"person:magdalene-v-heubsch","person","Magdalene v. Heubsch","Nonne","","","","","","","","","1","670"
"person:magdalene-v-putbus","person","Magdalene v. Putbus","Gemahlin","","","","","","","","","1","400"
"person:majer","person","Majer","Historiker","","","","","","","","","1","324"
"person:maelzer","person","Mälzer","Beamter","","","","","","","","","1","450"
"person:mamertus","person","Mamertus","Heiliger","","","","","","","","","1","68"
"person:maret","person","Maret","","","","","","","","","","1","739"
"person:margaretha","person","Margaretha","Prinzessin","","","","","","","","","15","136 340 341 346 352 359 364 370 372"
"person:margaretha-v-schwarzburg-leutenberg","person","Margaretha v. Schwarzburg-Leutenberg","Gemahlin","","","","","","","","","2","351 352"
"person:margaretha-v-seeberg","person","Margaretha v. Seeberg","Gemahlin","","","","","","","","","2","356 364"
"person:margaretha-von-schoenburg","person","Margaretha von Schönburg","Gemahlin","","","","","","","","","2","358 364"
"person:margarethe","person","Margarethe","Prinzessin","","","","","","","","","3","349 399"
"person:margarethe-sophie","person","Margarethe Sophie","Prinzessin","","","","","","","","","1","401"
"person:margarethe-v-wertheim","person","Margarethe v. Wertheim","Gemahlin","","","","","","","","","1","352"
"person:margarethe-v-zedwitz","person","Margarethe v. Zedwitz","Nonne","","","","","","","","","1","670"
"person:margarethe-von-mansfeld","person","Margarethe von Mansfeld","Gemahlin","","","","","","","","","3","340 341 352"
"person:margarethe-von-mynicz","person","Margarethe von Mynicz","Gemahlin","","","","","","","","","1","351"
"person:maria","person","Maria","Heiliger","","","","","Q345","","","","3","176 192 553"
"person:maria-bauer","person","Maria Bauer","Stifterin","","","","","","","","","1","309"
"person:maria-carol-adelheid","person","Maria Carol. Adelheid","Prinzessin","","","","","","","","","1","395"
"person:maria-cath-von-schwarzburg","person","Maria Cath. von Schwarzburg","Adlige","","","","","","","","","1","438"
"person:maria-magdalena","person","Maria Magdalena","Heiliger","","","","","Q63070","","","","3","176 396 486"
"person:maria-schluessel","person","Maria Schlüssel","Lehrer","","","","","","","","","1","718"
"person:marianne-meyer","person","Marianne Meyer","Gemahlin","","","","","","","","","1","401"
"person:marie","person","Marie","Prinzessin","","","","","","","","","5","186 364 399 400"
"person:marie-agnes","person","Marie Agnes","Prinzessin","","","","","","","","","1","402"
"person:marie-albertine","person","Marie Albertine","Prinzessin","","","","","","","","","1","396"
"person:marie-auguste","person","Marie Auguste","Prinzessin","","","","","","","","","2","396 401"
"person:marie-christiane-v-leiningen-wester-burg","person","Marie Christiane v. Leiningen-Wester-burg","","","","","","","","","","1","396"
"person:marie-christiane-v-leiningen-westerburg","person","Marie Christiane v. Leiningen-Westerburg","Gemahlin","","","","","","","","","2","396 715"
"person:marie-eleonore-emilie-v-promnitz-dittersbach","person","Marie Eleonore Emilie v. Promnitz-Dittersbach","Gemahlin","","","","","","","","","3","395 398 495"
"person:marie-elise-v-reuss-ebers-dorf","person","Marie Elise v. Reuß-Ebers-dorf","","","","","","","","","","1","396"
"person:marie-elise-v-reuss-ebersdorf","person","Marie Elise v. Reuß-Ebersdorf","Gemahlin","","","","","","","","","1","397"
"person:marie-jul","person","Marie Jul.","Prinzessin","","","","","","","","","1","401"
"person:marie-kath","person","Marie Kath.","Prinzessin","","","","","","","","","2","395 401"
"person:marie-salome-v-zehmen","person","Marie Salome v. Zehmen","Adlige","","","","","","","","","1","654"
"person:marie-salome-von-oettingen","person","Marie Salome von Oettingen","Gemahlin","","","","","","","","","2","372 375"
"person:marie-sibille-reuss-obergreiz","person","Marie Sibille Reuß-Obergreiz","Gemahlin","","","","","","","","","2","396 401"
"person:marie-therese","person","Marie Therese","Prinzessin","","","","","","","","","1","401"
"person:marie-v-barby","person","Marie v. Barby","Gemahlin","","","","","","","","","1","372"
"person:marie-v-reichenbach","person","Marie v. Reichenbach","Gemahlin","","","","","","","","","1","398"
"person:marie-v-schoenburg-hartenstein","person","Marie v. Schönburg-Hartenstein","Gemahlin","","","","","","","","","2","400 401"
"person:marie-v-stolberg-wernigerode","person","Marie v. Stolberg-Wernigerode","Gemahlin","","","","","","","","","1","396"
"person:marie-wilh","person","Marie Wilh.","Prinzessin","","","","","","","","","1","399"
"person:markus-v-ender","person","Markus v. Ender","Adliger","","","","","","","","","1","730"
"person:martin","person","Martin","Heiliger","","","","","","","","","2","136 191"
"person:martin-boettger","person","Martin Böttger","Bürger","","","","","","","","","1","530"
"person:martin-dettler","person","Martin Dettler","Geistlicher","","","","","","","","","1","761"
"person:martin-luther","person","Martin Luther","Reformator","","","","","Q9554","","","","12","199 350 501 534 540 591 685 771"
"person:martin-schilling","person","Martin Schilling","Unternehmer","","","","","","","","","1","726"
"person:martin-strauss","person","Martin Strauß","Geistlicher","","","","","","","","","1","657"
"person:martin-v-naundorf","person","Martin v. Naundorf","Adliger","","","","","","","","","1","543"
"person:martin-volkmar","person","Martin Volkmar","Geistlicher","","","","","","","","","1","722"
"person:martin-von-ende","person","Martin von Ende","Sagengestalt","","","","","","","","","1","199"
"person:martin-zeeh","person","Martin Zeeh","Gutsbesitzer","","","","","","","","","1","819"
"person:martini","person","Martini","Subskribent","","","","","","","","","1","838"
"person:marzowa","person","Marzowa","Gottheit","","","","","","","","","1","313"
"person:mathias-v-drachinsdorf","person","Mathias v. Drachinsdorf","Adliger","","","","","","","","","1","443"
"person:mathilde","person","Mathilde","Nonne","","","","","","","","","2","364 398"
"person:mathilde-harriet-elisabeth","person","Mathilde Harriet Elisabeth","Gemahlin","","","","","","","","","1","496"
"person:mathilde-v-riese-stallburg","person","Mathilde v. Riese-Stallburg","Gemahlin","","","","","","","","","2","398"
"person:matth-birkner","person","Matth. Birkner","Kaufmann","","","","","","","","","1","614"
"person:matthias","person","Matthias","Gewerke","","","","","","","","","1","249"
"person:matthias-flacius","person","Matthias Flacius","Geistlicher","","","","","Q435311","","","","5","295 296 374"
"person:maucke-rich","person","Maucke, Rich","","","","","","","","","","1","838"
"person:mauer","person","Mauer","Handwerker","","","","","","","","","1","446"
"person:maul","person","Maul","Geistlicher","","","","","","","","","1","602"
"person:maurer","person","Maurer","Subskribent","","","","","","","","","1","838"
"person:mauritius","person","Mauritius","Heiliger","","","","","","","","","1","136"
"person:maximilian-i","person","Maximilian I.","Kaiser","","","","","Q150726","","","","2","350 360"
"person:maximiliane-v-hardeck","person","Maximiliane v. Hardeck","Gemahlin","","","","","","","","","1","395"
"person:mayer","person","Mayer","Gelehrter","","","","","","","","","2","305 447"
"person:mechthild-von-schoenburg","person","Mechthild von Schönburg","Gemahlin","","","","","","","","","2","368 372"
"person:mechtild","person","Mechtild","Nonne","","","","","","","","","2","346 352"
"person:mechtild-v-kaefernburg","person","Mechtild v. Käfernburg","Gemahlin","","","","","","","","","2","345 352"
"person:mechtild-v-schwarzburg-wachsenburg","person","Mechtild v. Schwarzburg-Wachsenburg","Gemahlin","","","","","","","","","2","349 352"
"person:mehlhorn","person","Mehlhorn","Subskribent","","","","","","","","","2","VI 838"
"person:meinhard-goetze","person","Meinhard Götze","Adliger","","","","","","","","","1","732"
"person:meinhard-v-etzdorf","person","Meinhard v. Etzdorf","Adliger","","","","","","","","","1","525"
"person:meinhardt","person","Meinhardt","Geistlicher","","","","","","","","","1","460"
"person:meisgeier","person","Meisgeier","Familie","","","","","","","","","1","624"
"person:meissner","person","Meißner","","","","","","","","","","1","838"
"person:melanchthon","person","Melanchthon","Reformator","","","","","","","","","1","445"
"person:melch-rebmann","person","Melch. Rebmann","Stifter","","","","","","","","","1","307"
"person:melchior-fehmel","person","Melchior Fehmel","Geistlicher","","","","","","","","","1","468"
"person:mert-v-sparneck","person","Mert. v. Sparneck","Adliger","","","","","","","","","1","745"
"person:metzner","person","Metzner","Subskribent","","","","","","","","","1","838"
"person:meyer","person","Meyer","Geistlicher","","","","","","","","","1","735"
"person:meyrose","person","Meyrose","Lehrer","","","","","","","","","2","106 838"
"person:mich-buschendorf","person","Mich. Buschendorf","Stifter","","","","","","","","","2","305 515"
"person:mich-dietzel","person","Mich. Dietzel","Adliger","","","","","","","","","1","643"
"person:mich-schutz","person","Mich. Schutz","Pfarrer","","","","","","","","","1","535"
"person:mich-v-dobeneck","person","Mich. v. Dobeneck","Adliger","","","","","","","","","1","745"
"person:mich-weissker","person","Mich. Weißker","Geistlicher","","","","","","","","","5","587 839"
"person:michael","person","Michael","Geistlicher","","","","","","","","","1","787"
"person:michael-erzengel","person","Michael (Erzengel)","Heiliger","","","","","Q45581","","","","1","135"
"person:michael-hempel","person","Michael Hempel","Geistlicher","","","","","","","","","1","584"
"person:michael-kahnt","person","Michael Kahnt","Gutsbesitzer","","","","","","","","","2","549"
"person:michael-leithiger","person","Michael Leithiger","Gutsbesitzer","","","","","","","","","1","465"
"person:michaelis","person","Michaelis","Gutsbesitzer","","","","","","","","","1","474"
"person:michel-ney","person","Michel Ney","Militär","","","","","Q40756","","","","1","688"
"person:miesske","person","Mießke","Feldherr","","","","","","","","","1","442"
"person:milchling-v-burg","person","Milchling v. Burg","Adliger","","","","","","","","","1","711"
"person:moeller","person","Möller","Direktor","","","","","","","","","1","733"
"person:mord","person","Mord","Subskribent","","","","","","","","","1","838"
"person:moritz-ed-leo","person","Moritz Ed. Leo","Gutsbesitzer","","","","","","","","","1","568"
"person:moritz-ernst-leo","person","Moritz Ernst Leo","Beamter","","","","","","","","","3","566 568"
"person:moritz-hartenstein","person","Moritz Hartenstein","Gutsbesitzer","","","","","","","","","1","798"
"person:moritz-von-sachsen","person","Moritz von Sachsen","Herzog","","","","","Q317710","","","","2","360 361"
"person:moser","person","Moser","Beamter","","","","","","","","","2","238 738"
"person:mueller","person","Müller","Beamter","","","","","","","","","5","VI 584 717 774 838"
"person:muench","person","Münch","Kaufmann","","","","","","","","","2","441 815"
"person:musculus","person","Musculus","Geistlicher","","","","","","","","","1","813"
"person:napoleon-i","person","Napoleon I.","Kaiser","","","","","Q517","","","","16","382 384 442 444 445 449 489 592 739"
"person:neufchatel","person","Neufchatel","","","","","","","","","","1","739"
"person:neumann","person","Neumann","Geologe","","","","","","","","","1","11"
"person:neumeister","person","Neumeister","Subskribent","","","","","","","","","1","838"
"person:neupert","person","Neupert","Subskribent","","","","","","","","","1","838"
"person:nic-blumenroeder","person","Nic. Blumenröder","Pfarrer","","","","","","","","","1","424"
"person:nic-hartmann","person","Nic. Hartmann","Geistlicher","","","","","","","","","1","621"
"person:nic-heider","person","Nic. Heider","Geistlicher","","","","","","","","","1","669"
"person:nic-helmbrecht","person","Nic. Helmbrecht","Geistlicher","","","","","","","","","1","426"
"person:nic-knochenhauer","person","Nic. Knochenhauer","Geistlicher","","","","","","","","","2","584 610"
"person:nic-maen","person","Nic. Män","Bürger","","","","","","","","","1","612"
"person:nic-nickerlen","person","Nic. Nickerlen","Geistlicher","","","","","","","","","1","686"
"person:nic-panzer","person","Nic. Panzer","Geistlicher","","","","","","","","","1","771"
"person:nic-roeder","person","Nic. Röder","Adliger","","","","","","","","","1","613"
"person:nic-schmidt-priester","person","Nic. Schmidt (Priester)","Geistlicher","","","","","","","","","1","583"
"person:nic-v-ende","person","Nic. v. Ende","Adliger","","","","","","","","","2","460 562"
"person:nic-v-salm","person","Nic. v. Salm","Adliger","","","","","","","","","1","364"
"person:nic-v-schuetz","person","Nic. v. Schütz","Adliger","","","","","","","","","1","607"
"person:nic-zopener","person","Nic. Zopener","Geistlicher","","","","","","","","","2","584 585"
"person:nickel-v-dobeneck","person","Nickel v. Dobeneck","Adliger","","","","","","","","","2","823 825"
"person:nickel-v-kospod","person","Nickel v. Kospod","Adliger","","","","","","","","","1","695"
"person:nickol","person","Nickol","Geistlicher","","","","","","","","","1","682"
"person:nicol-puhle","person","Nicol Puhle","Bürger","","","","","","","","","1","756"
"person:nicol-schmidt","person","Nicol Schmidt","Gelehrter","","","","","","","","","3","825"
"person:nicol-schildknecht","person","Nicol. Schildknecht","Beamter","","","","","","","","","1","694"
"person:nicol-schrank","person","Nicol. Schrank","Geistlicher","","","","","","","","","1","624"
"person:nicol-v-lobkowitz-u-hassenstein","person","Nicol. v. Lobkowitz u. Hassenstein","Adliger","","","","","","","","","2","352 364"
"person:nicolas-de-smit","person","Nicolas de Smit","Fabrikant","","","","","","","","","5","309 375 432 445 446"
"person:nicolas-v-ende-buerger-zu-langenberg","person","Nicolas v. Ende (Bürger zu Langenberg)","Bürger","","","","","","","","","1","511"
"person:nicolaus","person","Nicolaus","Heiliger","","","","","","","","","2","136 369"
"person:nicolaus-ludwig-v-zinzendorf","person","Nicolaus Ludwig v. Zinzendorf","Graf","","","","","Q76336","","","","13","381 384 397 736 738 803 810"
"person:nicolaus-wenigell","person","Nicolaus Wenigell","Geistlicher","","","","","","","","","1","813"
"person:nowack","person","Nowack","Beamter","","","","","","","","","1","8"
"person:o-schwabe","person","O. Schwabe","Subskribent","","","","","","","","","1","839"
"person:oberlaender","person","Oberländer","Familie","","","","","","","","","4","245 379 803 838"
"person:obermueller","person","Obermüller","Sprachforscher","","","","","","","","","1","442"
"person:odin","person","Odin","Gottheit","","","","","Q43610","","","","7","186 191 202 313"
"person:oehm","person","Oehm","Subskribent","","","","","","","","","1","838"
"person:ostara","person","Ostara","Gottheit","","","","","","","","","1","313"
"person:oswald-von-gruena","person","Oswald von Grüna","Adliger","","","","","","","","","1","654"
"person:oswald-von-truhendingen","person","Oswald von Truhendingen","Adliger","","","","","","","","","4","345 368 372"
"person:ott","person","Ott","Subskribent","","","","","","","","","1","838"
"person:ottilie-uttmann","person","Ottilie Uttmann","Adlige","","","","","","","","","1","696"
"person:ottilie-v-dobeneck","person","Ottilie v. Dobeneck","Nonne","","","","","","","","","1","670"
"person:ottilie-v-schmettau-stonsdorf","person","Ottilie v. Schmettau-Stonsdorf","Gemahlin","","","","","","","","","1","398"
"person:otto","person","Otto","Adliger","","","","","","","","","9","315 321 334 342 392 434 443 447 685"
"person:otto-alb-v-schoenburg-hartenstein","person","Otto Alb. v. Schönburg-Hartenstein","Adliger","","","","","","","","","1","394"
"person:otto-d-ae","person","Otto d. ä.","Adliger","","","","","","","","","1","575"
"person:otto-d-j","person","Otto d. j.","Adliger","","","","","","","","","1","575"
"person:otto-garthe","person","Otto Garthe","Pfarrer","","","","","","","","","1","762"
"person:otto-i","person","Otto I.","Kaiser","","","","","Q43915","","","","2","321 508"
"person:otto-i-von-meran","person","Otto I. von Meran","Adliger","","","","","","","","","1","334"
"person:otto-iii","person","Otto III.","König","","","","","Q151090","","","","1","320"
"person:otto-iv","person","Otto IV.","Kaiser","","","","","Q151457","","","","1","330"
"person:otto-mueller","person","Otto Müller","Naturforscher","","","","","","","","","1","71"
"person:otto-sen","person","Otto sen.","Subskribent","","","","","","","","","1","838"
"person:otto-toepfer","person","Otto Töpfer","Geistlicher","","","","","","","","","1","638"
"person:otto-v-breitenbuch","person","Otto v. Breitenbuch","Adliger","","","","","","","","","1","495"
"person:otto-v-draxdorf","person","Otto v. Draxdorf","Geistlicher","","","","","","","","","2","638 657"
"person:otto-v-schoenburg-waldenburg","person","Otto v. Schönburg-Waldenburg","Adliger","","","","","","","","","1","398"
"person:otto-v-stolberg-wernigerode","person","Otto v. Stolberg-Wernigerode","Adliger","","","","","","","","","1","399"
"person:otto-v-weissenbach","person","Otto v. Weißenbach","Adliger","","","","","","","","","1","549"
"person:otto-von-dohna","person","Otto von Dohna","Adliger","","","","","","","","","1","353"
"person:otto-von-ilburg","person","Otto von Ilburg","Adliger","","","","","","","","","1","353"
"person:otto-von-leisnig","person","Otto von Leisnig","Adliger","","","","","","","","","1","347"
"person:otto-von-lobdaburg-arnshaugk","person","Otto von Lobdaburg-Arnshaugk","Adliger","","","","","","","","","4","575 582 661"
"person:otto-von-lobenstein","person","Otto von Lobenstein","Adliger","","","","","","","","","1","709"
"person:otto-von-orlamuende-lauenstein","person","Otto von Orlamünde-Lauenstein","Adliger","","","","","","","","","1","352"
"person:ottokar-von-boehmen","person","Ottokar von Böhmen","König","","","","","Q150320","","","","2","354"
"person:oudinot","person","Oudinot","","","","","","","","","","1","739"
"person:p-e-v-endern","person","P. E. v. Endern","Adliger","","","","","","","","","1","796"
"person:pabst","person","Pabst","Subskribent","","","","","","","","","1","838"
"person:pancratius","person","Pancratius","Heiliger","","","","","","","","","1","68"
"person:panzer","person","Panzer","Subskribent","","","","","","","","","1","838"
"person:papst","person","Papst","Gärtner","","","","","","","","","1","830"
"person:passolt","person","Passolt","Geistlicher","","","","","","","","","4","VI 584 586 838"
"person:paetz","person","Pätz","Subskribent","","","","","","","","","5","VI 838"
"person:paul-bernh-kahnt","person","Paul Bernh. Kahnt","Gutsbesitzer","","","","","","","","","1","221"
"person:paul-gerhardt","person","Paul Gerhardt","Schriftsteller","","","","","Q76331","","","","1","740"
"person:paul-knuepfer","person","Paul Knüpfer","Bürger","","","","","","","","","1","547"
"person:paul-lange","person","Paul Lange","Chronist","","","","","","","","","1","602"
"person:paul-strebel","person","Paul Strebel","Subskribent","","","","","","","","","1","839"
"person:pauline-louise-agnes-von-wuerttemberg","person","Pauline Louise Agnes von Württemberg","Gemahlin","","","","","Q65680","","","","2","388 395"
"person:paulus","person","Paulus","Heiliger","","","","","Q9200","","","","2","136 742"
"person:penndorf","person","Penndorf","Subskribent","","","","","","","","","1","838"
"person:pet-besserer","person","Pet. Besserer","Pfarrer","","","","","","","","","2","627 628"
"person:peter-fr-pflug","person","Peter Fr. Pflug","Adliger","","","","","","","","","2","472"
"person:peter-hartmann","person","Peter Hartmann","Geistlicher","","","","","","","","","1","522"
"person:peter-rosener","person","Peter Rosener","Geistlicher","","","","","","","","","1","504"
"person:peter-schoeffer","person","Peter Schöffer","Drucker","","","","","Q62560","","","","1","605"
"person:peter-v-roslau","person","Peter v. Roslau","Geistlicher","","","","","","","","","1","434"
"person:peter-v-zettwitz","person","Peter v. Zettwitz","Adliger","","","","","","","","","2","794 808"
"person:peter-von-dusburg","person","Peter von Dusburg","Schriftsteller","","","","","Q708107","","","","3","325"
"person:peter-von-naumburg","person","Peter von Naumburg","Bischof","","","","","","","","","1","370"
"person:petronilla","person","Petronilla","Heiliger","","","","","","","","","1","186"
"person:petrus","person","Petrus","Heiliger","","","","","Q33923","","","","3","136 559 742"
"person:petzold","person","Petzold","Bürger","","","","","","","","","1","567"
"person:petzold-v-sparnberg","person","Petzold v. Sparnberg","Adliger","","","","","","","","","4","681 792 793 798"
"person:pezold","person","Pezold","Geistlicher","","","","","","","","","1","550"
"person:pezold-von-ernse","person","Pezold von Ernse","Adliger","","","","","","","","","1","418"
"person:phil-heidelberger","person","Phil. Heidelberger","Geistlicher","","","","","","","","","2","584 585"
"person:phil-knoch","person","Phil. Knoch","Gutsbesitzer","","","","","","","","","2","726 815"
"person:phil-schneider","person","Phil. Schneider","Geistlicher","","","","","","","","","1","762"
"person:philipp-ernst-v-mansfeld-artern","person","Philipp Ernst v. Mansfeld-Artern","Adliger","","","","","","","","","1","401"
"person:philipp-ludw-v-holstein-wiesenburg","person","Philipp Ludw. v. Holstein-Wiesenburg","Adliger","","","","","","","","","1","401"
"person:philipp-reynder","person","Philipp Reynder","Musiker","","","","","","","","","1","446"
"person:philipp-von-schwaben","person","Philipp von Schwaben","König","","","","","","","","","1","334"
"person:philippine","person","Philippine","Prinzessin","","","","","","","","","1","395"
"person:philippson","person","Philippson","Historiker","","","","","","","","","1","326"
"person:piccolomini","person","Piccolomini","Militär","","","","","","","","","1","668"
"person:poehler","person","Pöhler","Bürger","","","","","","","","","1","668"
"person:poppe","person","Poppe","Subskribent","","","","","","","","","1","838"
"person:poppo","person","Poppo","Adliger","","","","","","","","","2","315"
"person:posner","person","Posner","Geistlicher","","","","","","","","","1","730"
"person:preller","person","Preller","Subskribent","","","","","","","","","1","838"
"person:prinz-eugen","person","Prinz Eugen","Militär","","","","","Q152428","","","","1","391"
"person:pruefer","person","Prüfer","Subskribent","","","","","","","","","1","838"
"person:pumphut","person","Pumphut","Sagengestalt","","","","","","","","","1","204"
"person:purgold","person","Purgold","Adliger","","","","","","","","","1","664"
"person:purgold-v-kospod","person","Purgold v. Kospod","Adliger","","","","","","","","","2","597"
"person:puttrich","person","Puttrich","Kunsthistoriker","","","","","","","","","2","132 133"
"person:radulf","person","Radulf","Adliger","","","","","","","","","2","314"
"person:rapp","person","Rapp","","","","","","","","","","1","739"
"person:ratolf","person","Ratolf","Adliger","","","","","","","","","1","315"
"person:regine-isabelle-v-windischgraetz","person","Regine Isabelle v. Windischgrätz","Gemahlin","","","","","","","","","1","402"
"person:reichardt","person","Reichardt","Chemiker","","","","","","","","","1","44"
"person:reichardt-subskribent","person","Reichardt (Subskribent)","Subskribent","","","","","","","","","1","838"
"person:reimann","person","Reimann","Kartograph","","","","","","","","","1","11"
"person:rein","person","Rein","Gelehrter","","","","","","","","","1","447"
"person:reinhard-v-roben","person","Reinhard v. Roben","Adliger","","","","","","","","","1","554"
"person:reinhold-v-zwoetzen","person","Reinhold v. Zwötzen","Adliger","","","","","","","","","2","452 454"
"person:reinmann","person","Reinmann","Beamter","","","","","","","","","1","447"
"person:reuss-koestritz","person","Reuß-Köstritz","Dynastie","","Reuss-Köstritz (apanage line)","","","Q821410","","","","3","494 506"
"person:rich-winter","person","Rich. Winter","Subskribent","","","","","","","","","1","839"
"person:richard-mauke","person","Richard Mauke","Arzt","","","","","","","","","6","VI 54 56 63 299 586"
"person:richard-von-dahme","person","Richard von Dahme","Adliger","","","","","","","","","3","335 341 342"
"person:richter","person","Richter","Subskribent","","","","","","","","","1","838"
"person:richza","person","Richza","Adlige","","","","","","","","","1","356"
"person:riecke","person","Riecke","Subskribent","","","","","","","","","1","838"
"person:riedel","person","Riedel","Geistlicher","","","","","","","","","3","458 669 675"
"person:rob-gustav-schubert","person","Rob. Gustav Schubert","Arzt","","","","","","","","","1","697"
"person:rob-mueller","person","Rob. Müller","Beamter","","","","","","","","","1","106"
"person:robert-blum","person","Robert Blum","Politiker","","","","","Q214977","","","","2","379 815"
"person:robert-eisel","person","Robert Eisel","Sammler","","","","","","","","","5","196 447 836"
"person:robert-schmidt","person","Robert Schmidt","Naturforscher","","","","","","","","","10","VI 54 60 62 68 71 830"
"person:robert-v-burgk","person","Robert v. Burgk","Adliger","","","","","","","","","1","401"
"person:rochus-friedrich-v-lynar","person","Rochus Friedrich v. Lynar","Adliger","","","","","","","","","1","398"
"person:roedel","person","Rödel","Beamter","","","","","","","","","4","238 727 775 838"
"person:rodenger","person","Rodenger","Bürger","","","","","","","","","1","443"
"person:rohmer","person","Rohmer","Gewerke","","","","","","","","","1","249"
"person:roensch","person","Rönsch","","","","","","","","","","1","VI"
"person:rosenthal","person","Rosenthal","Beamter","","","","","","","","","1","669"
"person:ruckdeschel","person","Ruckdeschel","Subskribent","","","","","","","","","1","838"
"person:rud-e-aug-v-bomsdorf","person","Rud. E. Aug. v. Bomsdorf","Adliger","","","","","","","","","1","542"
"person:rud-schmidt","person","Rud. Schmidt","Naturforscher","","","","","","","","","4","54 60 68 830"
"person:ruediger","person","Rüdiger","Adliger","","","","","","","","","1","489"
"person:rudolf-ferber","person","Rudolf Ferber","Kaufmann","","","","","","","","","3","301 441 836"
"person:rudolf-v-fuchs","person","Rudolf v. Fuchs","Adliger","","","","","","","","","1","455"
"person:rudolf-von-bayern","person","Rudolf von Bayern","Adliger","","","","","","","","","2","264 327"
"person:rudolf-von-habsburg","person","Rudolf von Habsburg","König","","","","","Q76956","","","","7","198 354 557 575 582 809 838"
"person:rudolph-v-ketschau","person","Rudolph v. Ketschau","Adliger","","","","","","","","","1","518"
"person:rudolph-v-kolba","person","Rudolph v. Kolba","Adliger","","","","","","","","","1","465"
"person:rudolph-v-nauendorf","person","Rudolph v. Nauendorf","Adliger","","","","","","","","","1","518"
"person:rudolph-v-posern","person","Rudolph v. Posern","Adliger","","","","","","","","","1","459"
"person:ruprecht-von-der-pfalz","person","Ruprecht von der Pfalz","König","","","","","","","","","2","346 809"
"person:ruzz-de-plaw","person","Ruzz de Plaw","Vogt","","","","","","","","","2","271 343"
"person:ruzze","person","Ruzze","Vogt","","","","","","","","","1","354"
"person:ruzze-von-plauen","person","Ruzze von Plauen","Vogt","","","","","","","","","1","198"
"person:sabine","person","Sabine","Prinzessin","","","","","","","","","1","400"
"person:sal-fr-bergmann","person","Sal. Fr. Bergmann","Stifter","","","","","","","","","2","308"
"person:salome","person","Salome","Gemahlin","","","","","","","","","6","366 372 583"
"person:sam-pertsch","person","Sam. Pertsch","Handwerker","","","","","","","","","1","135"
"person:sander-v-selmenitz","person","Sander v. Selmenitz","Adliger","","","","","","","","","1","535"
"person:sandner","person","Sandner","Maler","","","","","","","","","1","446"
"person:saupe","person","Saupe","Lehrer","","","","","","","","","3","447 523"
"person:savary","person","Savary","","","","","","","","","","1","739"
"person:schaller","person","Schaller","Handwerker","","","","","","","","","2","614 813"
"person:schenk-von-lautenburg","person","Schenk von Lautenburg","Adliger","","","","","","","","","1","400"
"person:schenk-von-tautenburg","person","Schenk von Tautenburg","Adliger","","","","","","","","","1","347"
"person:schenk-von-vargula","person","Schenk von Vargula","Adliger","","","","","","","","","1","575"
"person:schenken-von-tautenburg","person","Schenken von Tautenburg","Adelsfamilie","","","","","","","","","1","394"
"person:scherf","person","Scherf","Geistlicher","","","","","","","","","1","432"
"person:schieck","person","Schieck","Subskribent","","","","","","","","","1","838"
"person:schiffmann","person","Schiffmann","Subskribent","","","","","","","","","1","838"
"person:schildbach","person","Schildbach","Maler","","","","","","","","","1","446"
"person:schilling","person","Schilling","Geistlicher","","","","","","","","","1","599"
"person:schlechtendal","person","Schlechtendal","Botaniker","","","","","","","","","2","72 830"
"person:schleicher","person","Schleicher","Gelehrter","","","","","Q76686","","","","1","120"
"person:schlick","person","Schlick","Beamter","","","","","","","","","5","VI 362 435 838"
"person:schlotter","person","Schlotter","Subskribent","","","","","","","","","1","838"
"person:schmidt","person","Schmidt","Beamter","","","","","","","","","7","69 432 612 639 696 838"
"person:schnicke","person","Schnicke","Subskribent","","","","","","","","","1","838"
"person:schorch","person","Schorch","Geistlicher","","","","","","","","","2","293 839"
"person:schottin","person","Schottin","Geistlicher","","","","","","","","","2","497"
"person:schreck","person","Schreck","Lehrer","","","","","","","","","3","89 245"
"person:schreiber","person","Schreiber","Geistlicher","","","","","","","","","1","466"
"person:schuebler","person","Schübler","Naturforscher","","","","","","","","","1","61"
"person:schultes","person","Schultes","Historiker","","","","","","","","","2","500 553"
"person:schultes-menow","person","Schultes Menow","Gewerke","","","","","","","","","1","249"
"person:schulze","person","Schulze","Geistlicher","","","","","","","","","1","602"
"person:schulze-delitzsch","person","Schulze-Delitzsch","Politiker","","","","","Q215961","","","","1","441"
"person:schupf","person","Schupf","Gewerke","","","","","","","","","1","249"
"person:schuetz","person","Schütz","Lehrer","","","","","","","","","1","307"
"person:schwender","person","Schwender","","","","","","","","","","1","VI"
"person:seb-kroeschner","person","Seb. Kröschner","Geistlicher","","","","","","","","","1","717"
"person:sebastian","person","Sebastian","Heiliger","","","","","","","","","1","136"
"person:segefried","person","Segefried","Adliger","","","","","","","","","1","664"
"person:seifert-hansmus","person","Seifert Hansmus","Adliger","","","","","","","","","1","495"
"person:seligmann","person","Seligmann","Gutsbesitzer","","","","","","","","","1","450"
"person:semmel","person","Semmel","Familie","","","","","","","","","4","VI 309 534 839"
"person:senf","person","Senf","Stifterin","","","","","","","","","1","551"
"person:servatius","person","Servatius","Heiliger","","","","","","","","","1","68"
"person:sibert-von-gera","person","Sibert von Gera","Adliger","","","","","","","","","1","443"
"person:sibille-juliane-v-schwarzburg-sondershausen","person","Sibille Juliane v. Schwarzburg-Sondershausen","Gemahlin","","","","","","","","","1","401"
"person:sibille-magd-v-kirchberg","person","Sibille Magd. v. Kirchberg","Gemahlin","","","","","","","","","1","401"
"person:sibodo","person","Sibodo","Sagengestalt","","","","","","","","","1","683"
"person:sieber","person","Sieber","Subskribent","","","","","","","","","1","839"
"person:sieckmann","person","Sieckmann","Gärtner","","","","","","","","","2","497 839"
"person:siegfried","person","Siegfried","Adliger","","","","","","","","","2","489 614"
"person:siegfried-v-hansmus","person","Siegfried v. Hansmus","Adliger","","","","","","","","","1","500"
"person:siegm-v-kospod","person","Siegm. v. Kospod","Adliger","","","","","","","","","1","607"
"person:siegmund-lautensack","person","Siegmund Lautensack","Bürger","","","","","","","","","1","625"
"person:siegmund-v-kirchberg","person","Siegmund v. Kirchberg","Adliger","","","","","","","","","1","372"
"person:siegmund-v-schoenfels","person","Siegmund v. Schönfels","Adliger","","","","","","","","","1","796"
"person:sifridus","person","Sifridus","Geistlicher","","","","","","","","","1","511"
"person:sigismund","person","Sigismund","Kaiser","","","","","","","","","8","89 339 346 347 357 358 793"
"person:sigismund-v-kospod","person","Sigismund v. Kospod","Adliger","","","","","","","","","2","632"
"person:sigismund-v-wolframsdorf","person","Sigismund v. Wolframsdorf","Adliger","","","","","","","","","1","643"
"person:simon","person","Simon","Adliger","","","","","","","","","1","664"
"person:simon-dach","person","Simon Dach","Schriftsteller","","","","","Q77285","","","","1","722"
"person:simon-musaeus","person","Simon Musäus","Geistlicher","","","","","","","","","4","295 432 445 506"
"person:simon-reisske","person","Simon Reißke","Stifter","","","","","","","","","1","305"
"person:singewald","person","Singewald","Subskribent","","","","","","","","","1","839"
"person:sison","person","Sison","Subskribent","","","","","","","","","1","839"
"person:sizzo","person","Sizzo","Adliger","","","","","","","","","1","323"
"person:soeffing","person","Söffing","Geistlicher","","","","","","","","","1","612"
"person:soph-magdalene","person","Soph. Magdalene","Prinzessin","","","","","","","","","1","396"
"person:sophia","person","Sophia","Prinzessin","","","","","","","","","1","397"
"person:sophie","person","Sophie","Prinzessin","","","","","","","","","14","334 338 341 345 346 352 366 372 397 398 425 443"
"person:sophie-adelheid","person","Sophie Adelheid","Prinzessin","","","","","","","","","4","395 397 398 735"
"person:sophie-auguste","person","Sophie Auguste","Prinzessin","","","","","","","","","1","397"
"person:sophie-charlotte-v-bothmar","person","Sophie Charlotte v. Bothmar","Gemahlin","","","","","","","","","1","401"
"person:sophie-eleon","person","Sophie Eleon.","Prinzessin","","","","","","","","","1","396"
"person:sophie-elise","person","Sophie Elise","Prinzessin","","","","","","","","","1","402"
"person:sophie-elise-von-stolberg-wernigerode","person","Sophie Elise von Stolberg-Wernigerode","Gemahlin","","","","","","","","","1","402"
"person:sophie-henriette","person","Sophie Henriette","Prinzessin","","","","","","","","","2","394 402"
"person:sophie-henriette-elise","person","Sophie Henriette Elise","","","","","","","","","","1","396"
"person:sophie-juliane-reuss-obergreiz","person","Sophie Juliane Reuß-Obergreiz","Gemahlin","","","","","","","","","2","396 401"
"person:sophie-magd","person","Sophie Magd.","Prinzessin","","","","","","","","","1","395"
"person:sophie-marie","person","Sophie Marie","Prinzessin","","","","","","","","","3","396 398 400"
"person:sophie-marie-v-birkenfeld-gelnhausen","person","Sophie Marie v. Birkenfeld-Gelnhausen","Gemahlin","","","","","","","","","1","394"
"person:sophie-theodore-v-castell-remlingen","person","Sophie Theodore v. Castell-Remlingen","Gemahlin","","","","","","","","","2","381 397"
"person:sophie-therese-v-loewenstein-wertheim-rosenberg","person","Sophie Therese v. Löwenstein-Wertheim-Rosenberg","Gemahlin","","","","","","","","","1","401"
"person:sophie-v-anhalt-schaumburg","person","Sophie v. Anhalt-Schaumburg","Gemahlin","","","","","","","","","1","401"
"person:sophie-von-lobdaburg-bergau","person","Sophie von Lobdaburg-Bergau","Gemahlin","","","","","","","","","2","344 352"
"person:sophie-von-orlamuenda","person","Sophie von Orlamünda","Gemahlin","","","","","","","","","1","334"
"person:sophie-von-weida","person","Sophie von Weida","Gemahlin","","","","","","","","","2","356 364"
"person:soult","person","Soult","","","","","","","","","","1","739"
"person:sparsbrod","person","Sparsbrod","Beamter","","","","","","","","","1","667"
"person:spener","person","Spener","Geistlicher","","","","","Q311231","","","","2","381 384"
"person:spiegel","person","Spiegel","Gewerke","","","","","","","","","1","249"
"person:stauden","person","Stauden","Militär","","","","","","","","","1","566"
"person:stein","person","Stein","Statistiker","","","","","","","","","1","7"
"person:steinbeck","person","Steinbeck","Geistlicher","","","","","","","","","1","515"
"person:steinhaeuser","person","Steinhäuser","Geistlicher","","","","","","","","","1","735"
"person:steph-roth","person","Steph. Roth","Geistlicher","","","","","","","","","1","758"
"person:steudel","person","Steudel","Subskribent","","","","","","","","","1","839"
"person:stiehler","person","Stiehler","Subskribent","","","","","","","","","1","839"
"person:stiller","person","Stiller","Subskribent","","","","","","","","","1","839"
"person:strabon","person","Strabon","Geograph","","","","","Q45936","","","","1","312"
"person:streitberger","person","Streitberger","Subskribent","","","","","","","","","1","839"
"person:susanna","person","Susanna","Biblische Gestalt","","","","","","","","","1","176"
"person:susanne-elisse","person","Susanne Elisse","Prinzessin","","","","","","","","","1","401"
"person:susanne-marie","person","Susanne Marie","Prinzessin","","","","","","","","","1","395"
"person:susanne-marie-schmalz","person","Susanne Marie Schmalz","Verbrecher","","","","","","","","","1","515"
"person:suessenguth","person","Süssenguth","Subskribent","","","","","","","","","1","839"
"person:syfridus-de-mulhusen","person","Syfridus de Mulhusen","Adliger","","","","","","","","","1","325"
"person:synvich","person","Synvich","Geistlicher","","","","","","","","","1","597"
"person:tachulf","person","Tachulf","Adliger","","","","","","","","","3","315"
"person:tacitus","person","Tacitus","Geschichtsschreiber","","","","","Q2161","","","","2","130 312"
"person:taubmann","person","Taubmann","Dichter","","","","","","","","","1","590"
"person:tauenzien","person","Tauenzien","Militär","","","","","","","","","4","592 604 669"
"person:teich","person","Teich","Subskribent","","","","","","","","","2","VI 839"
"person:tepner","person","Tepner","Stifter","","","","","","","","","1","582"
"person:th-schwenker","person","Th. Schwenker","Subskribent","","","","","","","","","1","839"
"person:thamon","person","Thamon","Bürger","","","","","","","","","1","443"
"person:theod-schmidt","person","Theod. Schmidt","Gutsbesitzer","","","","","","","","","2","223 562"
"person:theodericus-de-mulhusen","person","Theodericus de Mulhusen","Adliger","","","","","","","","","1","325"
"person:theodor-norunger","person","Theodor Norunger","Geistlicher","","","","","","","","","1","333"
"person:therese-reuss","person","Therese Reuß","Stifterin","","","","","","","","","3","309 398 498"
"person:thienemann","person","Thienemann","Jurist","","","","","","","","","1","447"
"person:thom-matthias","person","Thom. Matthias","Geistlicher","","","","","","","","","1","627"
"person:thomas-spies","person","Thomas Spies","Geistlicher","","","","","","","","","1","585"
"person:thor","person","Thor","Gottheit","","","","","Q42952","","","","2","191 313"
"person:thum","person","Thum","Gewerke","","","","","","","","","1","249"
"person:tiller","person","Tiller","Geistlicher","","","","","","","","","1","813"
"person:tob-conr-tobler","person","Tob. Conr. Tobler","Kartograph","","","","","","","","","1","449"
"person:tob-engelschall","person","Tob. Engelschall","Bürger","","","","","","","","","1","307"
"person:tob-phil-freiherr-v-gebler","person","Tob. Phil. Freiherr v. Gebler","Staatsmann","","","","","","","","","1","641"
"person:tob-wendler","person","Tob. Wendler","Geistlicher","","","","","","","","","1","666"
"person:tobias-albert","person","Tobias Albert","Fabrikant","","","","","","","","","2","452 456"
"person:todt","person","Todt","Politiker","","","","","","","","","1","815"
"person:torstensson","person","Torstensson","Militär","","","","","Q316816","","","","2","199 418"
"person:troegel","person","Trögel","Subskribent","","","","","","","","","1","839"
"person:tuch","person","Tuch","Komponist","","","","","","","","","1","446"
"person:tuerpe","person","Türpe","Handwerker","","","","","","","","","1","716"
"person:ulrich","person","Ulrich","Bürger","","","","","","","","","1","808"
"person:ulrich-sack","person","Ulrich Sack","Adliger","","","","","","","","","4","342 354 575 793"
"person:ulrich-stoessel","person","Ulrich Stößel","Pfarrer","","","","","","","","","2","603 638"
"person:ulrich-v-draxdorf","person","Ulrich v. Draxdorf","Adliger","","","","","","","","","1","730"
"person:ulrich-v-waldturn","person","Ulrich v. Waldturn","Pfarrer","","","","","","","","","2","516 522"
"person:ulz-v-schauroth","person","Ulz v. Schauroth","Adliger","","","","","","","","","1","486"
"person:urban","person","Urban","Bürger","","","","","","","","","1","567"
"person:ursula","person","Ursula","Heiliger","","","","","","","","","1","136"
"person:v-berg","person","v. Berg","Adelsfamilie","","","","","","","","","1","799"
"person:v-beulwitz","person","v. Beulwitz","Adelsfamilie","","","","","","","","","5","546 694 817 819"
"person:v-beust","person","v. Beust","Adelsfamilie","","","","","","","","","1","535"
"person:v-beutler","person","V. Beutler","Geistlicher","","","","","","","","","1","434"
"person:v-bonin","person","v. Bonin","Beamter","","","","","","","","","1","447"
"person:v-brand","person","v. Brand","Adelsfamilie","","","","","","","","","1","725"
"person:v-brandenstein-familie","person","v. Brandenstein (Familie)","Adelsfamilie","","","","","","","","","1","654"
"person:v-bretschneider","person","v. Bretschneider","Subskribent","","","","","","","","","1","836"
"person:v-buenau","person","v. Bünau","Adelsfamilie","","","","","","","","","2","480 620"
"person:v-cramm-lesse","person","v. Cramm-Lesse","Subskribent","","","","","","","","","1","836"
"person:v-creuz","person","v. Creuz","Adelsfamilie","","","","","","","","","1","484"
"person:v-criegern","person","v. Criegern","Geistlicher","","","","","","","","","3","VI 435 836"
"person:v-dobeneck","person","v. Dobeneck","Adelsfamilie","","","","","","","","","1","794"
"person:v-draxdorf","person","v. Draxdorf","Adelsfamilie","","","","","","","","","1","730"
"person:v-eichicht","person","v. Eichicht","Adelsfamilie","","","","","","","","","2","511 516"
"person:v-einsiedel","person","v. Einsiedel","Adelsfamilie","","","","","","","","","1","559"
"person:v-elterlein","person","v. Elterlein","Adelsfamilie","","","","","","","","","1","801"
"person:v-ende","person","v. Ende","Adelsfamilie","","","","","","","","","8","474 480 483 484 529 535 539 564"
"person:v-etzdorf","person","v. Etzdorf","Adelsfamilie","","","","","","","","","2","523 528"
"person:v-falkenstein","person","v. Falkenstein","Adliger","","","","","","","","","1","796"
"person:v-flanz","person","v. Flanz","Adliger","","","","","","","","","1","691"
"person:v-freiesleben","person","v. Freiesleben","Beamter","","","","","","","","","2","447"
"person:v-gehring","person","v. Gehring","Stifter","","","","","","","","","1","718"
"person:v-geldern","person","v. Geldern","Beamter","","","","","","","","","4","386"
"person:v-gerstenberg","person","v. Gerstenberg","Adliger","","","","","","","","","1","484"
"person:v-goeritch","person","v. Göritch","Adliger","","","","","","","","","1","566"
"person:v-griesheim","person","v. Griesheim","Adelsfamilie","","","","","","","","","1","474"
"person:v-guenderodt","person","v. Günderodt","Adelsfamilie","","","","","","","","","1","765"
"person:v-hain","person","v. Hain","Adliger","","","","","","","","","1","488"
"person:v-harbou","person","v. Harbou","Beamter","","","","","","","","","2","386 387"
"person:v-hirschfeld","person","v. Hirschfeld","Adelsfamilie","","","","","","","","","1","765"
"person:v-hochheimer","person","v. Hochheimer","Militär","","","","","","","","","2","603 604"
"person:v-ingersleben","person","v. Ingersleben","Beamter","","","","","","","","","1","548"
"person:v-kahn","person","v. Kahn","Adliger","","","","","","","","","1","546"
"person:v-kaufungen","person","v. Kaufungen","Adelsfamilie","","","","","","","","","3","613 626 655"
"person:v-kobi","person","v. Kobi","Adelsfamilie","","","","","","","","","1","615"
"person:v-koppy","person","v. Koppy","Adliger","","","","","","","","","1","488"
"person:v-koppy-familie","person","v. Koppy (Familie)","Adelsfamilie","","","","","","","","","2","470 550"
"person:v-kospod","person","v. Kospod","Adelsfamilie","","","","","","","","","10","591 592 593 615 656 680 682 695 801"
"person:v-lichtenhain","person","v. Lichtenhain","Adelsfamilie","","","","","","","","","3","546 550"
"person:v-lindenau","person","v. Lindenau","Adelsfamilie","","","","","","","","","1","474"
"person:v-lohma","person","v. Lohma","Adliger","","","","","","","","","1","544"
"person:v-magwitz","person","v. Magwitz","Adelsfamilie","","","","","","","","","1","673"
"person:v-naundorf","person","v. Naundorf","Adelsfamilie","","","","","","","","","4","543 544"
"person:v-obernitz","person","v. Obernitz","Adelsfamilie","","","","","","","","","1","613"
"person:v-pflug","person","v. Pflug","Adelsfamilie","","","","","","","","","1","474"
"person:v-planitz","person","v. Planitz","Adelsfamilie","","","","","","","","","1","519"
"person:v-plaussigk","person","v. Plaußigk","Adelsfamilie","","","","","","","","","1","474"
"person:v-poellnitz","person","v. Pöllnitz","Adelsfamilie","","","","","","","","","1","794"
"person:v-poseck","person","v. Poseck","Adelsfamilie","","","","","","","","","4","670 754 755"
"person:v-quingenberg","person","v. Quingenberg","Adelsfamilie","","","","","","","","","1","659"
"person:v-raschau","person","v. Raschau","Adelsfamilie","","","","","","","","","1","564"
"person:v-reitzenstein","person","v. Reitzenstein","Adelsfamilie","","","","","","","","","2","794 799"
"person:v-rockhausen","person","v. Rockhausen","Adelsfamilie","","","","","","","","","2","483 484"
"person:v-roeder","person","v. Röder","Adelsfamilie","","","","","","","","","1","628"
"person:v-roehrscheid","person","v. Röhrscheid","Adelsfamilie","","","","","","","","","1","459"
"person:v-rohrscheidt","person","v. Rohrscheidt","Adelsfamilie","","","","","","","","","2","701 702"
"person:v-roemer","person","v. Römer","Adelsfamilie","","","","","","","","","2","657"
"person:v-rossau","person","v. Rossau","Adelsfamilie","","","","","","","","","1","546"
"person:v-schauroth","person","v. Schauroth","Adelsfamilie","","","","","","","","","5","424 484 502 519 529"
"person:v-schlotheim","person","v. Schlotheim","Naturforscher","","","","","Q215728","","","","1","250"
"person:v-schuetze","person","v. Schütze","Adelsfamilie","","","","","","","","","1","659"
"person:v-seckendorff","person","v. Seckendorff","Adliger","","","","","","","","","2","251 507"
"person:v-spangenberg","person","v. Spangenberg","Adelsfamilie","","","","","","","","","1","450"
"person:v-sparnberg","person","v. Sparnberg","Adelsfamilie","","","","","","","","","1","794"
"person:v-steinsdorf","person","v. Steinsdorf","Adelsfamilie","","","","","","","","","1","620"
"person:v-sternberg","person","v. Sternberg","Adliger","","","","","","","","","1","357"
"person:v-strauch","person","v. Strauch","Familie","","","","","","","","","1","306"
"person:v-strauch-subskribent","person","v. Strauch (Subskribent)","Subskribent","","","","","","","","","2","VI 839"
"person:v-sydow","person","v. Sydow","Adelsfamilie","","","","","","","","","1","758"
"person:v-taubenheim","person","v. Taubenheim","Beamter","","","","","","","","","2","309 450"
"person:v-thuemmel","person","v. Thümmel","Adelsfamilie","","","","","","","","","1","615"
"person:v-thumshirn","person","v. Thumshirn","Militär","","","","","","","","","1","373"
"person:v-truetzschler","person","v. Trützschler","Adelsfamilie","","","","","","","","","1","758"
"person:v-vendleben","person","v. Vendleben","Adliger","","","","","","","","","1","546"
"person:v-vittinghof","person","v. Vittinghof","Adelsfamilie","","","","","","","","","1","484"
"person:v-voss","person","v. Voß","","","","","","","","","","1","839"
"person:v-watzdorf","person","v. Watzdorf","Adelsfamilie","","","","","","","","","7","613 659 757 765 768 772 773"
"person:v-weissenbach","person","v. Weißenbach","Adelsfamilie","","","","","","","","","2","535 550"
"person:v-wolfersdorf","person","v. Wolfersdorf","Adelsfamilie","","","","","","","","","2","480 694"
"person:v-wolframsdorf","person","v. Wolframsdorf","Adelsfamilie","","","","","","","","","2","480 523"
"person:v-woellnitz","person","v. Wöllnitz","Adelsfamilie","","","","","","","","","1","546"
"person:v-zettwitz","person","v. Zettwitz","Adelsfamilie","","","","","","","","","1","822"
"person:val-beutler-wopser","person","Val. Beutler (Wopser)","Pfarrer","","","","","","","","","1","511"
"person:val-poschardt","person","Val. Poschardt","Stifter","","","","","","","","","1","716"
"person:val-sack","person","Val. Sack","Geistlicher","","","","","","","","","2","584 585"
"person:van-der-molde","person","van der Molde","Sagengestalt","","","","","","","","","1","419"
"person:veit","person","Veit","Heiliger","","","","","","","","","3","200 766"
"person:veit-ludwig-v-tuempling","person","Veit Ludwig v. Tümpling","Adliger","","","","","","","","","2","526"
"person:veit-v-schoenburg","person","Veit v. Schönburg","Adliger","","","","","","","","","1","364"
"person:veit-von-obernitz","person","Veit von Obernitz","Adliger","","","","","","","","","1","362"
"person:veronica-v-draxdorf","person","Veronica v. Draxdorf","Nonne","","","","","","","","","1","670"
"person:veronika-geb-v-creuzen","person","Veronika geb. v. Creuzen","Adlige","","","","","","","","","1","511"
"person:verso","person","Verso","Gelehrter","","","","","","","","","1","244"
"person:victoire-v-sachsen-coburg-gotha","person","Victoire v. Sachsen-Coburg-Gotha","Prinzessin","","","","","","","","","1","397"
"person:viktorin-strigel","person","Viktorin Strigel","Geistlicher","","","","","Q87662","","","","6","295 296 374 375 506"
"person:villemancy","person","Villemancy","","","","","","","","","","1","739"
"person:vinz-vincentius-v-ende","person","Vinz (Vincentius) v. Ende","Adliger","","","","","","","","","1","456"
"person:vogel","person","Vogel","Subskribent","","","","","","","","","2","839"
"person:volckmar","person","Volckmar","Subskribent","","","","","","","","","1","839"
"person:volrad-v-mansfeld","person","Volrad v. Mansfeld","Adliger","","","","","","","","","1","372"
"person:von-colditz","person","von Colditz","Adelsfamilie","","","","","","","","","1","331"
"person:von-erlichshausen","person","von Erlichshausen","Adelsfamilie","","","","","","","","","2","369 372"
"person:von-heldrungen","person","von Heldrungen","Adelsfamilie","","","","","","","","","1","331"
"person:von-kaffenberg","person","von Kaffenberg","Adelsfamilie","","","","","","","","","1","353"
"person:von-landwuest","person","von Landwüst","Adelsfamilie","","","","","","","","","1","266"
"person:von-loebschitz","person","von Löbschitz","Adelsfamilie","","","","","","","","","1","266"
"person:von-oberweimar","person","von Oberweimar","Adelsfamilie","","","","","","","","","1","266"
"person:von-thuengen","person","von Thüngen","Adelsfamilie","","","","","","","","","1","353"
"person:von-uttenhoven","person","von Uttenhoven","Adelsfamilie","","","","","","","","","1","199"
"person:vtz-v-ende","person","Vtz v. Ende","Adliger","","","","","","","","","1","474"
"person:w-wolffstrigel","person","W. Wolffstrigel","Adliger","","","","","","","","","1","505"
"person:wachter","person","Wachter","Subskribent","","","","","","","","","1","839"
"person:wackernagel","person","Wackernagel","Gutsbesitzer","","","","","","","","","1","800"
"person:wagner","person","Wagner","Bürger","","","","","","","","","1","512"
"person:walego","person","Walego","Adliger","","","","","","","","","1","664"
"person:walther","person","Walther","","","","","","","","","","1","VI"
"person:walther-ferber","person","Walther Ferber","Subskribent","","","","","","","","","1","836"
"person:wartenburg","person","Wartenburg","Journalist","","","","","","","","","1","441"
"person:wehrcamp","person","Wehrcamp","Beamter","","","","","","","","","1","447"
"person:wendisch","person","Wendisch","Bürger","","","","","","","","","1","511"
"person:wendler","person","Wendler","Geistlicher","","","","","","","","","2","432 668"
"person:wenzel","person","Wenzel","König","","","","","","","","","8","198 346 357 368 809 816"
"person:werner","person","Werner","Geistlicher","","","","","","","","","2","417 839"
"person:wesser","person","Weßer","Pfarrer","","","","","","","","","1","651"
"person:wesser-subskribent","person","Wesser (Subskribent)","Subskribent","","","","","","","","","1","839"
"person:wettiner","person","Wettiner","Dynastie","","House of Wettin","","","Q152909","","","","1","345"
"person:wiedner","person","Wiedner","Subskribent","","","","","","","","","1","839"
"person:wigger","person","Wigger","Adliger","","","","","","","","","1","319"
"person:wilburg","person","Wilburg","Adlige","","","","","","","","","1","347"
"person:wildenhayn","person","Wildenhayn","Subskribent","","","","","","","","","1","839"
"person:wilh-v-bierregaard","person","Wilh. v. Bierregaard","Adliger","","","","","","","","","1","396"
"person:wilhelm","person","Wilhelm","Adliger","","","","","","","","","16","345 346 347 348 349 367 372 451 453 668 809"
"person:wilhelm-ad-v-naundorf","person","Wilhelm Ad. v. Naundorf","Gutsbesitzer","","","","","","","","","1","223"
"person:wilhelm-v-limburg-speckfeld","person","Wilhelm v. Limburg-Speckfeld","Adliger","","","","","","","","","1","394"
"person:wilhelm-von-grumbach","person","Wilhelm von Grumbach","Adliger","","","","","Q73876","","","","1","362"
"person:wilhelm-von-henneberg","person","Wilhelm von Henneberg","Adliger","","","","","","","","","1","360"
"person:wilhelm-von-koeln","person","Wilhelm von Köln","Bischof","","","","","","","","","1","289"
"person:wilhelm-von-sachsen","person","Wilhelm von Sachsen","Herzog","","","","","","","","","4","347 349 369 370"
"person:wilhelm-von-strassburg","person","Wilhelm von Strassburg","Bischof","","","","","","","","","2","349"
"person:wilhelm-von-thueringen-und-meissen","person","Wilhelm von Thüringen und Meißen","Markgraf","","","","","","","","","1","339"
"person:wilhelm-von-weimar","person","Wilhelm von Weimar","Herzog","","","","","","","","","1","453"
"person:wilhelm-louise-v-nassau-weilburg","person","Wilhelm. Louise v. Nassau-Weilburg","Gemahlin","","","","","","","","","1","401"
"person:wilhelmine","person","Wilhelmine","Prinzessin","","","","","","","","","1","396"
"person:wilhelmine-christiane","person","Wilhelmine Christiane","","","","","","","","","","1","396"
"person:wilhelmine-louise-v-lippe","person","Wilhelmine Louise v. Lippe","Gemahlin","","","","","","","","","2","398"
"person:wilhelmine-v-geuder","person","Wilhelmine v. Geuder","Gemahlin","","","","","","","","","1","398"
"person:winkler","person","Winkler","Gutsbesitzer","","","","","","","","","2","542 550"
"person:winter","person","Winter","Gutsbesitzer","","","","","","","","","1","474"
"person:wiprecht-von-groitsch","person","Wiprecht von Groitsch","Adliger","","","","","Q65633","","","","1","442"
"person:wirth","person","Wirth","Politiker","","","","","","","","","2","379 815"
"person:witticho","person","Witticho","Bischof","","","","","","","","","1","609"
"person:wittig","person","Wittig","","","","","","","","","","1","VI"
"person:wladislaus","person","Wladislaus","König","","","","","","","","","2","809 816"
"person:wladislaw","person","Wladislaw","König","","","","","Q54049","","","","2","358 710"
"person:wolf","person","Wolf","Beamter","","","","","","","","","1","447"
"person:wolf-adam-oppel","person","Wolf Adam Oppel","Gutsbesitzer","","","","","","","","","2","547 550"
"person:wolf-albrecht-v-watzdorf","person","Wolf Albrecht v. Watzdorf","Adliger","","","","","","","","","1","756"
"person:wolf-heinrich-von-reitzenstein-auf-kischling","person","Wolf Heinrich von Reitzenstein (auf Kischling)","Adliger","","","","","","","","","2","783 787"
"person:wolf-v-wolframsdorf","person","Wolf v. Wolframsdorf","Adliger","","","","","","","","","1","528"
"person:wolf-winkler","person","Wolf Winkler","Adliger","","","","","","","","","2","533 536"
"person:wolfg-fr","person","Wolfg. Fr.","Stifter","","","","","","","","","1","307"
"person:wolfgang","person","Wolfgang","Heiliger","","","","","","","","","2","201 583"
"person:wolfgang-ernst-v-isenburg","person","Wolfgang Ernst v. Isenburg","Adliger","","","","","","","","","1","401"
"person:wolfgang-heinrich-von-schoenburg-penig","person","Wolfgang Heinrich von Schönburg-Penig","Graf","","","","","","","","","1","400"
"person:wolfgang-krueger","person","Wolfgang Krüger","Gelehrter","","","","","","","","","1","752"
"person:wolfgang-rost","person","Wolfgang Rost","Geistlicher","","","","","","","","","2","671"
"person:wolfgang-v-schoenburg-penig","person","Wolfgang v. Schönburg-Penig","Adliger","","","","","","","","","1","401"
"person:wolfgang-v-uttenhoven","person","Wolfgang v. Uttenhoven","Adliger","","","","","","","","","1","448"
"person:wolfgang-werner","person","Wolfgang Werner","Geistlicher","","","","","","","","","1","716"
"person:wolfstriegel","person","Wolfstriegel","Adliger","","","","","","","","","1","337"
"person:wuensch","person","Wünsch","Subskribent","","","","","","","","","1","839"
"person:wuestling","person","Wüstling","Maler","","","","","","","","","1","446"
"person:zach-burger","person","Zach. Burger","Geistlicher","","","","","","","","","1","817"
"person:zeibich","person","Zeibich","Gelehrter","","","","","","","","","1","447"
"person:zeigermann","person","Zeigermann","Subskribent","","","","","","","","","1","840"
"person:zenker","person","Zenker","Stifter","","","","","","","","","2","309 839"
"person:zeuner","person","Zeuner","Subskribent","","","","","","","","","1","840"
"person:ziegler","person","Ziegler","Subskribent","","","","","","","","","2","840"
"person:zimmer","person","Zimmer","Zoologe","","","","","","","","","1","88"
"person:zimmermann","person","Zimmermann","Handwerker","","","","","","","","","2","515 840"
"person:zippel","person","Zippel","Subskribent","","","","","","","","","1","840"
"person:ziwa","person","Ziwa","Gottheit","","","","","","","","","1","313"
"person:zuerner","person","Zürner","Fabrikant","","","","","","","","","1","815"
"person:zwick","person","Zwick","","","","","","","","","","1","739"
"place:absang","place","Absang","Weiler","","Absang (hamlet)","","2959804","","","50.40147","11.67716","4","32 786 788"
"place:adorf","place","Adorf","Stadt","Adorf/Vogtl.","Adorf/Vogtl. (town)","","2959390","Q31870402","","50.32011","12.25986","4","160 333 356 809"
"place:aga","place","Aga","Dorf","","Aga (village)","","3209199","","","50.95","12.08333","5","11 39 40 512 524"
"place:ahornis","place","Ahornis","Dorf","","Ahornis (village)","","2959130","","","50.1959","11.69554","1","805"
"place:alaunwerk","place","Alaunwerk","Gewerbeanlage","","Alaunwerk (works)","","","","","","","2","712 826"
"place:algier","place","Algier","Stadt","Algier","Algier (town)","","","","","36.75","3.06","1","3"
"place:altbayern","place","Altbayern","Region","","Old Bavaria (region)","","","","","","","1","89"
"place:altbenatka","place","Altbenatka","Stadt","Staré Benátky","Staré Benátky (town)","","","","","","","1","498"
"place:alte-klause","place","Alte Klause","Wüstung","","Alte Klause (deserted settlement)","","","","","","","6","697 827"
"place:altenbeuthen","place","Altenbeuthen","Dorf","","Altenbeuthen (village)","","2957823","Q31877324","","50.5919","11.60062","1","49"
"place:altenburg","place","Altenburg","Stadt","","Altenburg (town)","","2957773","Q15976","","50.98763","12.43684","49","5 107 223 256 274 276 291 327 328 330 331 336 342 344 357 425 428 464 465 482 488 492 504 509 514 520 530 531 532 533 538 541 545 556 557 562 563 564 565 567 568 833"
"place:altenebersdorf","place","Altenebersdorf","Wüstung","","Altenebersdorf (deserted settlement)","","","","","","","4","738 741 742"
"place:altengesees","place","Altengesees","Dorf","","Altengesees (village)","","2957683","","","50.54845","11.54025","30","22 24 49 151 186 230 276 292 294 382 578 661 707 708 711 712 756 757 758 759 761 763 826"
"place:altenhausen","place","Altenhausen","Dorf","","Altenhausen (village)","","2957631","Q31877465","","52.26196","11.25429","1","836"
"place:altenplotho","place","Altenplotho","Amt","Altenplathow","Altenplathow (administrative district)","","","","","","","1","340"
"place:alter-markt","place","Alter Markt","Platz","","Alter Markt (square)","","","","","","","2","13 76"
"place:altgernsdorf","place","Altgernsdorf","Dorf","","Altgernsdorf (village)","","2957189","","","50.72774","12.135","1","4"
"place:altsachsen","place","Altsachsen","Region","","Old Saxony (region)","","","","","","","1","326"
"place:altstadt","place","Altstadt","Stadtteil","","Altstadt (town quarter)","","","","","","","3","34 580 583"
"place:amerika","place","Amerika","Kontinent","","America","","","","","","","3","261 720"
"place:amselberg","place","Amselberg","Flur","","Amselberg (field area)","","","","","","","1","641"
"place:amt-burgk","place","Amt Burgk","Amt","","Amt Burgk (administrative district)","","","","","","","2","48 49"
"place:amt-weida","place","Amt Weida","Amt","","Amt Weida (administrative district)","","","","","","","1","51"
"place:angermuehle","place","Angermühle","Mühle","","Angermühle (mill)","","","","","","","3","434 687 826"
"place:anhalt-zerbst-bernburg","place","Anhalt-Zerbst-Bernburg","Fürstentum","","Principality of Anhalt-Zerbst-Bernburg","","","","","","","1","363"
"place:annaberg","place","Annaberg","Stadt","Annaberg-Buchholz","Annaberg-Buchholz (town)","","8643037","Q51164090","","50.57864","13.00507","1","362"
"place:ansbach","place","Ansbach","Stadt","","Ansbach (town)","","6556829","Q14859","","49.3007","10.5692","2","796 811"
"place:apolda","place","Apolda","Stadt","","Apolda (town)","","2955770","Q31882289","","51.02624","11.51638","4","135 353 716 812"
"place:arlas","place","Arlas","Weiler","","Arlas (hamlet)","","2955580","","","50.41705","11.71335","31","22 46 200 201 244 294 295 712 797 801 802 804 805 809 810 811"
"place:arnshaugk","place","Arnshaugk","Burg","","Arnshaugk (castle)","","2955446","","","50.72944","11.74916","2","357 575"
"place:arnstadt","place","Arnstadt","Stadt","","Arnstadt (town)","","2955439","Q31884282","","50.84048","10.95198","2","65"
"place:asch","place","Asch","Stadt","Aš","Aš (town)","","","","","50.22","12.19","6","51 332 354 355 357"
"place:asien","place","Asien","Kontinent","","Asia","","","","","","","2","261"
"place:aue","place","Aue","Ortsteil","","Aue (locality)","","","","","","","1","420"
"place:auerbach","place","Auerbach","Stadt","Auerbach/Vogtl.","Auerbach/Vogtl. (town)","","2954602","Q31887013","","50.51155","12.40083","4","355 357 364"
"place:augsburg","place","Augsburg","Stadt","","Augsburg (town)","","","","","48.37","10.9","1","811"
"place:auma","place","Auma","Stadt","","Auma (town)","","2954048","Q62170","","50.70044","11.89958","13","251 332 366 592 611 617 633 634 646 739"
"place:aumuehle","place","Aumühle","Mühle","","Aumühle (mill)","","","","","","","4","712 802 803 826"
"place:aussig","place","Aussig","Stadt","Ústí nad Labem","Ústí nad Labem (town)","","","","","50.66","14.04","3","347 357"
"place:avignon","place","Avignon","Stadt","","Avignon (town)","","","","","43.95","4.81","1","663"
"place:backoefen","place","Backöfen","Flur","","Backöfen (field area)","","","","","","","1","780"
"place:backofenacker","place","Backofenacker","Flur","","Backofenacker (field area)","","","","","","","1","693"
"place:bad-liebenstein","place","Bad Liebenstein","Stadt","","Bad Liebenstein (town)","","2953409","Q14906336","","50.81569","10.35123","1","833"
"place:baireuth","place","Baireuth","Stadt","Bayreuth","Bayreuth (town)","","2951825","Q117804450","","49.94782","11.57893","6","223 238 713 794 811 813"
"place:balcke","place","Balcke","Dorf","","Balcke (village)","","","","","","","1","565"
"place:baltenheim","place","Baltenheim","Dorf","","Baltenheim (village)","","","","","","","1","53"
"place:bamberg","place","Bamberg","Stadt","","Bamberg (town)","","6556725","Q3936","","49.8934","10.89115","12","289 317 322 336 344 368 579 709 713 810 811"
"place:baerenloch","place","Bärenloch","Flur","","Bärenloch (field name)","","","","","","","1","746"
"place:baerenmuehle","place","Bärenmühle","Mühle","","Bärenmühle (mill)","","","","","","","11","31 33 49 712 745 746 747 826"
"place:baerenthal","place","Bärenthal","Flur","","Bärenthal (field area)","","","","","","","3","82 731"
"place:baerwinkel","place","Bärwinkel","Haus","","Bärwinkel (house)","","8260486","","","50.40071","11.6792","3","712 786 788"
"place:bassinplatz","place","Bassinplatz","Platz","","Bassinplatz (square)","","","","","","","2","580"
"place:bauska","place","Bauska","Dorf","","Bauska (village)","","","","","","","3","553 554"
"place:bayerisches-voigtland","place","Bayerisches Voigtland","Region","","Bavarian Vogtland (region)","","","","","","","2","3 312"
"place:bayern","place","Bayern","Land","","Bavaria (kingdom)","","2951839","Q980","","49.0","11.5","51","5 16 26 45 46 48 94 95 110 118 160 166 202 247 329 445 515 681 705 706 720 724 771 774 775 778 780 782 783 784 785 802 803 806 808 811 816 818 819 820"
"place:belgien","place","Belgien","Land","","Belgium","","","","","","","1","95"
"place:bellevue","place","Bellevue","Haus","","Bellevue (house)","","2951210","","","50.47722","11.65804","15","6 22 44 714 732 733 740 741 742 839"
"place:benignengruen","place","Benignengrün","Hammer","","Benignengrün (ironworks)","","2951086","","","50.45791","11.53265","7","22 32 33 712 770 826"
"place:berg","place","Berg","Dorf","","Berg (village)","","2950722","Q31910363","","50.37473","11.7785","16","801 802 803 804 811 825"
"place:berga","place","Berga","Stadt","Berga/Elster","Berga/Elster (town)","","2950697","Q31910417","","50.75184","12.16445","6","251 339 575 581"
"place:berggrube","place","Berggrube","Flur","","Berggrube (field area)","","","","","","","1","823"
"place:berlin","place","Berlin","Stadt","","Berlin (town)","","2950159","Q64","","52.52437","13.41053","9","6 256 278 507 591 641 718 838"
"place:bernau","place","Bernau","Stadt","","Bernau (town)","","","","","","","1","368"
"place:bethenhausen","place","Bethenhausen","Dorf","","Bethenhausen (village)","","2949762","Q31911641","","50.92922","12.19957","32","7 10 12 14 52 53 122 134 156 200 291 407 409 411 413 464 509 537 538 539 540 826 833"
"place:betzdorf","place","Betzdorf","","","","","","","","","","2","536"
"place:beulwitz","place","Beulwitz","Dorf","","Beulwitz (village)","","2949583","","","50.65566","11.32668","1","121"
"place:beunten","place","Beunten","Flur","","Beunten (field area)","","","","","","","1","781"
"place:beyersdorf","place","Beyersdorf","Wüstung","","Beyersdorf (deserted settlement)","","","","","","","1","509"
"place:beyersmuehle","place","Beyersmühle","Mühle","","Beyersmühle (mill)","","","","","","","3","598 600 826"
"place:bezirk-gera","place","Bezirk Gera","Landestheil","","Gera district (Landrathsbezirk)","","","","","","","8","91 105 115 209 237 302 742"
"place:bezirk-lobenstein-ebersdorf","place","Bezirk Lobenstein-Ebersdorf","Landestheil","","Lobenstein-Ebersdorf district (Landrathsbezirk)","","","","","","","166","VIII 5 7 8 92 93 94 95 96 97 98 99 103 104 105 106 107 108 109 110 111 112 113 114 115 116 117 118 168 170 172 209 211 212 213 216 217 218 224 225 226 227 230 233 234 235 236 237 239 240 245 246 252 253 254 255 256 258 259 262 270 271 273 274 275 292 293 297 298 299 304 306 308 379 396 398 415 570 571 574 578 588 706 707 731 791 812 832"
"place:bezirk-schleiz","place","Bezirk Schleiz","Landestheil","","Schleiz district","","","","","","","13","VIII 91 115 209 215 256 259 570 574"
"place:bieblach","place","Bieblach","Dorf","","Bieblach (village)","","2949237","","","50.89626","12.08855","23","12 52 76 77 124 204 218 280 302 350 409 411 413 421 427 432 445 552 558 826 833"
"place:birkenbuehl","place","Birkenbühl","Flur","","Birkenbühl (field area)","","","","","","","1","626"
"place:birkenfeld","place","Birkenfeld","Flur","","Birkenfeld (field area)","","","","","","","1","641"
"place:birkenhain","place","Birkenhain","Einzelhaus","","Birkenhain (isolated house, Pirk)","","","","","","","2","800"
"place:blankenberg","place","Blankenberg","Dorf","","Blankenberg (village)","","2948081","Q686505","","50.40299","11.71623","17","25 46 242 332 345 664 714 784 789 803 804 805 809"
"place:blankenhain","place","Blankenhain","Stadt","","Blankenhain (town)","","2948058","Q31915880","","50.85993","11.3439","1","536"
"place:blankenstein","place","Blankenstein","Dorf","Blankenstein (Saale)","Blankenstein (Saale) (village)","","2948033","Q627672","","50.40213","11.69898","27","32 33 46 203 222 244 245 707 708 711 712 782 783 784 785 786 787 788 790 804 826 828 834"
"place:blintendorf","place","Blintendorf","Dorf","","Blintendorf (village)","","2947706","","","50.44775","11.80597","32","23 27 28 222 242 247 275 707 708 711 712 791 792 793 794 795 797 808 809 810 811 826 827"
"place:boehmen","place","Böhmen","Land","","Bohemia (kingdom/crown land)","","","Q39193","","49.8","15.0","58","3 19 30 51 120 197 315 317 319 344 345 348 355 356 357 359 360 361 362 365 366 367 368 373 403 414 444 630 710 793 794 808 809 810 816"
"place:boehmsdorf","place","Böhmsdorf","Dorf","","Böhmsdorf (village)","","","","","","","11","48 121 574 594 636"
"place:boitersreuth","place","Boitersreuth","Dorf","","Boitersreuth (village)","","","","","","","1","261"
"place:bonn","place","Bonn","Stadt","","Bonn (town)","","","","","50.73","7.1","1","641"
"place:borna","place","Borna","Stadt","","Borna (town)","","2946172","Q31918484","","51.12416","12.49639","1","356"
"place:bornberg","place","Bornberg","Flur","","Bornberg (field area)","","","","","","","1","481"
"place:bornfluss","place","Bornfluß","Flur","","Bornfluß (field area)","","","","","","","1","481"
"place:brambach","place","Brambach","Dorf","Bad Brambach","Bad Brambach (village)","","2953538","","","50.21667","12.31667","1","160"
"place:brand","place","Brand","Flur","","Brand (field area)","","","","","","","1","481"
"place:brandenburg","place","Brandenburg","Land","","Brandenburg (electorate/margraviate)","","2945356","Q1208","","52.45905","13.01582","4","340 357 591 811"
"place:brandenburg-baireuth","place","Brandenburg-Baireuth","Fürstentum","","Brandenburg-Bayreuth (margraviate)","","","Q34762","","","","4","380 797 801 811"
"place:brandstein","place","Brandstein","Dorf","","Brandstein (village)","","2945184","","","50.35982","11.81062","1","711"
"place:brasilien","place","Brasilien","Land","","Brazil","","","","","","","1","118"
"place:braunschweig","place","Braunschweig","Stadt","","Braunschweig (town)","","2945024","Q32067886","","52.26594","10.52673","2","94 837"
"place:breitenstein","place","Breitenstein","Herrschaft","","Breitenstein (lordship)","","","","","","","1","360"
"place:bremen","place","Bremen","Stadt","","Bremen (town)","","","","","53.08","8.8","2","261"
"place:bremerhaven","place","Bremerhaven","Stadt","","Bremerhaven (town)","","","","","53.55","8.58","1","261"
"place:brendlerau","place","Brendlerau","Flur","","Brendlerau (field area)","","","","","","","1","673"
"place:breslau","place","Breslau","Stadt","Wrocław","Wrocław (town)","","","","","51.11","17.03","1","664"
"place:bruck","place","Bruck","Dorf","","Bruck (village)","","2943520","","","50.36408","11.80381","1","711"
"place:brueckla","place","Brückla","Dorf","","Brückla (village)","","2943421","","","50.69752","12.04988","12","630 631 636 637 638 639 641 650"
"place:bruehl","place","Brühl","Ortsteil","","Brühl (locality)","","","","","","","1","494"
"place:bruex","place","Brüx","Stadt","Most","Most (town)","","","","","50.5","13.64","1","360"
"place:buch","place","Buch","Rittergut","","Buch (manor)","","","","","","","1","711"
"place:bucklischmuehle","place","Bucklischmühle","Mühle","","Bucklischmühle (mill)","","","","","","","1","47"
"place:burgk","place","Burgk","Dorf","","Burgk (village)","","2941226","Q31925783","","50.55603","11.71803","49","85 243 332 342 343 345 346 347 348 349 350 351 352 361 362 367 374 389 390 391 400 403 576 577 583 596 670 710 734 735"
"place:burglemniz","place","Burglemniz","Dorf","","Burglemniz (village)","","","","","","","1","763"
"place:burgund","place","Burgund","Region","","Burgundy (palatinate)","","","","","","","1","334"
"place:burkersdorf","place","Burkersdorf","Dorf","","Burkersdorf (village)","","2941021","","","50.65239","11.88084","24","21 22 36 119 125 204 227 572 573 610 617 619 620 621 826"
"place:burkhardshuebel","place","Burkhardshübel","Flur","","Burkhardshübel (field area)","","","","","","","1","626"
"place:buscha","place","Buscha","Dorf","","Buscha (village)","","2940882","","","50.95287","12.5658","2","327 334"
"place:buttermuehle","place","Buttermühle","Mühle","","Buttermühle (mill)","","","","","","","10","32 48 245 682 712 783 785 786 826"
"place:caaschwitz","place","Caaschwitz","Dorf","","Caaschwitz (village)","","2940436","Q31926983","","50.95","12.0","30","11 12 52 77 119 135 205 220 248 336 340 409 411 413 414 498 501 502 503 504 505 515 516 826"
"place:caasen","place","Caasen","Dorf","","Caasen (village)","","2940435","","","50.9303","12.18054","24","12 52 220 276 409 411 413 536 541 542 544 545 546 550 552 826"
"place:camburg","place","Camburg","Stadt","","Camburg (town)","","2940377","Q703680","","51.05524","11.70967","1","370"
"place:capstadt","place","Capstadt","Stadt","Kapstadt","Kapstadt (town)","","","","","-33.92","18.42","1","775"
"place:charleroi","place","Charleroi","Stadt","","Charleroi (town)","","","","","50.41","4.44","1","402"
"place:chemische-fabrik","place","Chemische Fabrik","Gewerbeanlage","","","","","","","","","0",""
"place:chemnitz","place","Chemnitz","Stadt","","Chemnitz (town)","","2940132","Q2795","","50.8357","12.92922","2","344 428"
"place:christianenthal","place","Christianenthal","Hammer","","Christianenthal (ironworks)","","","","","","","2","675"
"place:christiansglueck","place","Christiansglück","Gewerbeanlage","","Christiansglück (industrial site)","","","","","","","5","46 245 716 724 727"
"place:chursdorf","place","Chursdorf","Dorf","","Chursdorf (village)","","2940033","Q1089960","","50.66667","11.85","1","36"
"place:ciba","place","Ciba","Flur","","Ciba (field area)","","","","","","","1","119"
"place:coarwiz","place","Coarwiz","Dorf","","Coarwiz (village)","","","","","","","1","509"
"place:coburg","place","Coburg","Stadt","","Coburg (town)","","2939951","Q118396558","","50.25937","10.96384","1","370"
"place:collis","place","Collis","Dorf","","Collis (village)","","2939920","","","50.85762","12.11874","19","12 14 37 38 52 125 205 409 411 450 509 561 562 826"
"place:corbussen","place","Corbußen","Dorf","Korbußen","Korbußen (village)","","2885500","Q32066690","","50.89037","12.17202","15","40 544 545 555 833"
"place:cosse","place","Cosse","Wüstung","","Cosse (field area)","","","","","","","5","43 76 476 478 481"
"place:crispendorf","place","Crispendorf","Dorf","","Crispendorf (village)","","2939742","","","50.59149","11.73366","2","48 197"
"place:cronswitz","place","Cronswitz","Kloster","Cronschwitz","Cronschwitz (convent)","","2939725","","","50.78945","12.09793","30","52 331 339 341 342 345 346 352 357 364 366 372 464 466"
"place:crossen","place","Crossen","Dorf","","Crossen (village)","","2939722","","","50.75967","12.49005","1","504"
"place:cuba","place","Cuba","Dorf","","Cuba (village)","","","","","","","24","11 52 202 249 280 302 409 411 413 418 420 421 422 423 432 550 826 836"
"place:culm","place","Culm","Dorf","","Culm (village)","","","","","","","20","12 220 409 411 413 424 509 544 545 546 547 550 552 599 675 676 678 826"
"place:daenemark","place","Dänemark","Land","","Denmark","","","","","","","1","115"
"place:danzig","place","Danzig","Stadt","Gdańsk","Gdańsk (town)","","","","","54.35","18.65","5","180 358 364 614"
"place:darmstadt","place","Darmstadt","Stadt","","Darmstadt (town)","","","","","49.87","8.65","1","837"
"place:debschwitz","place","Debschwitz","Dorf","","Debschwitz (village)","","2938662","","","50.85622","12.07228","20","12 40 76 77 189 203 204 280 302 350 409 411 413 432 449 454 826 836"
"place:dels","place","Dels","Flur","","Dels (field area)","","","","","","","1","119"
"place:departement-ardeche","place","Departement Ardèche","Region","","Ardèche department (France)","","","","","","","1","110"
"place:dervellio","place","Dervellio","Burg","","Dervellio (castle)","","","","","","","1","494"
"place:desse","place","Desse","Wüstung","","Desse (deserted settlement)","","","","","","","8","119 321 489"
"place:deutsches-reich","place","Deutsches Reich","Reich","","German Reich (Holy Roman Empire)","","","","","","","1","344"
"place:deutschland","place","Deutschland","Land","","Germany","","2921044","Q183","","51.5","10.5","43","44 69 70 72 75 86 89 105 164 182 189 196 238 312 316 319 334 353 367 379 382 384 442 444 460 485 498 518 527 530 531 542 668 721 752 811 820"
"place:pflege-langenberg","place","Die Pflege Langenberg","Sonstiges","","","","","","","","","0",""
"place:dittersdorf","place","Dittersdorf","Dorf","","Dittersdorf (village)","","2936738","Q31955328","","50.65","11.81667","63","19 23 35 36 48 50 79 119 125 133 134 199 206 218 227 230 240 292 294 415 519 572 573 575 578 593 594 606 607 612 614 615 616 617 618 661 670 689 826 827 836 838"
"place:dobareuth","place","Dobareuth","Dorf","","Dobareuth (village)","","2936692","","","50.42646","11.85653","25","7 26 27 46 218 247 707 708 711 712 808 810 821 823 824 826 828"
"place:dobene","place","Dobene","Region","","Dobene (region)","","","","","","","9","317 318 320"
"place:dobitschen","place","Dobitschen","Dorf","","Dobitschen (village)","","2936600","Q31969583","","50.95727","12.28081","1","723"
"place:dockendorf","place","Dockendorf","Wüstung","","Dockendorf (deserted settlement)","","","","","","","1","795"
"place:doehlen","place","Döhlen","Ortsteil","","Döhlen (locality)","","","","","","","1","121"
"place:dohna","place","Dohna","Stadt","","Dohna (town)","","2936470","Q31969977","","50.95621","13.85839","1","308"
"place:doelau","place","Dölau","Dorf","Greiz-Dölau","Greiz-Dölau (village)","","2917734","","","50.63079","12.18405","12","389 390 391 400 403"
"place:doeles","place","Döles","Dorf","","Döles (village)","","","","","","","1","705"
"place:doerflas","place","Dörflas","Dorf","","Dörflas (village)","","2936069","","","50.57843","11.69453","2","48 121"
"place:dorna","place","Dorna","Dorf","","Dorna (village)","","2935808","","","50.91726","12.12648","81","12 14 53 78 125 133 134 135 199 200 203 204 205 207 220 292 407 409 411 413 424 442 509 523 529 531 533 535 541 542 543 544 546 547 548 549 550 551 552 557 826 829 833"
"place:dornholz","place","Dornholz","Weiler","","Dornholz (hamlet)","","2935679","","","50.4","11.85","8","22 712 812 817 818 819 834"
"place:dornik","place","Dornik","Stadt","Doornik (Tournai)","Doornik (Tournai) (town)","","","","","50.61","3.39","1","446"
"place:doertendorf","place","Dörtendorf","Dorf","","Dörtendorf (village)","","2935521","","","50.70285","12.01722","1","646"
"place:dossau","place","Dossau","Dorf","","Dossau (village)","","","","","","","2","197"
"place:dragensdorf","place","Dragensdorf","Dorf","","Dragensdorf (village)","","2935369","","","50.64592","11.83354","20","6 50 124 200 227 572 573 606 610 612 614 615 616 617 619 826"
"place:dresden","place","Dresden","Stadt","","Dresden (town)","","2935022","Q1731","","51.05089","13.73832","8","223 383 437 591 794 825 836 839"
"place:drisels","place","Drisels","Herrschaft","","Drisels (lordship)","","","","","","","1","339"
"place:drognitz","place","Drognitz","Dorf","","Drognitz (village)","","2934895","Q31975768","","50.58792","11.57229","9","49 170 276 758 759 760"
"place:droyssig","place","Droyssig","Herrschaft","Droyßig","Droyßig (lordship)","","2934835","Q49282692","","51.04247","12.0259","2","382 397"
"place:duerrbach","place","Dürrbach","Weiler","","Dürrbach (hamlet)","","","","","","","1","753"
"place:duerre-wiese","place","Dürre Wiese","Flur","","Dürre Wiese (meadow, field name)","","","","","","","1","518"
"place:duerrenbach","place","Dürrenbach","Dorf","","Dürrenbach (village)","","2934387","","","50.44541","11.51259","13","22 712 767 770 773 774 775 826 827 828 829"
"place:duerrenberg","place","Dürrenberg","Vorwerk","","Dürrenberg (estate farm)","","","","","","","13","202 206 220 383 413 493 494 495 496 631"
"place:duerrenebersdorf","place","Dürrenebersdorf","Dorf","","Dürrenebersdorf (village)","","2934367","","","50.85045","12.02836","34","7 14 76 124 128 133 134 135 200 203 220 292 302 409 411 413 456 457 458 459 460 471 826"
"place:duerrenthal","place","Dürrenthal","Flur","","Dürrenthal (field area)","","","","","","","1","673"
"place:duerrhof","place","Dürrhof","Gut","Dürrenhof","Dürrenhof (estate)","","","","","","","1","232"
"place:duttweiler","place","Duttweiler","Dorf","","Duttweiler (village)","","","","","","","1","839"
"place:ebersberg","place","Ebersberg","Weiler","","Ebersberg (hamlet)","","2933939","","","50.48632","11.89063","2","22 701"
"place:ebersdorf","place","Ebersdorf","Marktflecken","","Ebersdorf (market town)","","2933921","Q1279760","","50.48461","11.66757","162","6 7 21 23 34 48 81 96 97 106 125 137 168 170 218 225 231 239 240 256 258 261 262 265 269 271 274 275 276 277 291 292 294 299 301 308 309 327 380 381 382 383 395 396 397 403 415 460 662 672 680 707 708 709 711 712 713 721 723 727 730 731 732 733 734 735 736 737 738 739 740 741 742 747 749 750 753 755 758 761 765 766 767 790 798 801 811 816 818 819 822 826 827 835 836 837 839"
"place:eckartsberga","place","Eckartsberga","Stadt","","Eckartsberga (town)","","2933720","Q31982417","","51.1238","11.56045","3","325 326 337"
"place:eckernfoerde","place","Eckernförde","Stadt","","Eckernförde (town)","","","","","54.47","9.84","2","272"
"place:eger","place","Eger","Stadt","Cheb","Cheb (town)","","","","","50.08","12.37","12","119 335 337 341 349 359 368 698"
"place:eibe","place","Eibe","Flur","","field name","","","","","","","1","806"
"place:eibenstock","place","Eibenstock","Stadt","","Eibenstock (town)","","2932738","Q31984898","","50.49431","12.59978","1","702"
"place:eibig","place","Eibig","Flur","","Eibig (field area)","","","","","","","3","744"
"place:eichenstein","place","Eichenstein","Rittergut","","Eichenstein (manor)","","2932277","","","50.38466","11.70409","4","711 712 784 785"
"place:eichicht","place","Eichicht","Dorf","","Eichicht (village)","","2932126","","","50.6113","11.43548","1","262"
"place:einzig","place","Einzig","Weiler","","Einzig (hamlet)","","","","","","","1","794"
"place:eisenach","place","Eisenach","Stadt","","Eisenach (town)","","2931574","Q31987608","","50.9807","10.31522","8","281 301 315 393 631 662 835"
"place:eisenberg","place","Eisenberg","Stadt","","Eisenberg (town)","","2931521","","","50.9686","11.90207","20","52 276 291 370 407 428 448 464 482 487 493 494 497 501 503 505 510"
"place:eisenberger-gasse-und-wassergasse","place","Eisenberger Gasse und Wassergasse","Straße","","Eisenberger Gasse und Wassergasse (street)","","","","","","","1","494"
"place:eisenbuehl","place","Eisenbühl","Rittergut","","Eisenbühl (manor)","","2931502","","","50.39689","11.75284","1","711"
"place:eitra","place","Eitra","Rittergut","Eythra","Eythra (manor)","","2928237","","","51.23046","12.29497","1","522"
"place:elbing","place","Elbing","Stadt","Elbląg","Elbląg (town)","","","","","54.16","19.4","1","342"
"place:eleonorenthal","place","Eleonorenthal","Weiler","","Eleonorenthal (hamlet)","","2931191","","","50.91667","11.98333","9","37 38 52 200 494 496 497 499"
"place:eliasbrunn","place","Eliasbrunn","Dorf","","Eliasbrunn (village)","","2931163","","","50.49648","11.60109","32","6 17 22 49 122 134 200 201 295 707 708 711 712 714 728 732 747 749 750 751 752 763 826"
"place:elsch","place","Elsch","Dorf","","Elsch (village)","","","","","","","1","121"
"place:elsterberg","place","Elsterberg","Stadt","","Elsterberg (town)","","2930687","Q31994517","","50.60841","12.16787","6","160 330 365 366 367 717"
"place:endschuetz","place","Endschütz","Dorf","","Endschütz (village)","","2930361","Q49282873","","50.78695","12.13631","1","566"
"place:engelsberg","place","Engelsberg","Burg","","Engelsberg (castle)","","","","","","","2","342 358"
"place:engelsburg","place","Engelsburg","Burg","","Engelsburg (castle)","","","","","","","1","332"
"place:engelsgraben","place","Engelsgraben","Flur","","Engelsgraben (field area)","","","","","","","1","481"
"place:enzian","place","Enzian","Haus","","Enzian (house)","","","","","","","1","434"
"place:erfurt","place","Erfurt","Stadt","","Erfurt (town)","","2929670","Q31997476","","50.97734","11.03536","20","133 135 262 276 325 330 331 338 345 356 365 366 369 389 447 771 780 805 833"
"place:erkmannsdorf","place","Erkmannsdorf","Dorf","","Erkmannsdorf (village)","","2929603","","","50.5925","11.70727","1","722"
"place:erlenwiesen","place","Erlenwiesen","Flur","","Erlenwiesen (alder meadows; field name)","","","","","","","2","683 821"
"place:erlich","place","Erlich","Flur","","Erlich (field area)","","","","","","","1","626"
"place:erlichsfelder","place","Erlichsfelder","Flur","","Erlichsfelder (fields, field name)","","","","","","","1","660"
"place:erlichsmuehle","place","Erlichsmühle","Mühle","","Erlichsmühle (mill)","","","","","","","2","541 826"
"place:erlichswiesen","place","Erlichswiesen","Flur","","Erlichswiesen (meadows, field name)","","","","","","","1","660"
"place:ernsee","place","Ernsee","Dorf","","Ernsee (village)","","2929355","","","50.87798","12.03891","31","7 14 76 124 132 200 205 218 240 409 411 413 418 419 420 423 473 474 506 508 556 826"
"place:ernstbrunn","place","Ernstbrunn","Dorf","","Ernstbrunn (village)","","","","","48.54","16.35","1","496"
"place:eschewinsdorf","place","Eschewinsdorf","Wüstung","","","","","","","","","0",""
"place:eschigsleite","place","Eschigsleite","Flur","","Eschigsleite (slope with ash trees; field name)","","","","","","","1","660"
"place:eschwinsdorf","place","Eschwinsdorf","Wüstung","","Eschwinsdorf (deserted settlement)","","","","","","","1","499"
"place:etzdorf","place","Etzdorf","Wüstung","","Etzdorf (deserted settlement)","","2928595","","","50.97696","11.94294","1","499"
"place:europa","place","Europa","Kontinent","","Europe","","","","","","","5","68 71 105 440 498"
"place:falke","place","Falke","Dorf","","Falke (village)","","","","","","","17","9 39 564 565 566 567"
"place:faule-pfuetze","place","Faule Pfütze","Flur","","Faule Pfütze (field area)","","","","","","","1","449"
"place:feilitzsch","place","Feilitzsch","Dorf","","Feilitzsch (village)","","2927510","Q32002935","","50.36667","11.93333","1","711"
"place:feldgelaenge","place","Feldgelänge","Flur","","Feldgelänge (field strips; field name)","","","","","","","1","751"
"place:flandern","place","Flandern","Region","","Flanders (region)","","","","","","","1","446"
"place:fletterreuth","place","Fletterreuth","Rittergut","","Fletterreuth (manor)","","","","","","","1","711"
"place:foerthen","place","Förthen","Dorf","","Förthen (village)","","2925693","","","50.62973","11.89344","2","19 609"
"place:franken","place","Franken","Region","","Franconia (region)","","","","","49.9","10.8","19","3 70 72 75 83 88 89 156 162 314 315 347 706 811"
"place:frankenau","place","Frankenau","Dorf","","Frankenau (village)","","2925653","","","50.92848","12.22418","5","539 540 545 833"
"place:frankendorf","place","Frankendorf","Dorf","","Frankendorf (village)","","2925618","","","50.50366","11.86047","29","21 23 29 31 122 202 205 222 227 572 573 578 661 683 684 685 686 687 688 690 695 696 826 838"
"place:frankenstein","place","Frankenstein","Burg","","Frankenstein (castle)","","","","","","","1","414"
"place:frankenthal","place","Frankenthal","Dorf","","Frankenthal (village)","","2925549","","","50.8778","12.01292","50","7 11 13 14 76 77 122 124 125 134 135 202 207 220 248 250 292 302 409 411 413 418 419 471 472 473 474 475 480 481 731 826 836"
"place:frankfurt-am-main","place","Frankfurt am Main","Stadt","Frankfurt am Main","Frankfurt am Main (town)","","","","","50.11","8.68","4","381 591 641 835"
"place:frankreich","place","Frankreich","Land","","France","","","","","46.6","2.5","8","110 115 261 366 378 383 384"
"place:frauenstein","place","Frauenstein","Herrschaft","","Frauenstein (lordship)","","","","","","","2","332 357"
"place:freiberg","place","Freiberg","Stadt","","Freiberg (town)","","2925192","Q32017434","","50.91089","13.33881","2","336 358"
"place:friesau","place","Friesau","Dorf","","Friesau (village)","","2924403","","","50.49651","11.64101","15","48 135 170 390 391 670 732 734 735"
"place:froschweide","place","Froschweide","Dorf","","Froschweide (village)","","","","","","","4","526"
"place:froessen","place","Frössen","Dorf","","Frössen (village)","","2924136","","","50.44045","11.76774","53","23 27 124 222 230 275 292 683 707 708 711 712 790 791 792 793 795 796 797 798 799 800 802 803 804 805 806 807 808 810 811 826 827"
"place:fuchsmuehle","place","Fuchsmühle","Mühle","","Fuchsmühle (mill)","","","","","","","5","12 53 488 548 549"
"place:fundhaeuser","place","Fundhäuser","Weiler","","Fundhäuser (hamlet)","","2923784","","","50.4","11.86667","2","812 827"
"place:funkenburg","place","Funkenburg","Einzelhaus","","Funkenburg (inn)","","2923749","","","50.44672","11.81168","3","794 827"
"place:fuerstenthum-gera","place","Fürstenthum Gera","Fürstentum","","Principality of Gera (until 1848)","","","","","","","1","229"
"place:fuerstenthum-lippe-detmold","place","Fürstenthum Lippe-Detmold","Fürstentum","","Principality of Lippe-Detmold","","","","","","","2","94 264"
"place:fuerstenthum-lobenstein-ebersdorf","place","Fürstenthum Lobenstein-Ebersdorf","Fürstentum","","Principality of Lobenstein-Ebersdorf (until 1848)","","","","","","","4","229 278 303 382"
"place:fuerstenthum-reuss-aeltere-linie","place","Fürstenthum Reuß ältere Linie","Land/Staat","","Principality of Reuss (older line)","","","Q531783","","","","1","3"
"place:fuerstenthum-reuss-aelterer-linie","place","Fürstenthum Reuß älterer Linie","Fürstentum","","Principality of Reuss (elder line)","","","","","","","21","4 5 8 46 47 94 98 105 271 278 291 392 574 588 598 615 644 647 660 674"
"place:fuerstenthum-reuss-juengere-linie","place","Fürstenthum Reuß jüngere Linie","Land/Staat","","Principality of Reuss (younger line)","","","Q639100","","","","3","3 16 177"
"place:fuerstenthum-reuss-juengerer-linie","place","Fürstenthum Reuß jüngerer Linie","Fürstentum","","Principality of Reuss (younger line)","","","","","","","40","I III IV VII VIII 1 4 11 30 53 88 94 95 108 110 113 115 171 247 263 271 278 281 341 378 392 405 462 537 552 835"
"place:fuerstenthum-schaumburg-lippe","place","Fürstenthum Schaumburg-Lippe","Fürstentum","","Principality of Schaumburg-Lippe","","","","","","","2","94 264"
"place:fuerstenthum-schleiz","place","Fürstenthum Schleiz","Fürstentum","","Principality of Schleiz (until 1848)","","","","","","","1","229"
"place:fuerstenthum-schwarzburg-rudolstadt","place","Fürstenthum Schwarzburg-Rudolstadt","Fürstentum","","Principality of Schwarzburg-Rudolstadt","","","","","","","12","94 103 104 105 108 110 113 115 171 271 278"
"place:fuerstenthum-schwarzburg-sondershausen","place","Fürstenthum Schwarzburg-Sondershausen","Fürstentum","","Principality of Schwarzburg-Sondershausen","","","","","","","6","4 8 94 103 113 115"
"place:fuerstenthum-waldeck","place","Fürstenthum Waldeck","Fürstentum","","Principality of Waldeck","","","","","","","2","264 278"
"place:futtergasse","place","Futtergasse","Straße","","Futtergasse (street)","","","","","","","1","494"
"place:gaehholz","place","Gähholz","Flur","","Gähholz (field area)","","","","","","","1","626"
"place:gahma","place","Gahma","Dorf","","Gahma (village)","","2923347","","","50.5231","11.53763","50","6 7 22 23 36 121 124 133 199 205 243 245 292 578 661 707 708 711 712 747 749 750 751 752 755 756 757 759 761 763 764 765 767 771 793 827 828 829 835"
"place:galenberg","place","Galenberg","Kammergut","","Galenberg (crown estate)","","","","","","","3","220 827"
"place:galgenvorwerk","place","Galgenvorwerk","Vorwerk","","Galgenvorwerk (outlying farm)","","","","","","","3","712 723 827"
"place:gartengelaengen","place","Gartengelängen","Flur","","Gartengelängen (field area)","","","","","","","1","780"
"place:gau-gera","place","Gau Gera","Region","","Gau Gera (early medieval district)","","","","","","","4","318 500 545"
"place:gau-zwickau","place","Gau Zwickau","Region","","Gau Zwickau (early medieval district)","","","","","","","1","500"
"place:gebersreuth","place","Gebersreuth","Dorf","","Gebersreuth (village)","","2922183","","","50.42897","11.89368","26","6 22 26 32 46 124 215 247 706 707 708 711 712 820 821 822 827 829"
"place:geestemuende","place","Geestemünde","Stadt","Bremerhaven-Geestemünde","Bremerhaven-Geestemünde (town)","","","","","53.54","8.59","1","261"
"place:gefell","place","Gefell","Stadt","","Gefell (town)","","2922089","Q529761","","50.44054","11.85929","64","3 46 251 275 276 334 355 357 588 689 706 792 793 794 795 796 797 801 805 807 808 809 810 811 812 817 820 821 822 823 824"
"place:geheeg","place","Geheeg","Haus","","Geheeg (house)","","","","","","","1","827"
"place:geissen","place","Geißen","Dorf","","Geißen (village)","","2921605","","","50.8617","12.00052","34","7 14 119 134 136 409 411 467 468 469 470 471 827"
"place:geithain","place","Geithain","Stadt","","Geithain (town)","","2921566","Q32028256","","51.05528","12.69674","1","356"
"place:genthin","place","Genthin","Stadt","","Genthin (town)","","2921309","Q284317","","52.40668","12.1592","1","340"
"place:gera","place","Gera","Stadt","","Gera (town; seat of the Landrathsbezirk Gera)","","2921232","Q3750","","50.88029","12.08187","1169","I VI 5 7 8 10 12 13 17 24 38 40 43 45 51 52 53 54 55 57 58 60 61 62 64 65 66 67 68 69 71 75 76 77 85 86 89 92 93 94 95 96 97 98 103 104 105 106 107 108 109 110 111 112 113 114 117 118 121 123 124 125 129 130 131 132 133 134 135 136 137 144 145 154 155 157 158 159 160 163 165 168 169 170 171 172 177 184 196 197 198 199 200 201 202 203 204 205 207 208 210 211 212 213 214 216 217 218 220 221 222 224 225 226 227 230 231 232 233 234 235 236 239 240 241 242 244 248 249 250 251 252 253 254 255 256 257 258 260 261 262 263 264 270 271 272 273 274 275 276 277 278 279 280 281 283 285 286 287 288 289 290 291 292 293 294 295 296 297 298 299 300 301 302 303 304 305 306 307 308 309 315 317 318 319 320 321 323 324 326 327 329 330 331 332 334 335 336 337 338 339 340 341 342 343 344 345 346 347 348 349 350 351 352 361 362 363 365 366 367 368 369 370 371 372 373 374 375 376 377 379 380 382 383 384 387 389 394 403 404 407 408 409 411 412 413 414 415 416 417 418 419 420 421 422 423 424 425 426 427 428 429 430 431 432 434 435 436 437 438 439 440 441 442 443 444 445 446 447 448 449 450 451 452 453 454 455 456 457 458 460 461 462 463 464 465 466 467 469 470 471 472 473 476 477 478 479 480 481 482 483 484 485 486 487 489 490 491 492 494 499 500 501 502 503 504 505 506 509 510 512 513 514 515 516 519 520 521 523 524 527 529 530 531 534 536 537 539 540 549 553 554 555 556 558 559 560 561 562 563 564 565 566 567 568 569 571 574 575 576 578 579 581 586 588 591 594 597 605 618 630 631 632 633 637 640 642 644 647 648 651 661 662 667 668 671 679 680 682 688 691 695 699 700 704 706 709 710 711 712 713 716 718 721 722 723 733 737 739 752 755 772 792 817 820 827 828 829 830 831 832 833 835 836 837 838 839 840"
"place:gera-schleiz-lobenstein","place","Gera-Schleiz-Lobenstein","Herrschaft","","Gera-Schleiz-Lobenstein (lordship)","","","","","","","3","361 658 671"
"place:gera-untermhaus","place","Gera-Untermhaus","Amt","","Gera-Untermhaus (administrative district)","","","","","","","1","648"
"place:gernrode","place","Gernrode","Stadt","Gernrode (Harz)","Gernrode (Harz) (town)","","2920999","","","51.72575","11.13876","6","340 341 364 372"
"place:gessen","place","Gessen","Dorf","","Gessen (village)","","2920820","","","50.85","12.15","1","470"
"place:giessen","place","Gießen","Stadt","","Gießen (town)","","","","","50.58","8.68","1","579"
"place:gilgengarten","place","Gilgengarten","Flur","","Gilgengarten (garden plots at the Steinthor, Lobenstein)","","","","","","","1","664"
"place:gimmel","place","Gimmel","Dorf","","Gimmel (village)","","2920374","","","50.92843","12.32095","1","327"
"place:glashuette","place","Glashütte","Hütte","","Glashütte (glassworks; hamlet at Grumbach)","","","","","","","5","629 774 779 827"
"place:glauchau","place","Glauchau","Stadt","","Glauchau (town)","","2920020","Q32033473","","50.81987","12.54493","3","644 653 687"
"place:gleima","place","Gleima","Dorf","","Gleima (village)","","2919987","","","50.52769","11.52957","1","763"
"place:gleina","place","Gleina","Dorf","","Gleina (village)","","2919984","","","50.93507","11.98587","34","10 12 13 38 40 52 119 121 124 133 250 409 411 496 498 499 500 501 827 829"
"place:gleissberg","place","Gleißberg","Burg","","Gleißberg (castle)","","","","","","","3","332 367 368"
"place:glogau","place","Glogau","Herzogtum","Głogów","Duchy of Glogau","","","","","","","1","366"
"place:gluecksmuehle","place","Glücksmühle","Mühle","","Glücksmühle (mill)","","","","","","","1","827"
"place:gluecksthal","place","Glücksthal","Hammer","","Glücksthal (ironworks)","","","","","","","1","827"
"place:goldbach","place","Goldbach","Flur","","Goldbach (field area)","","","","","","","1","626"
"place:goldbachswiese","place","Goldbachswiese","Flur","","Goldbachswiese (meadow, field name)","","","","","","","1","741"
"place:goldener-kranich","place","Goldener Kranich","Einzelhof","","","","","","","","","0",""
"place:goelsen","place","Gölsen","Herrschaft","","Gölsen (lordship)","","","","","","","1","332"
"place:goltzsch-goltischfelder","place","Goltzsch (Goltischfelder)","Flur","","Goltzsch or Goltischfelder (fields, field name)","","","","","","","2","660"
"place:gommela","place","Gommela","Dorf","Gommla","Gommla (village)","","","","","","","1","368"
"place:goeritz","place","Göritz","Dorf","","Göritz (village)","","2919005","","","50.43111","11.79425","25","27 119 121 125 222 247 707 708 711 712 726 793 797 799 800 805 806 807 810 827"
"place:goerkwitz","place","Görkwitz","Dorf","","Görkwitz (village)","","2918990","Q49283851","","50.58333","11.78333","29","23 35 36 48 85 121 124 199 207 227 232 244 246 247 572 573 578 582 583 584 593 596 600 601 609 661 827"
"place:gorlitzsch","place","Gorlitzsch","Dorf","","Gorlitzsch (village)","","2918982","","","50.83025","12.03906","6","121 409 411 460 562 827"
"place:goeschitz","place","Göschitz","Dorf","","Göschitz (village)","","2918884","Q49283857","","50.63333","11.86667","39","19 36 50 89 124 134 165 197 200 205 227 292 294 318 572 573 584 591 609 610 611 612 613 616 617 619 620 623 827 828 840"
"place:goessnitz","place","Gößnitz","Stadt","","Gößnitz (town)","","2918770","Q33442306","","50.88902","12.43292","1","561"
"place:gotha","place","Gotha","Stadt","","Gotha (town)","","2918752","Q32038418","","50.94823","10.70193","5","362 373 374 375"
"place:goettendorf","place","Göttendorf","Dorf","Göttendorf-Neuärgerniß","Göttendorf-Neuärgerniß (village)","","2918709","","","50.66667","12.06667","25","383 495 496 572 573 574 578 630 631 636 643 644 645 646 647 652 661 827"
"place:goettengruen","place","Göttengrün","Dorf","","Göttengrün (village)","","2918708","","","50.45951","11.83122","20","6 22 26 27 578 661 707 708 711 712 794 795 810 827"
"place:goettingen","place","Göttingen","Stadt","","Göttingen (town)","","2918632","Q3033","","51.53443","9.93228","2","324"
"place:gottliebsthal","place","Gottliebsthal","Weiler","","Gottliebsthal (hamlet)","","","","","","","22","29 48 207 242 246 247 712 716 720 727 728 729 827 837"
"place:gottmannsgruen","place","Gottmannsgrün","Dorf","","Gottmannsgrün (village)","","","","","","","3","814 815"
"place:graba","place","Graba","Dorf","","Graba (village)","","2918501","","","50.65453","11.35642","2","325"
"place:graefenwarth","place","Gräfenwarth","Dorf","","Gräfenwarth (village)","","2918262","","","50.52975","11.75311","48","23 28 29 31 47 106 134 200 227 230 240 243 244 276 280 572 573 661 662 665 666 670 671 672 673 674 675 676 693 732 827 829"
"place:graefenwarth-kulm","place","Gräfenwarth-Kulm","Gemeinde","","Gräfenwarth-Kulm (municipality)","","","","","","","1","292"
"place:graeslitz","place","Gräslitz","Stadt","Kraslice","Kraslice (town)","","","","","50.32","12.52","3","332 354 355"
"place:grauer-affe","place","Grauer Affe","Gasthof","","Grauer Affe (inn near Schönbrunn)","","","","","","","2","21 741"
"place:greifswald","place","Greifswald","Stadt","","Greifswald (town)","","","","","54.09","13.38","1","836"
"place:greiz","place","Greiz","Stadt","","Greiz (town)","","2917737","Q502710","","50.65778","12.19918","117","3 16 20 125 165 208 251 256 263 271 272 276 295 296 323 330 331 332 336 340 342 352 353 354 355 361 362 364 365 366 367 368 369 370 371 372 374 376 377 379 389 390 391 392 400 403 509 570 571 579 588 593 631 636 640 642 644 645 646 647 648 649 650 653 658 706 710 755 836"
"place:gries","place","Gries","Stadtteil","","Gries (town quarter)","","","","","","","9","413 418 420 421 827"
"place:grimera","place","Grimera","Flur","","Grimera (field area)","","","","","","","1","673"
"place:grimma","place","Grimma","Stadt","","Grimma (town)","","2917325","Q32042679","","51.23367","12.71959","2","307 591"
"place:groeben","place","Gröben","Flur","","Gröben (field area)","","","","","","","1","119"
"place:grobsdorf","place","Grobsdorf","Dorf","","Grobsdorf (village)","","2917207","","","50.86145","12.14833","6","119 121 471"
"place:groitschen","place","Groitschen","Dorf","","Groitschen (village)","","2917172","","","50.92254","12.16918","30","7 12 38 411 532 535 538 541 542 543 544 545 546 550 552 827 836"
"place:groitzsch","place","Groitzsch","Stadt","","Groitzsch (town)","","2917170","Q32042801","","51.15536","12.28279","3","53 544"
"place:groitzschen","place","Groitzschen","","","","","","","","","","1","409"
"place:grossaga","place","Großaga","Dorf","","Großaga (village)","","2917065","","","50.96637","12.08766","56","7 12 124 129 133 135 138 147 199 200 204 218 242 262 292 294 295 409 411 413 509 516 520 521 522 523 524 525 526 527 528 529 530 550 827"
"place:grossbocka","place","Großbocka","Dorf","","Großbocka (village)","","2916955","","","50.82035","11.97018","1","461"
"place:grossenstein","place","Großenstein","Dorf","","Großenstein (village)","","2916581","Q49283530","","50.9","12.2","8","534 540 541 542"
"place:grosshelmsdorf","place","Großhelmsdorf","Dorf","","Großhelmsdorf (village)","","2915524","","","51.0186","11.88186","1","382"
"place:grossherzogthum-baden","place","Großherzogthum Baden","Großherzogtum","","Grand Duchy of Baden","","","","","","","3","94 95 118"
"place:grossherzogthum-mecklenburg-schwerin","place","Großherzogthum Mecklenburg-Schwerin","Großherzogtum","","Grand Duchy of Mecklenburg-Schwerin","","","","","","","1","94"
"place:grossherzogthum-mecklenburg-strelitz","place","Großherzogthum Mecklenburg-Strelitz","Großherzogtum","","Grand Duchy of Mecklenburg-Strelitz","","","","","","","1","94"
"place:grossherzogthum-sachsen-weimar-eisenach","place","Großherzogthum Sachsen-Weimar-Eisenach","Großherzogtum","","Grand Duchy of Saxe-Weimar-Eisenach","","","","","","","3","8 94 278"
"place:grosssaara","place","Großsaara","Dorf","","Großsaara (village)","","2917067","","","50.85724","11.97677","42","14 43 125 134 137 202 218 292 303 409 411 413 461 462 467 468 469 470 471 484 485 487 827"
"place:groetsch","place","Grötsch","Gehöft","","Grötsch (farmstead)","","","","","","","1","516"
"place:grubersmuehle","place","Grubersmühle","Mühle","","Grubersmühle (mill)","","","","","","","3","712 764 827"
"place:grumbach","place","Grumbach","Dorf","","Grumbach (village)","","2914542","","","50.42997","11.49899","32","6 22 32 45 57 58 122 216 218 230 238 240 707 708 712 767 772 773 774 775 827"
"place:gruena","place","Grüna","Dorf","","Grüna (village)","","2914496","","","50.90728","11.97664","15","14 124 125 302 409 411 491 509 792 827"
"place:gruenau","place","Grünau","Dorf","","Grünau (village)","","2914484","","","50.52819","11.47704","1","49"
"place:grund","place","Grund","Stadt","Bad Grund (Harz)","Bad Grund (Harz) (town)","","2953451","Q15785070","","51.81021","10.23694","2","33 449"
"place:gruenmuehle","place","Grünmühle","Mühle","","Grünmühle (mill)","","","","","","","3","47 694 827"
"place:gruenwald","place","Grünwald","Herrschaft","","Grünwald (lordship)","","","","","","","1","382"
"place:gruschitz","place","Gruschitz","Flur","","Gruschitz (field area)","","","","","","","1","119"
"place:guegel","place","Gügel","Burg","","Gügel (castle)","","11496485","","","49.95181","11.06142","1","345"
"place:gumlitz","place","Gumlitz","Flur","","Gumlitz (field area)","","","","","","","1","558"
"place:gumsnitz","place","Gumsnitz","Dorf","","Gumsnitz (village)","","","","","","","1","382"
"place:guteborn","place","Guteborn","Herrschaft","","Guteborn (lordship)","","2913421","","","51.41667","13.93333","2","382"
"place:hadermannsgruen","place","Hadermannsgrün","Dorf","","Hadermannsgrün (village)","","2912793","Q1567429","","50.37946","11.76344","1","711"
"place:hainreute","place","Hainreute","Flur","","Hainreute (field area)","","","","","","","1","637"
"place:hainsberg","place","Hainsberg","Dorf","","Hainsberg (village)","","2911771","","","50.69204","12.0925","3","630 636 643"
"place:halberstadt","place","Halberstadt","Stadt","","Halberstadt (town)","","2911665","","","51.89562","11.05622","1","319"
"place:halle","place","Halle","Stadt","Halle (Saale)","Halle (Saale) (town)","","2911522","Q445500","","51.48158","11.97947","6","51 335 534 723 835"
"place:hamburg","place","Hamburg","Stadt","","Hamburg (town)","","","","","53.55","9.99","1","261"
"place:haemmerleinsmuehle","place","Hämmerleinsmühle","Mühle","","Hämmerleinsmühle (mill)","","","","","","","4","246 716 723 827"
"place:hammermuehle","place","Hammermühle","Mühle","","Hammermühle (mill)","","","","","","","6","246 694 747 814 817 827"
"place:hannover","place","Hannover","Königreich","","Hanover (kingdom)","","","","","","","1","115"
"place:harburg","place","Harburg","Stadt","Hamburg-Harburg","Hamburg-Harburg (town)","","","","","53.46","9.98","1","261"
"place:harpersdorf","place","Harpersdorf","Dorf","","Harpersdorf (village)","","2910360","","","50.87775","11.94477","29","7 10 14 39 125 204 207 248 250 409 411 413 466 483 484 485 486 487 490 509 827"
"place:harra","place","Harra","Dorf","","Harra (village)","","2910342","Q627705","","50.41667","11.68333","78","6 17 27 41 44 46 121 135 165 199 203 216 220 238 240 242 243 244 245 292 294 302 379 382 707 708 711 712 722 724 726 780 781 782 783 784 785 786 787 788 789 790 804 827 828 829"
"place:hartenstein","place","Hartenstein","Stadt","","Hartenstein (town)","","2910167","Q32053289","","50.66236","12.66966","4","332 357 373"
"place:hartmannsdorf","place","Hartmannsdorf","Dorf","","Hartmannsdorf (village)","","2910049","","","50.90901","12.00568","35","13 52 76 124 133 205 220 291 294 302 409 411 464 482 491 492 493 494 495 496 509 631 826 827 828"
"place:hasela","place","Hasela","Dorf","","Hasela (village)","","","","","","","1","709"
"place:hassfurt","place","Hassfurt","Stadt","Haßfurt","Haßfurt (town)","","2909335","Q116757367","","50.03521","10.5156","1","345"
"place:hasslersberg","place","Haßlersberg","Weiler","","Haßlersberg (hamlet)","","2909320","","","50.45463","11.53906","2","770 827"
"place:haueisen","place","Haueisen","Kammergut","","Haueisen (crown estate)","","","","","","","20","220 242 243 245 246 711 712 716 725 726 728 729 791 827"
"place:hauenstein","place","Hauenstein","Burg","","Hauenstein (castle)","","","","","","","8","332 339 341 403"
"place:haus-am-wald","place","Haus am Wald","Einzelhaus","","Haus am Wald (house)","","","","","","","1","827"
"place:hayn","place","Hayn","Rittergut","","Hayn (manor)","","2911914","","","50.92272","12.10003","4","424 530 533 721"
"place:heberndorf","place","Heberndorf","Dorf","","Heberndorf (village)","","2908538","","","50.48606","11.51375","5","26 32 763 765"
"place:hecksburg","place","Hecksburg","Dorf","","Hecksburg (village)","","","","","","","1","132"
"place:hegeholz","place","Hegeholz","Flur","","Hegeholz (field area)","","","","","","","1","641"
"place:heidefeld","place","Heidefeld","Weiler","","Heidefeld (hamlet)","","","","","","","9","18 22 24 247 820 821 827"
"place:heidelberg","place","Heidelberg","Flur","","Heidelberg (field area)","","","","","","","1","460"
"place:heiligenkreuz","place","Heiligenkreuz","Dorf","","Heiligenkreuz (village)","","","","","","","1","357"
"place:heinersdorf","place","Heinersdorf","Dorf","","Heinersdorf (village)","","2907304","","","50.47274","11.57588","42","6 18 22 25 26 27 28 36 49 202 230 292 294 707 708 711 713 716 742 743 744 747 748 826 827"
"place:heinrichsgruen","place","Heinrichsgrün","Kammergut","","Heinrichsgrün (crown estate)","","","","","","","10","22 27 220 240 712 716 778 779 780 827"
"place:heinrichshall","place","Heinrichshall","Gewerbeanlage","","Heinrichshall (industrial site)","","","","","","","14","38 45 250 251 275 277 492 507 511 827 839"
"place:heinrichshoehe","place","Heinrichshöhe","Weiler","","Heinrichshöhe (hamlet)","","2907223","","","50.39769","11.53006","6","22 776 777 827"
"place:heinrichshuette","place","Heinrichshütte","Hütte","","Heinrichshütte (works)","","","","","","","7","81 246 747 768 769 770 827"
"place:heinrichsmarkt","place","Heinrichsmarkt","Platz","","Heinrichsmarkt (square)","","","","","","","1","589"
"place:heinrichsort","place","Heinrichsort","Haus","","Heinrichsort (house)","","","","","","","6","22 712 770 773 827"
"place:heinrichsruhe","place","Heinrichsruhe","Landsitz","","Heinrichsruhe (country seat)","","2907215","","","50.55","11.81667","17","6 21 23 29 75 79 137 276 415 590 594 600 827 835"
"place:heinrichsstadt","place","Heinrichsstadt","Stadtteil","","Heinrichsstadt (town quarter)","","","","","","","6","383 580 581 586 589 590"
"place:heinrichsthal","place","Heinrichsthal","Hammer","","Heinrichsthal (ironworks)","","","","","","","4","675 827"
"place:heinsbrueck","place","Heinsbrück","Dorf","","Heinsbrück (village)","","","","","","","1","636"
"place:helbigsmuehle","place","Helbigsmühle","Mühle","","Helbigsmühle (mill)","","","","","","","3","592 593 827"
"place:helmsgruen","place","Helmsgrün","Dorf","","Helmsgrün (village)","","2906689","","","50.45972","11.5892","18","22 26 44 48 124 256 707 708 711 712 716 743 744 745 748 827"
"place:henneberg","place","Henneberg","Flur","","Henneberg (field area)","","","","","","","1","743"
"place:hennemannsreuth","place","Hennemannsreuth","Haus","","Hennemannsreuth (house)","","","","","","","4","724 725 788 827"
"place:herbesthal","place","Herbesthal","Dorf","","Herbesthal (village)","","","","","","","1","261"
"place:heringen","place","Heringen","Herrschaft","","Heringen (lordship)","","","","","","","5","332 345 346 518"
"place:hermannsdorf","place","Hermannsdorf","Wüstung","","Hermannsdorf (deserted settlement)","","","","","","","5","519 695 827"
"place:hermannsgruen","place","Hermannsgrün","Dorf","","Hermannsgrün (village)","","","","","","","2","698"
"place:hermsdorf","place","Hermsdorf","Dorf","","Hermsdorf (village)","","2905914","","","50.96327","12.15286","25","12 53 69 119 124 199 201 202 276 409 411 509 522 530 531 534 827"
"place:herrengasse","place","Herrengasse","Straße","","Herrengasse (street)","","","","","","","2","69 633"
"place:herrnhuegel","place","Herrnhügel","Flur","","Herrnhügel (field area)","","","","","","","1","644"
"place:herrnhut","place","Herrnhut","Stadt","","Herrnhut (town)","","2905643","Q32057407","","51.01624","14.74381","6","382 633 736 737 738"
"place:herrnmuehle","place","Herrnmühle","Mühle","","Herrnmühle (mill)","","","","","","","9","48 593 595 622 669 719 723 827"
"place:herrschaft-lobenstein","place","Herrschaft Lobenstein","Herrschaft","","Herrschaft Lobenstein (lordship)","","","","","","","3","713 732 791"
"place:herrschaft-saalburg","place","Herrschaft Saalburg","Herrschaft","","Herrschaft Saalburg (lordship)","","","","","","","1","678"
"place:herrschaft-schleiz","place","Herrschaft Schleiz","Herrschaft","","Herrschaft Schleiz (lordship)","","","","","","","2","292 678"
"place:herzogthum-anhalt","place","Herzogthum Anhalt","Herzogtum","","Duchy of Anhalt","","","","","","","3","94 278 281"
"place:herzogthum-nassau","place","Herzogthum Nassau","Land/Staat","","Duchy of Nassau","","","Q836680","","","","1","3"
"place:herzogthum-sachsen-altenburg","place","Herzogthum Sachsen-Altenburg","Herzogtum","","Duchy of Saxe-Altenburg","","","","","","","13","8 52 94 278 341 482 513 531 537 545 553 562 757"
"place:herzogthum-sachsen-coburg-gotha","place","Herzogthum Sachsen-Coburg-Gotha","Herzogtum","","Duchy of Saxe-Coburg and Gotha","","","","","","","3","8 95 278"
"place:herzogthum-sachsen-meiningen","place","Herzogthum Sachsen-Meiningen","Herzogtum","","Duchy of Saxe-Meiningen","","","","","","","3","8 94 278"
"place:hessen-cassel","place","Hessen-Cassel","","","","","","","","","","2","396"
"place:hessen-homburg","place","Hessen-Homburg","Landgrafschaft","","Hesse-Homburg (landgraviate)","","","","","","","1","392"
"place:heukewalde","place","Heukewalde","Dorf","Heuckewalde","Heuckewalde (village)","","2908431","Q1616448","","50.96635","12.15322","6","7 69 201 530 531"
"place:heynichen","place","Heynichen","Dorf","Heinichen","Heinichen (village)","","","","","","","1","817"
"place:hilbersdorf","place","Hilbersdorf","Dorf","","Hilbersdorf (village)","","2904817","Q32058305","","50.81667","12.15","1","567"
"place:himmelreich","place","Himmelreich","Flur","","Himmelreich (field area)","","","","","","","1","531"
"place:hirschbach","place","Hirschbach","Dorf","","Hirschbach (village)","","2903792","","","50.67122","12.07535","22","22 122 124 125 199 200 202 572 573 574 630 636 642 643 644 645 646 827"
"place:hirschberg","place","Hirschberg","Stadt","","Hirschberg (town)","","2903720","Q630383","","50.40538","11.81829","200","VI 6 21 25 26 27 28 46 79 86 95 96 97 106 124 130 131 133 137 155 157 159 168 171 190 198 200 205 208 215 220 221 223 224 239 240 244 251 257 258 261 262 270 273 275 277 279 280 283 284 285 287 289 292 294 302 304 308 332 337 354 355 356 361 380 381 382 396 403 415 684 690 707 708 709 711 712 714 727 733 792 794 795 797 800 805 807 808 809 810 811 812 814 815 816 817 818 819 820 821 822 823 824 825 827 829 831 832 836 839"
"place:hirschfeld","place","Hirschfeld","Dorf","","Hirschfeld (village)","","2903662","Q32058858","","50.94162","12.18791","40","7 12 14 53 60 124 133 197 202 292 407 409 411 509 531 532 533 534 535 536 537 538 539 540 543 550 827 833"
"place:hochland","place","Hochland","Region","","Hochland (region)","","","","","","","1","142"
"place:hockerode","place","Hockerode","Dorf","Hockeroda","Hockeroda (village)","","","","","","","1","49"
"place:hof","place","Hof","Stadt","","Hof (town)","","2902768","Q6938","","50.31297","11.91261","51","58 65 135 208 215 251 262 276 289 332 333 334 335 337 338 341 361 362 428 579 594 600 685 701 780 784 786 797 807 810 811 812 813 815 817 819 820 822 825"
"place:hofer-land","place","Hofer Land","Region","","Hof land (region around Hof)","","","","","","","2","338 711"
"place:hoefle","place","Höfle","Wüstung","","Höfle (deserted settlement)","","","","","","","3","48 585 592"
"place:hohendorf","place","Hohendorf","Wüstung","","Hohendorf (deserted settlement)","","3207400","","","50.39119","11.89637","7","199 711 731 732 827"
"place:hohenforst","place","Hohenforst","Dorf","","Hohenforst (village)","","","","","","","2","242 344"
"place:hohenleuben","place","Hohenleuben","Marktflecken","","Hohenleuben (market town)","","2901634","Q526430","","50.71128","12.05427","208","7 20 22 27 29 31 50 53 54 56 57 58 60 61 62 63 64 65 66 67 68 69 81 96 97 106 119 121 125 165 168 169 170 171 172 177 199 200 204 205 207 214 215 222 231 251 256 258 261 262 269 270 273 279 280 281 283 284 285 287 292 301 302 310 312 383 495 570 572 573 574 603 627 629 630 631 632 633 634 635 636 637 638 639 640 641 642 643 645 646 648 649 650 651 652 654 655 657 826 827 828 829 830 831 837 838 839"
"place:hohenleuben-poellwitz","place","Hohenleuben-Pöllwitz","Landestheil","","Hohenleuben-Pöllwitz (district)","","","","","","","2","26 27"
"place:hohenofenmuehle","place","Hohenofenmühle","Mühle","","Hohenofenmühle (mill)","","","","","","","2","601 827"
"place:hohenpreis","place","Hohenpreis","Rittergut","Hohenpreiß","Hohenpreiß (manor)","","2901566","","","50.43615","11.7726","12","22 222 711 712 796 798 827"
"place:hohenzollern","place","Hohenzollern","Fürstentum","","Hohenzollern (principalities)","","","","","","","1","264"
"place:hohnstein","place","Hohnstein","Herrschaft","","Hohnstein (lordship)","","","","","","","1","344"
"place:hoelle-kleinschmidt","place","Hölle (Kleinschmidt)","Haus","","Hölle (Kleinschmidt) (house)","","","","","","","1","712"
"place:holstein","place","Holstein","Region","","Holstein (region)","","","","","","","2","379 495"
"place:hoelzchen","place","Hölzchen","Flur","","Hölzchen (field area)","","","","","","","1","477"
"place:holzland","place","Holzland","Region","","Holzland (region)","","","","","","","3","10 77 156"
"place:holzmuehle","place","Holzmühle","Mühle","","Holzmühle (mill)","","","","","","","7","31 602 603 639 668 827"
"place:horla","place","Horla","Haus","","Horla (house)","","","","","","","3","119 121 807"
"place:hornsgruen","place","Hornsgrün","Gasthof","","Hornsgrün (inn)","","2898776","","","50.43058","11.57893","14","22 29 31 32 716 778 779 780 827"
"place:hundhaupten","place","Hundhaupten","Dorf","","Hundhaupten (village)","","2897572","Q32060763","","50.83333","11.98333","26","10 14 15 76 122 204 225 407 409 411 413 461 462 469 827"
"place:hungerbirke","place","Hungerbirke","Flur","","field name","","","","","","","1","524"
"place:hungriger-wolf","place","Hungriger Wolf","Gasthaus","","Hungriger Wolf (inn)","","2897349","","","50.67442","12.1035","2","20 827"
"place:huettensteinach","place","Hüttensteinach","Dorf","","Hüttensteinach (village)","","2896926","Q1652620","","50.36455","11.20717","1","770"
"place:iberg-harz","place","Iberg (Harz)","Ort","","Iberg (Harz)","","","","","","","1","33"
"place:igelsberg","place","Igelsberg","Dorf","","Igelsberg (village)","","","","","","","1","327"
"place:igelsdorf","place","Igelsdorf","Wüstung","","Igelsdorf (deserted settlement)","","","","","","","3","622 827"
"place:ilefeld","place","Ilefeld","Dorf","Ilfeld","Ilfeld (village)","","","","","51.57","10.83","1","674"
"place:ilm","place","Ilm","Dorf","","Ilm (village)","","","","","","","2","276 763"
"place:interlaken","place","Interlaken","Stadt","","Interlaken (town)","","","","","46.69","7.86","1","723"
"place:issiga","place","Issiga","Dorf","Issigau","Issigau (village)","","","","","","","1","711"
"place:italien","place","Italien","Land","","Italy","","","","","","","2","330 383"
"place:jaegera","place","Jägera","Flur","","Jägera (field area)","","","","","","","1","673"
"place:jaegersruh","place","Jägersruh","Jagdhaus","","Jägersruh (hunting lodge)","","","","","","","12","22 32 33 79 207 716 720 776 777 780 827"
"place:jagow","place","Jagow","Dorf","","Jagow (village)","","","","","","","2","335 341"
"place:jena","place","Jena","Stadt","","Jena (town)","","2895044","Q32063050","","50.92878","11.5899","34","44 120 274 276 281 295 323 332 348 358 366 369 378 442 447 466 494 614 631 662 670 713 722 737 739 789 833"
"place:joachimsmuehle","place","Joachimsmühle","Mühle","","Joachimsmühle (mill)","","","","","","","5","753 754 827"
"place:joditz","place","Joditz","Rittergut","","Joditz (manor)","","2894851","Q1691284","","50.37147","11.83777","2","711"
"place:joduschiz","place","Joduschiz","Dorf","","Joduschiz (village)","","","","","","","1","197"
"place:johannisplatz","place","Johannisplatz","Platz","","Johannisplatz (square)","","","","","","","2","429 445"
"place:juchhoeh","place","Juchhöh","Weiler","","Juchhöh (hamlet)","","2894628","Q1710806","","50.41667","11.86667","11","22 27 812 815 817 818 819 827 834"
"place:kaimberg","place","Kaimberg","Dorf","","Kaimberg (village)","","2894076","","","50.84847","12.12257","28","7 12 14 37 44 76 199 201 204 205 222 302 409 411 450 453 460 509 562 569 826 827"
"place:kalte-schaeferei","place","Kalte Schäferei","Vorwerk","","Kalte Schäferei (sheep farm, Oschitz)","","","","","","","2","21 827"
"place:kaltenborn","place","Kaltenborn","Dorf","","Kaltenborn (village)","","2893620","","","50.86997","11.96111","16","14 125 205 409 411 483 484 485 486 487 509 827"
"place:kaltenhof","place","Kaltenhof","Weiler","","Kaltenhof (hamlet)","","","","","","","2","596 600"
"place:kaemmera","place","Kämmera","Wüstung","","Kämmera (deserted settlement)","","","","","","","3","673 689 827"
"place:kammergut-galenberg","place","Kammergut Galenberg","Kammergut","","domain estate of Galenberg","","","","","","","2","741 742"
"place:kammergut-harra","place","Kammergut Harra","Kammergut","","Kammergut Harra (crown estate)","","","","","","","1","837"
"place:kammergut-hirschberg","place","Kammergut Hirschberg","Kammergut","","domain estate of Hirschberg","","","","","","","1","818"
"place:kammergut-kleinaga","place","Kammergut Kleinaga","Kammergut","","domain estate of Kleinaga","","","","","","","1","528"
"place:kammergut-poeritzsch","place","Kammergut Pöritzsch","Kammergut","","domain estate of Pöritzsch","","","","","","","1","683"
"place:kammergut-seubtendorf","place","Kammergut Seubtendorf","Kammergut","","domain estate of Seubtendorf","","","","","","","1","677"
"place:kanada","place","Kanada","Land","","Canada","","","","","","","1","75"
"place:kanis","place","Kanis","Dorf","","Kanis (village)","","","","","","","1","630"
"place:karlsbad","place","Karlsbad","Stadt","Karlovy Vary","Karlovy Vary (town)","","","","","50.23","12.87","1","376"
"place:karlsruhe","place","Karlsruhe","Stadt","","Karlsruhe (town)","","","","","49.01","8.4","1","836"
"place:kaernten","place","Kärnten","Herzogtum","","Carinthia (duchy)","","","","","","","1","329"
"place:karolinenfield","place","Karolinenfield","Kammergut","","Karolinenfield (crown estate)","","2892737","","","50.54828","11.67592","15","21 22 23 36 58 220 707 708 753 754 755 827"
"place:karolinengruen","place","Karolinengrün","Weiler","","Karolinengrün (hamlet)","","","","","","","6","415 775 827"
"place:kaeseschenke","place","Käseschenke","Schenke","","Käseschenke (inn)","","","","","","","3","7 11 827"
"place:kattenstein","place","Kattenstein","Flur","","Kattenstein (field area)","","","","","","","1","121"
"place:katzenhuegel","place","Katzenhügel","Flur","","Katzenhügel (field area)","","","","","","","1","481"
"place:kauern","place","Kauern","Dorf","","Kauern (village)","","","","","","","6","630 631 636 638"
"place:kayla","place","Kayla","Dorf","","Kayla (village)","","","","","","","2","140 185"
"place:kegelmuehle","place","Kegelmühle","Mühle","","Kegelmühle (mill)","","","","","","","4","712 817 818 827"
"place:kemptendorf","place","Kemptendorf","Dorf","","Kemptendorf (village)","","","","","","","1","671"
"place:kennitz","place","Kennitz","Dorf","","Kennitz (village)","","","","","","","1","705"
"place:kienberg","place","Kienberg","Flur","","Kienberg (field area)","","","","","","","1","641"
"place:kiessling","place","Kießling","Dorf","","Kießling (village)","","2890957","","","50.40791","11.67167","31","22 25 26 220 707 708 711 712 785 786 787 788 826 827"
"place:kirchbach","place","Kirchbach","Flur","","Kirchbach (field area)","","","","","","","1","780"
"place:kirchhuegel","place","Kirchhügel","Flur","","Kirchhügel (field area)","","","","","","","1","644"
"place:kirchplatz","place","Kirchplatz","Platz","","Kirchplatz (square)","","","","","","","1","580"
"place:kirchwiesen","place","Kirchwiesen","Flur","","Kirchwiesen (field area)","","","","","","","2","743 780"
"place:kirschgraben","place","Kirschgraben","Flur","","Kirschgraben (field area)","","","","","","","1","477"
"place:kirschkau","place","Kirschkau","Dorf","","Kirschkau (village)","","2890235","Q32065384","","50.60487","11.88708","34","6 19 23 29 34 35 134 137 199 227 230 292 310 384 415 474 572 573 606 622 623 624 625 626 627 628 629 827"
"place:kleina","place","Kleina","Dorf","","Kleina (village)","","2889823","","","50.68384","11.76161","2","119 498"
"place:kleinaga","place","Kleinaga","Dorf","","Kleinaga (village)","","2889820","","","50.96003","12.09221","44","7 12 40 53 204 218 240 251 409 411 506 509 520 522 525 526 527 528 529 530 827"
"place:kleinfalke","place","Kleinfalke","Dorf","","Kleinfalke (village)","","","","","","","26","12 37 39 52 125 276 409 412 565 566 567 568 827"
"place:kleinfriesa","place","Kleinfriesa","Ortsteil","","Kleinfriesa (locality)","","2888895","","","50.44765","11.668","7","6 48 246 712 715 716 827"
"place:kleinsaara","place","Kleinsaara","Dorf","","Kleinsaara (village)","","2888292","","","50.85396","11.95847","17","14 218 409 411 462 463 466 467 468 469 827"
"place:kleinwolschendorf","place","Kleinwolschendorf","Dorf","","Kleinwolschendorf (village)","","2887971","","","50.64906","11.94807","24","22 34 49 83 134 227 572 573 657 658 659 660 827 828"
"place:klettigsgrund","place","Klettigsgrund","Weiler","","Klettigsgrund (hamlet)","","2887848","","","50.48452","11.54792","10","33 244 245 713 746 747 827"
"place:klettigshammer","place","Klettigshammer","Hammer","","Klettigshammer (hammer works)","","","","","","","3","31 35 827"
"place:klettigsmuehle","place","Klettigsmühle","Mühle","","Klettigsmühle (mill)","","","","","","","4","21 713 747 827"
"place:klingensporn","place","Klingensporn","Rittergut","","Klingensporn (manor)","","","","","","","1","711"
"place:klipphausen","place","Klipphausen","Dorf","","Klipphausen (village)","","2887645","Q32066090","","51.06841","13.51374","1","399"
"place:klosterhammer","place","Klosterhammer","Hammer","","Klosterhammer (hammer works)","","","","","","","6","246 665 669 675 827"
"place:klostermuehle","place","Klostermühle","Mühle","","Klostermühle (mill)","","","","","","","9","42 46 47 49 199 663 665 669 827"
"place:knappenmuehle","place","Knappenmühle","Mühle","","Knappenmühle (mill)","","","","","","","2","548 827"
"place:knauermuehle","place","Knauermühle","Mühle","","Knauermühle (mill)","","","","","","","4","22 712 771 827"
"place:knopfhuette","place","Knopfhütte","Hütte","","Knopfhütte (works)","","","","","","","4","783 785 786 827"
"place:koechermuehle","place","Köchermühle","Mühle","","Köchermühle (mill)","","","","","","","2","766 827"
"place:koeditz","place","Köditz","Rittergut","","Köditz (manor)","","2886843","Q49285217","","50.33333","11.85","1","711"
"place:kohlbuehl","place","Kohlbühl","Rittergut","","Kohlbühl (manor)","","2886713","","","50.35012","11.75395","1","711"
"place:kohlhauhaeuser","place","Kohlhauhäuser","Weiler","","Kohlhauhäuser (hamlet)","","","","","","","2","22 827"
"place:kohren","place","Kohren","Stadt","Kohren-Sahlis","Kohren-Sahlis (town)","","8629529","Q97620748","","51.01979","12.60289","1","356"
"place:koeln","place","Köln","Stadt","Köln","Köln (town)","","","","","50.94","6.96","6","201 349 370 372 447 809"
"place:koenigreich-sachsen","place","Königreich Sachsen","Königreich","","Kingdom of Saxony","","","","","51.0","13.3","3","94 278 705"
"place:koenigsberg","place","Königsberg","Stadt","Kaliningrad","Kaliningrad (town)","","","","","54.71","20.51","1","722"
"place:koenigsee","place","Königsee","Stadt","","Königsee (town)","","2885895","Q550822","","50.66143","11.09748","1","348"
"place:koenigswart","place","Königswart","Herrschaft","","Königswart (lordship)","","","","","","","6","332 357 360"
"place:koenitz","place","Könitz","Dorf","","Könitz (village)","","2885723","Q33453972","","50.64979","11.48809","1","416"
"place:koepsen","place","Köpsen","Dorf","","Köpsen (village)","","2885545","","","51.16533","12.05692","2","199 203"
"place:koerner","place","Körner","Dorf","","Körner (village)","","2885436","Q49285256","","51.23126","10.58878","1","335"
"place:koskau","place","Koskau","Dorf","","Koskau (village)","","","","","","","6","232 384 670 684 686 702"
"place:koskauer-gasse","place","Koskauer Gasse","Straße","","Koskauer Gasse (street)","","","","","","","1","687"
"place:koestitz","place","Köstitz","Dorf","","Köstitz (village)","","12495110","","","50.70498","11.61333","2","119 498"
"place:kostnitz","place","Kostnitz","Stadt","Konstanz","Konstanz (town)","","","","","47.66","9.18","1","357"
"place:koestritz","place","Köstritz","Dorf","Bad Köstritz","Bad Köstritz (village)","","2953417","Q4431","","50.93032","12.01005","131","7 12 37 38 39 40 45 52 53 72 76 77 87 96 119 121 124 134 135 137 160 168 200 201 204 205 206 207 214 222 223 247 248 249 250 251 268 269 274 292 294 301 303 309 382 383 388 408 409 411 412 413 415 489 490 492 493 494 495 496 497 498 499 500 501 506 507 509 510 511 515 518 631 634 723 739 769 826 827 838 839"
"place:koestritzer-bahnhof","place","Köstritzer Bahnhof","Bahnhof","","Köstritz railway station (Pohlitz)","","","","","","","7","11 494 505 507 827"
"place:kraftsdorf","place","Kraftsdorf","Dorf","","Kraftsdorf (village)","","2885016","Q32067697","","50.87574","11.92944","51","6 7 10 14 15 39 69 76 77 144 146 202 204 205 248 407 409 411 413 476 477 478 479 483 484 485 486 487 488 489 490 509 826 827 829 836"
"place:kranich","place","Kranich","Weiler","","Kranich (hamlet)","","2884767","","","50.68478","12.00464","6","22 29 650 654 768 827"
"place:kranich-goldener","place","Kranich, goldener","Gasthof","","Goldener Kranich (inn, Reichenbach)","","","","","","","1","827"
"place:kranichfeld","place","Kranichfeld","Stadt","","Kranichfeld (town)","","2884761","Q539604","","50.85446","11.20057","24","263 264 296 350 369 370 371 372 374 375 376 377 389 403"
"place:kranichs-oder-herrnmuehle","place","Kranichs- oder Herrnmühle","Mühle","","Kranichs- oder Herrnmühle (mill)","","","","","","","3","668 669 827"
"place:kreis-leipzig","place","Kreis Leipzig","Kreis","","Leipzig district (Saxony)","","","","","","","1","51"
"place:kreis-zeitz","place","Kreis Zeitz","Kreis","","Zeitz district (Prussia)","","","","","","","1","51"
"place:krell","place","Krell","Gehöft","","Krell (farmstead)","","","","","","","1","516"
"place:kretschwitz","place","Kretschwitz","Dorf","Cretzschwitz","Cretzschwitz (village)","","2939758","","","50.94074","12.12944","32","12 14 119 205 220 251 252 409 411 413 509 530 531 532 533 534 535 537 550 552 553 827"
"place:kretzschwitz","place","Kretzschwitz","Dorf","","","","2939758","","","50.94074","12.12944","0",""
"place:kreuzberg","place","Kreuzberg","Flur","","Kreuzberg (field area)","","","","","","","1","531"
"place:kreuztanne","place","Kreuztanne","Flur","","Kreuztanne (field area)","","","","","","","1","31"
"place:krimel","place","Krimel","Flur","","Krimel (field area)","","","","","","","1","450"
"place:kroebes","place","Kröbes","Dorf","","Kröbes (village)","","","","","","","1","705"
"place:kronach","place","Kronach","Stadt","","Kronach (town)","","2883784","Q32068232","","50.23963","11.33308","2","276 775"
"place:kuechengarten","place","Küchengarten","Flur","","Küchengarten (field area)","","","","","","","1","77"
"place:kuehdorf","place","Kühdorf","Dorf","","Kühdorf (village)","","2882879","","","50.70679","12.11062","3","630 636 643"
"place:kulm","place","Kulm","Dorf","","Kulm (village)","","2882590","","","50.50727","11.75415","55","23 31 47 52 119 121 124 133 134 200 203 249 294 295 342 572 573 661 662 665 666 670 671 673 675 676 677 678 679 779 827 829"
"place:kunitz","place","Kunitz","Dorf","","Kunitz (village)","","2882486","","","50.95469","11.6365","1","366"
"place:kuensdorf","place","Künsdorf","Dorf","","Künsdorf (village)","","2882461","","","50.4777","11.77404","26","19 23 29 31 134 206 227 572 573 661 662 670 673 679 680 681 682 683 732 792 827 828"
"place:kurmuehle","place","Kurmühle","Mühle","","Kurmühle (mill)","","","","","","","2","644 827"
"place:kursachsen","place","Kursachsen","Kurfürstentum","","Electorate of Saxony","","","","","","","3","380 799 811"
"place:kussel","place","Kußel","Stadtteil","","Kußel (town quarter)","","","","","","","1","721"
"place:laasen","place","Laasen","Dorf","","Laasen (village)","","2882097","","","50.89216","12.12078","32","12 14 37 52 121 124 137 218 302 409 411 413 415 418 421 427 554 555 556 557 558 559 827"
"place:lamitz","place","Lamitz","Dorf","","Lamitz (village)","","2881754","","","50.38105","11.82455","1","711"
"place:land-ob-der-enns","place","Land ob der Enns","Land","Oberösterreich","Austria above the Enns","","","","","","","1","718"
"place:landau","place","Landau","Stadt","","Landau (town)","","","","","","","1","271"
"place:landestheil-gera","place","Landestheil Gera","Landestheil","","","","","","","","","0",""
"place:landestheil-lobenstein-ebersdorf","place","Landestheil Lobenstein-Ebersdorf","Landestheil","","","","","","","","","0",""
"place:landestheil-schleiz","place","Landestheil Schleiz","Landestheil","","","","","","","","","0",""
"place:landrathsamtsbezirk-gera","place","Landrathsamtsbezirk Gera","","","","","","","","","","1","VIII"
"place:landsberg","place","Landsberg","Stadt","","Landsberg (town)","","2881508","Q32085232","","51.52698","12.16076","2","372 509"
"place:landsendorf","place","Landsendorf","Dorf","","Landsendorf (village)","","2881492","","","50.54962","11.51185","1","763"
"place:lange-wiese","place","Lange Wiese","Flur","","Lange Wiese (meadow, field name)","","","","","","","1","518"
"place:langefeld","place","Langefeld","Dorf","","Langefeld (village)","","","","","","","1","160"
"place:langenbach","place","Langenbach","Dorf","","Langenbach (village)","","2881238","","","50.53208","11.89742","5","32 684 700 704 768"
"place:langenberg","place","Langenberg","Dorf","Gera-Langenberg","Gera-Langenberg (village)","","2881168","","","50.92163","12.05707","166","10 12 14 43 58 76 77 86 96 106 124 133 134 135 136 137 159 168 197 198 199 200 202 204 205 218 247 248 250 262 266 269 274 276 292 301 302 303 320 321 326 344 346 347 349 350 365 367 368 408 409 411 412 413 414 415 424 427 446 458 472 479 480 485 486 488 499 500 504 505 506 507 508 509 510 511 512 513 514 515 519 520 522 527 533 534 536 539 540 542 544 546 548 551 553 562 739 827"
"place:langenbuch","place","Langenbuch","Dorf","","Langenbuch (village)","","2881129","","","50.56679","11.90588","1","594"
"place:langenbucher-weggelaenge","place","langenbucher Weggelänge","Flur","","langenbucher Weggelänge (field name)","","","","","","","1","625"
"place:langengrobsdorf","place","Langengrobsdorf","Dorf","","Langengrobsdorf (village)","","2881068","","","50.85321","12.01049","14","11 14 124 203 409 411 458 467 468 470 827"
"place:langenstein","place","Langenstein","Wüstung","","Langenstein (deserted settlement)","","","","","","","3","780 827"
"place:langenwetzendorf","place","Langenwetzendorf","Dorf","","Langenwetzendorf (village)","","2880871","Q32086757","","50.67884","12.09407","47","7 82 96 125 202 204 225 383 495 572 573 574 630 631 636 642 643 644 645 646 647 652 827 838"
"place:langenwolschendorf","place","Langenwolschendorf","Dorf","","Langenwolschendorf (village)","","2880864","Q32086769","","50.63546","11.95416","40","22 23 124 134 218 262 291 292 294 339 415 572 573 574 622 625 627 629 655 657 658 659 660 827"
"place:langer-busch","place","langer Busch","Flur","","langer Busch (field name)","","","","","","","1","644"
"place:langer-winkel","place","langer Winkel","Flur","","langer Winkel (field name)","","","","","","","1","644"
"place:langgruen","place","Langgrün","Dorf","","Langgrün (village)","","2880670","","","50.45916","11.7707","35","23 29 262 578 661 670 679 681 683 684 707 708 709 711 713 726 790 791 792 804 827 828"
"place:langwassermuehle","place","Langwassermühle","Mühle","","Langwassermühle (mill)","","","","","","","9","22 32 712 716 778 779 780 827"
"place:lauenhain","place","Lauenhain","Weiler","","Lauenhain (hamlet)","","2880170","","","50.94293","12.1491","19","12 412 509 531 532 534 535 536 538 550 827"
"place:lausehuegel","place","Lausehügel","Flur","","Lausehügel (field name)","","","","","","","1","641"
"place:lausitz","place","Lausitz","Region","","Lusatia (region)","","","","","","","4","120 358 382"
"place:laewitz","place","Läwitz","Dorf","","Läwitz (village)","","2879844","","","50.6318","11.91204","4","34 570 609 610"
"place:lehden","place","Lehden","Flur","","Lehden (field name)","","","","","","","1","644"
"place:lehesten","place","Lehesten","Weiler","","Lehesten (hamlet)","","","","","","","25","21 46 69 81 119 712 766 768 770 772 773 775 782 797 805 806 807 827 836"
"place:lehmgrube","place","Lehmgrube","Flur","","Lehmgrube (field name)","","","","","","","1","481"
"place:leipzig","place","Leipzig","Stadt","","Leipzig (town)","","2879139","Q2079","","51.33962","12.37129","29","53 84 191 223 256 261 262 274 305 306 309 428 437 444 445 446 450 498 510 522 604 639 690 720 728 806 838"
"place:leitenwiesen","place","Leitenwiesen","Flur","","Leitenwiesen (field name)","","","","","","","2","660 743"
"place:leitlitz","place","Leitlitz","Dorf","","Leitlitz (village)","","2879002","","","50.61553","11.96139","22","23 27 50 124 134 148 292 350 572 573 626 627 628 629 827"
"place:lemnitzhammer","place","Lemnitzhammer","Hammer","","Lemnitzhammer (ironworks)","","11258233","","","50.43051","11.67442","11","20 27 48 245 712 786 788 790 827"
"place:lerchenberg","place","Lerchenberg","Flur","","Lerchenberg (field name)","","","","","","","1","531"
"place:lerchenhuegel","place","Lerchenhügel","Dorf","","Lerchenhügel (village)","","2878517","","","50.43333","11.73333","25","3 22 78 124 125 205 220 240 707 708 753 797 798 799 800 803 827"
"place:lessen","place","Lessen","Dorf","","Lessen (village)","","2878489","","","50.95815","12.06914","14","12 14 53 409 411 509 516 519 520 522 530 828"
"place:letschigwiese","place","Letschigwiese","Flur","","Letschigwiese (meadow, field name)","","","","","","","1","660"
"place:leuchtenberg","place","Leuchtenberg","Herrschaft","","Leuchtenberg (landgraviate)","","2878375","Q32094196","","49.59737","12.2584","2","357 368"
"place:leuers-oder-tuempfelsmuehle","place","Leuers- oder Tümpfelsmühle","Mühle","","Leuers- oder Tümpfelsmühle (mill)","","","","","","","3","610 611 828"
"place:leukera","place","Leukera","Flur","","Leukera (field name)","","","","","","","1","626"
"place:leumnitz","place","Leumnitz","Dorf","","Leumnitz (village)","","2878352","","","50.88015","12.10744","38","12 14 52 121 125 133 147 201 202 222 248 250 266 302 409 411 413 432 438 452 488 555 557 558 559 560 703 828"
"place:leutenberg","place","Leutenberg","Stadt","","Leutenberg (town)","","2878308","Q32094331","","50.56354","11.45619","8","44 750 758 761 763 765 770"
"place:lichtenau","place","Lichtenau","Wüstung","","Lichtenau (deserted settlement)","","","","","","","11","10 200 201 206 509 518 519 521 828"
"place:lichtenberg","place","Lichtenberg","Dorf","","Lichtenberg (village)","","2878112","","","50.83333","12.15","20","9 12 14 32 52 202 204 222 276 407 409 411 562 563 564 780 784 828"
"place:lichtenbrunn","place","Lichtenbrunn","Dorf","","Lichtenbrunn (village)","","2878089","","","50.42184","11.64105","18","22 26 165 256 707 708 711 712 780 781 788 828"
"place:liebau","place","Liebau","Dorf","","Liebau (village)","","2877991","","","50.56861","12.16886","1","332"
"place:liebengruen","place","Liebengrün","Dorf","","Liebengrün (village)","","2877963","","","50.56214","11.64632","2","755"
"place:liebschwitz","place","Liebschwitz","Dorf","","Liebschwitz (village)","","2877895","","","50.82786","12.09329","5","223 251 539 563 568"
"place:liechtenstein","place","Liechtenstein","Land","","Liechtenstein (principality)","","","","","","","1","264"
"place:lindenthal","place","Lindenthal","Weiler","","Lindenthal (hamlet)","","","","","","","1","12"
"place:lippisch","place","Lippisch","Flur","","Lippisch (field name)","","","","","","","1","673"
"place:livorno","place","Livorno","Stadt","","Livorno (town)","","","","","","","1","718"
"place:lobenstein","place","Lobenstein","Stadt","Bad Lobenstein","Bad Lobenstein (town)","","2876721","Q505656","","50.45223","11.6393","421","3 6 17 21 23 25 26 27 29 31 34 36 44 45 48 57 58 79 81 95 96 106 107 112 123 124 125 130 131 134 137 150 165 168 170 171 172 177 197 198 207 208 224 234 240 241 242 243 244 245 247 251 256 257 258 261 262 263 265 270 271 273 274 275 276 277 278 279 280 283 285 289 290 292 293 294 295 296 297 298 299 300 301 303 304 308 320 332 342 345 346 347 348 349 350 352 360 361 362 363 367 373 374 375 376 377 379 380 381 382 383 389 394 396 403 415 443 464 576 577 578 581 588 591 594 596 600 661 662 668 670 677 706 707 708 709 710 711 712 713 714 715 716 717 718 719 720 721 722 723 724 725 727 731 732 733 734 735 737 739 740 741 742 743 744 745 747 748 749 750 752 754 758 763 766 767 774 775 776 777 778 779 780 781 782 783 784 785 786 787 790 795 796 797 798 804 805 807 810 817 819 820 822 827 828 831 832 835 836 837 838 839"
"place:lobenstein-selbitz","place","Lobenstein-Selbitz","","","","","","","","","","2","396"
"place:lochstaedt","place","Lochstädt","Burg","","Lochstädt (castle)","","","","","","","2","358"
"place:loh","place","Loh","Flur","","Loh (field name)","","","","","","","1","626"
"place:lohbuehl","place","Lohbühl","Weiler","","Lohbühl (hamlet)","","","","","","","2","713 828"
"place:loehma","place","Löhma","Dorf","","Löhma (village)","","2876228","Q659352","","50.61167","11.85202","43","7 23 34 35 119 125 134 135 202 227 230 243 245 266 292 327 415 572 573 578 592 599 603 606 607 608 609 611 615 673 824 828"
"place:loehmaer-rasen","place","Löhmaer Rasen","Flur","","Löhmaer Rasen (field name near Löhma)","","","","","","","1","622"
"place:loehmaer-weggelaenge","place","löhmaer Weggelänge","Flur","","löhmaer Weggelänge (field name)","","","","","","","1","625"
"place:loitzsch","place","Loitzsch","Dorf","","Loitzsch (village)","","2876039","","","50.82663","12.1456","4","37 40 203 563"
"place:loitzschmuehle","place","Loitzschmühle","Mühle","","Loitzschmühle (mill)","","","","","","","3","563 828"
"place:lommatzsch","place","Lommatzsch","Stadt","","Lommatzsch (town)","","2876009","Q32109414","","51.19537","13.30917","1","501"
"place:london","place","London","Stadt","","London (town)","","","","","51.5072","-0.1276","2","382 739"
"place:loessau","place","Lössau","Dorf","","Lössau (village)","","2875817","","","50.58783","11.88422","28","6 21 23 29 30 31 35 121 124 129 134 164 384 572 573 622 623 624 625 626 828 829"
"place:lothra","place","Lothra","Dorf","","Lothra (village)","","2875773","","","50.56832","11.55844","33","22 23 49 119 201 202 230 262 276 294 382 578 661 706 707 708 709 711 712 755 756 757 758 759 760 761 762 828"
"place:louisenruhe","place","Louisenruhe","Park","","Louisenruhe (park)","","","","","","","1","78"
"place:lucka","place","Lucka","Stadt","","Lucka (town)","","2875512","Q32111420","","51.09727","12.33336","1","336"
"place:lueckenmuehle","place","Lückenmühle","Weiler","","Lückenmühle (hamlet)","","2875488","","","50.53577","11.61907","27","49 220 707 708 711 713 728 753 754 755 757 763 827 828 829 839"
"place:lueneburg","place","Lüneburg","Stadt","","Lüneburg (town)","","","","","","","3","120 121 674"
"place:lunzig","place","Lunzig","Dorf","","Lunzig (village)","","2875063","Q32112292","","50.71325","12.09294","11","53 630 631 636 637 638 639 643"
"place:lusan","place","Lusan","Dorf","Gera-Lusan","Gera-Lusan (village)","","2875019","","","50.84372","12.06517","27","12 43 121 124 133 134 201 345 409 411 413 432 435 449 451 452 453 454 455 460 828"
"place:lyon","place","Lyon","Stadt","","Lyon (town)","","","","","","","1","446"
"place:magdeburg","place","Magdeburg","Stadt","","Magdeburg (town)","","2874545","","","52.13129","11.63189","16","3 256 289 305 330 331 333 343 345 352 356 364 454 515 534 591"
"place:magwitz","place","Magwitz","Dorf","","Magwitz (village)","","2874508","","","50.42405","12.09311","1","33"
"place:magwitzhaus","place","Magwitzhaus","Weiler","","Magwitzhaus (hamlet)","","","","","","","4","725 729 828"
"place:mainz","place","Mainz","Stadt","","Mainz (town)","","","","","49.9929","8.2473","10","315 317 346 370 372 605 763"
"place:mangelsdorf","place","Mangelsdorf","Wüstung","","Mangelsdorf (deserted settlement)","","","","","","","9","671 672 692 693 828"
"place:mansfeld","place","Mansfeld","Region","","Mansfeld (region)","","","","","","","1","37"
"place:marburg","place","Marburg","Stadt","","Marburg (town)","","","","","","","3","447 591"
"place:mark-brandenburg","place","Mark Brandenburg","Land","","March of Brandenburg","","2945356","Q1208","","52.45905","13.01582","4","271 337 343 344"
"place:mark-zeitz","place","Mark Zeitz","Region","","March of Zeitz (historical region)","","","","","","","1","413"
"place:markersdorf","place","Markersdorf","Dorf","","Markersdorf (village)","","2873403","","","50.83652","12.00051","8","14 203 461 462 471"
"place:marksgruen","place","Marksgrün","Dorf","","Marksgrün (village)","","","","","","","1","711"
"place:marstallwiesen","place","Marstallwiesen","Flur","","Marstallwiesen (meadow complex at Schleiz, formerly manorial)","","","","","","","1","230"
"place:meerane","place","Meerane","Stadt","","Meerane (town)","","2872519","Q32128248","","50.84688","12.46473","4","571 644 653 687"
"place:mehla","place","Mehla","Dorf","","Mehla (village)","","2872452","","","50.68819","12.05784","14","570 630 631 635 636 638 639 642 645 649"
"place:mehlwiesen","place","Mehlwiesen","Flur","","Mehlwiesen (meadows, field name)","","","","","","","1","650"
"place:meierhof","place","Meierhof","Gehöft","","Meierhof (farmstead, Langgrün)","","","","","","","1","828"
"place:meiningen","place","Meiningen","Stadt","","Meiningen (town)","","2872225","","","50.56787","10.41521","9","I VI 5 17 135 579 706 835 836"
"place:meissen","place","Meißen","Stadt","","Meißen (town)","","2872155","Q32638348","","51.16158","13.4737","27","265 326 344 347 348 355 356 357 358 365 366 368 403 453 508 509 534"
"place:melsdorf","place","Melsdorf","Dorf","","Melsdorf (village)","","","","","","","1","350"
"place:merseburg","place","Merseburg","Stadt","","Merseburg (town)","","2871736","Q32132011","","51.35478","11.98923","3","263 319 331"
"place:metzelsdorf","place","Metzelsdorf","Wüstung","","Metzelsdorf (deserted settlement)","","","","","","","2","499 509"
"place:meucha","place","Meucha","Dorf","","Meucha (village)","","2871466","","","50.94284","12.29226","1","533"
"place:meuselwitz","place","Meuselwitz","Stadt","","Meuselwitz (town)","","2871437","Q32133329","","51.04315","12.29935","1","490"
"place:mielesdorf","place","Mielesdorf","Dorf","","Mielesdorf (village)","","2871217","","","50.52939","11.86443","32","23 29 31 48 61 121 134 144 149 232 280 292 384 572 573 578 661 695 697 698 828 829 838"
"place:mila","place","Mila","Dorf","","Mila (village)","","","","","","","1","53"
"place:milbitz","place","Milbitz","Dorf","","Milbitz (village)","","2871156","","","50.90271","12.05474","27","12 37 38 39 77 124 199 200 202 247 248 250 350 409 411 413 476 477 478 513 828 840"
"place:miselareuth","place","Miselareuth","Dorf","","Miselareuth (village)","","","","","","","1","732"
"place:misslareuth","place","Mißlareuth","Dorf","","Mißlareuth (village)","","2870946","","","50.4436","11.90807","13","18 47 195 704 705 809 820 821 822 824 825"
"place:mitteldeutschland","place","Mitteldeutschland","Region","","central Germany (region)","","","","","","","9","3 70 157 160 314 441"
"place:moeckern","place","Möckern","Dorf","","Möckern (village)","","","","","","","1","38"
"place:modera","place","Modera","Flur","","Modera (field name)","","","","","","","1","673"
"place:moedlareuth","place","Mödlareuth","Dorf","","Mödlareuth (village)","","2870231","Q672150","","50.41504","11.88359","20","6 21 26 32 46 222 230 247 707 708 711 712 808 819 820 828"
"place:moenchgruen","place","Mönchgrün","Dorf","","Mönchgrün (village)","","2869885","","","50.57983","11.76555","7","32 232 582 584 596 601"
"place:moenchsleite","place","Mönchsleite","Flur","","Mönchsleite (field name)","","","","","","","1","644"
"place:moos","place","Moos","Dorf","","Moos (village)","","2869514","","","50.40289","11.77546","1","711"
"place:mooshaeuser","place","Mooshäuser","Weiler","","Mooshäuser (hamlet)","","","","","","","2","791 828"
"place:morgenland","place","Morgenland","Region","","the Orient","","","","","","","1","592"
"place:moeschlitz","place","Möschlitz","Dorf","","Möschlitz (village)","","3207487","","","50.56553","11.75146","7","121 251 610 619 700"
"place:mosen","place","Mosen","Dorf","","Mosen (village)","","2869067","","","50.79051","12.12164","1","566"
"place:moesersmuehle","place","Mösersmühle","Mühle","","Mösersmühle (mill)","","","","","","","2","610 828"
"place:motschenmuehle","place","Motschenmühle","Mühle","","Motschenmühle (mill)","","","","","","","4","712 728 729 828"
"place:mueckern","place","Mückern","Dorf","","Mückern (village)","","2868879","","","50.90993","12.16794","5","40 545 546 548"
"place:muehlbachswiesen","place","Mühlbachswiesen","Flur","","Mühlbachswiesen (meadows, field name)","","","","","","","1","569"
"place:muehlberg","place","Mühlberg","Weiler","","Mühlberg (hamlet)","","2868536","","","50.44665","11.70663","15","15 351 361 373 630 710 724 725 729 776 788 823 828"
"place:muehldorf","place","Mühldorf","Stadt","","Mühldorf (town)","","","","","","","4","321 337 359 809"
"place:muehlhausen","place","Mühlhausen","Stadt","","Mühlhausen (town)","","2867996","Q32664001","","51.20896","10.45275","7","324 326 335 356 366"
"place:muehlleite","place","Mühlleite","Weiler","","Mühlleite (hamlet)","","","","","","","2","712 753"
"place:muehlsdorf","place","Mühlsdorf","Dorf","","Mühlsdorf (village)","","2867921","","","50.9009","12.00989","23","7 14 45 76 121 134 137 294 409 411 472 474 481 482 828"
"place:muehltroff","place","Mühltroff","Stadt","","Mühltroff (town)","","2867888","Q46880","","50.53919","11.92828","12","29 47 342 355 356 364 373 403 595"
"place:muehlwiesen","place","Mühlwiesen","Flur","","Mühlwiesen (field name)","","","","","","","1","823"
"place:muenchberg","place","Münchberg","Stadt","","Münchberg (town)","","2867726","Q33465263","","50.18952","11.78823","3","354 689 805"
"place:muenchen","place","München","Stadt","","München (town)","","","","","","","1","837"
"place:muenchenbernsdorf","place","Münchenbernsdorf","Stadt","","Münchenbernsdorf (town)","","2867707","Q33465284","","50.82114","11.93226","3","251 462"
"place:muenchenreuth","place","Münchenreuth","Dorf","","Münchenreuth (village)","","2867688","","","50.41384","11.92121","6","46 204 711 809 810 820"
"place:mylau","place","Mylau","Stadt","","Mylau (town)","","2867274","Q46885","","50.61861","12.26535","10","160 354 355 365 367 368 403"
"place:nackte-henne","place","Nackte Henne","Gasthaus","","Nackte Henne (inn, Langgrün)","","","","","","","2","791 828"
"place:naila","place","Naila","Stadt","","Naila (town)","","2867138","Q120755483","","50.33034","11.70463","2","47 83"
"place:naitschau","place","Naitschau","Dorf","","Naitschau (village)","","2867131","","","50.65661","12.10057","7","636 642 643 646 647 652"
"place:naessa","place","Nässa","Weiler","","Nässa (hamlet)","","","","","","","5","630 634 636 642 828"
"place:naulitz","place","Naulitz","Dorf","","Naulitz (village)","","2866909","","","50.8709","12.14543","3","37 40 553"
"place:naumburg","place","Naumburg","Stadt","","Naumburg (town)","","2866906","Q32174717","","51.14987","11.80979","32","132 289 322 330 331 348 370 413 417 512 522 524 579 582 583 612 621 622 627 635 663 664 665 670 675 697 797 810 811"
"place:naundorf","place","Naundorf","Dorf","","Naundorf (village)","","2866894","Q700515","","50.97763","12.2668","30","12 14 53 119 124 125 156 199 202 222 276 294 302 306 409 411 413 509 540 541 542 544 546 552 826 828 833"
"place:nawstadt","place","Nawstadt","Stadtteil","","Neustadt (suburb of Lobenstein)","","","","","","","1","721"
"place:negis","place","Negis","Dorf","","Negis (village)","","2866656","","","50.9286","12.11439","16","12 53 409 411 413 509 549 550 551 552 553 828"
"place:netzschkau","place","Netzschkau","Stadt","","Netzschkau (town)","","2866304","Q32178129","","50.61411","12.24382","1","784"
"place:neuaergerniss","place","Neuärgerniß","Dorf","","Neuärgerniß (village)","","","","","","","25","7 26 85 122 125 199 200 205 218 225 240 572 573 646 647 649 650 651 652 828"
"place:neuenbernsdorf","place","Neuenbernsdorf","Dorf","","Neuenbernsdorf (village)","","","","","","","1","368"
"place:neuhammer","place","Neuhammer","Hammer","","Neuhammer (ironworks)","","","","","","","11","20 246 712 716 724 727 729 828 838"
"place:neuhartenstein","place","Neuhartenstein","Herrschaft","","Neuhartenstein (lordship)","","","","","","","1","360"
"place:neuhaus","place","Neuhaus","Einzelhaus","","Neuhaus (single house)","","","","","","","7","712 727 729 828"
"place:neumuehle","place","Neumühle","Mühle","","Neumühle (mill)","","","","","","","6","49 593 642 764 828"
"place:neundorf","place","Neundorf","Dorf","","Neundorf (village)","","2864461","","","50.43785","11.60165","29","17 22 27 29 48 119 256 276 357 707 708 711 712 716 717 778 779 780 827 828"
"place:neustadt-an-der-orla","place","Neustadt an der Orla","Stadt","","Neustadt an der Orla (town)","","","","","","","17","251 276 428 448 457 458 518 580 606 614 616 671 720 758 806"
"place:neustaedter-kreis","place","Neustädter Kreis","Kreis","","Neustadt district (Saxe-Weimar)","","","","","","","2","3 4"
"place:neuwalkmuehle","place","Neuwalkmühle","Mühle","","Neuwalkmühle (mill)","","","","","","","4","48 716 723 828"
"place:neuwerk","place","Neuwerk","Hammer","","Neuwerk (ironworks)","","","","","","","4","246 726 728 828"
"place:neuwiesen","place","Neuwiesen","Flur","","Neuwiesen (field name)","","","","","","","1","477"
"place:niclasplatz","place","Niclasplatz","Platz","","Niclasplatz (square)","","","","","","","1","580"
"place:niebra","place","Niebra","Dorf","","Niebra (village)","","2863697","","","50.81989","12.11386","3","276 563 568"
"place:niederauerbach","place","Niederauerbach","Dorf","","Niederauerbach (village)","","11905977","","","50.54134","12.39541","1","723"
"place:niederboehmsdorf","place","Niederböhmsdorf","Dorf","","Niederböhmsdorf (village)","","","","","","","25","22 123 125 238 302 383 495 572 573 574 594 630 631 633 636 648 649 651 652 653 654 828"
"place:niedergruen","place","Niedergrün","Vorwerk","","Niedergrün (estate farm)","","","","","","","27","572 573 629 679 680 711 717 732 791 792 827 828"
"place:niederlausitz","place","Niederlausitz","Region","","Lower Lusatia (region)","","2863176","Q148689","","51.75","14.5","1","360"
"place:niederndorf","place","Niederndorf","Dorf","","Niederndorf (village)","","2863067","","","50.88238","11.97634","21","14 84 86 88 199 204 218 240 321 409 411 413 424 483 485 486 487 828"
"place:nordamerika","place","Nordamerika","Kontinent","","North America","","","","","","","2","75 118"
"place:norddeutschland","place","Norddeutschland","Region","","northern Germany (region)","","","","","","","3","261 514 687"
"place:nordhalben","place","Nordhalben","Marktflecken","","Nordhalben (market town)","","2861990","Q32192557","","50.37411","11.50992","15","17 238 332 344 345 346 349 710 774 776 777"
"place:nordhausen","place","Nordhausen","Stadt","","Nordhausen (town)","","2861982","Q32192592","","51.5018","10.7957","3","133 353"
"place:nordwestdeutschland","place","Nordwestdeutschland","Region","","north-western Germany (region)","","","","","","","1","68"
"place:norwegen","place","Norwegen","Land","","Norway","","","","","","","1","115"
"place:nuernberg","place","Nürnberg","Stadt","","Nürnberg (town)","","3220803","","","49.43083","11.08528","12","135 243 264 276 343 357 403 587 811 825"
"place:obendorf","place","Obendorf","Dorf","","Obendorf (village)","","","","","","","1","202"
"place:oberbayern","place","Oberbayern","Region","","Upper Bavaria (region)","","","","","","","1","160"
"place:oberboehmsdorf","place","Oberböhmsdorf","Dorf","","Oberböhmsdorf (village)","","2861234","","","50.56123","11.83176","31","6 21 23 30 125 134 218 232 240 243 244 245 572 573 584 594 596 620 650 826 828 829"
"place:oberes-schloesschen","place","Oberes Schlösschen","Schloß","","Oberes Schlösschen (small castle, Gera)","","","","","","","2","729 828"
"place:oberfranken","place","Oberfranken","Region","","Upper Franconia (region)","","2860681","Q10554","","49.83333","11.33333","5","70 83 158 232 813"
"place:obergreiz","place","Obergreiz","Herrschaft","","Obergreiz (lordship)","","","","","","","27","295 372 374 375 389 390 391 395 403 518 735"
"place:oberitalien","place","Oberitalien","Region","","northern Italy (region)","","","","","","","1","368"
"place:oberkoskau","place","Oberkoskau","Dorf","","Oberkoskau (village)","","2860028","","","50.49075","11.91863","13","23 27 47 205 227 572 573 661 698 699 700 828"
"place:oberkranichfeld","place","Oberkranichfeld","Herrschaft","","Oberkranichfeld (lordship)","","","","","","","11","332 369 370 403 416"
"place:oberland","place","Oberland","Region","","Upper Land (southern part of the principality)","","","","","","","28","10 15 16 22 26 29 33 41 55 64 72 75 78 88 142 167 247 660 833"
"place:oberlemnitz","place","Oberlemnitz","Dorf","","Oberlemnitz (village)","","2859921","","","50.48605","11.60617","16","7 22 36 48 280 707 708 711 716 744 745 746 747 748 828"
"place:oberleube","place","Oberleube","Flur","","Oberleube (field name)","","","","","","","1","641"
"place:oberoschitz","place","Oberoschitz","Weiler","","Oberoschitz (hamlet)","","2859467","","","50.55197","11.81049","3","240 596 598"
"place:oberpfalz","place","Oberpfalz","Region","","Upper Palatinate (region)","","2859444","Q10555","","49.5","12.0","1","312"
"place:oberroeppisch","place","Oberröppisch","Dorf","","Oberröppisch (village)","","2859247","","","50.83333","12.06667","23","37 124 133 207 409 411 413 432 435 451 454 455 456 457 460 828"
"place:obersachsen","place","Obersachsen","Vorwerk","","Obersachsen (estate farm)","","","","","","","1","711"
"place:oberschuetz","place","Oberschütz","Weiler","","Oberschütz (hamlet)","","","","","","","4","600 828"
"place:ochsenwiese","place","Ochsenwiese","Flur","","Ochsenwiese (meadow, field name)","","","","","","","1","741"
"place:oelschwiesen","place","Oelschwiesen","Flur","","Oelschwiesen (meadows, field name)","","","","","","","1","622"
"place:oelsdorf","place","Oelsdorf","Wüstung","","Oelsdorf (deserted settlement)","","","","","","","3","493 509 828"
"place:oelsdorfsmuehle","place","Oelsdorfsmühle","Mühle","","Oelsdorfsmühle (mill)","","","","","","","4","493 494 828"
"place:oelsnitz","place","Oelsnitz","Stadt","","Oelsnitz (town)","","2857919","Q32204983","","50.4147","12.1695","4","52 160 266 359"
"place:oertelsbruch","place","Oertelsbruch","Weiler","","Oertelsbruch (hamlet)","","2857017","","","50.48333","11.5","1","838"
"place:oesterreich","place","Oesterreich","Staat","","Austria","","","","","","","9","115 118 392 532 562 713 769 828"
"place:oettersdorf","place","Oettersdorf","Dorf","","Oettersdorf (village)","","2857850","Q32205298","","50.6","11.81667","29","6 19 34 36 149 572 573 574 588 592 602 603 604 605 606 828"
"place:oldenburg","place","Oldenburg","Stadt","","Oldenburg (town)","","","","","","","2","94 839"
"place:oppeln","place","Oppeln","Stadt","Opole","Opole (town)","","","","","","","1","579"
"place:orla","place","Orla","Gau","","Orla (early medieval district)","","","","","","","6","317 318 320"
"place:orlamuenda","place","Orlamünda","Herrschaft","Orlamünde","Orlamünde (county)","","","","","","","2","331 344"
"place:orlau","place","Orlau","Einzelhof","","Orlau (single house)","","","","","","","1","807"
"place:oschitz","place","Oschitz","Dorf","","Oschitz (village)","","2856925","","","50.56536","11.78783","61","21 23 34 36 43 48 119 125 133 199 201 205 218 227 244 245 276 292 384 415 572 573 574 578 588 592 596 597 598 599 600 601 604 661 679 695 826 827 828 829 836 838"
"place:ossig","place","Ossig","Dorf","","Ossig (village)","","","","","","","1","53"
"place:ossla","place","Oßla","Dorf","","Oßla (village)","","2856844","","","50.46393","11.50703","30","22 32 165 262 294 382 707 708 711 712 763 767 768 770 771 772 773 827 828"
"place:osterfelde","place","Osterfelde","Flur","","Osterfelde (field name)","","","","","","","1","639"
"place:osterland","place","Osterland","Region","","Osterland (historical region)","","3314047","","","51.0","12.5","7","3 344 347 355 366 416 447"
"place:osterstein","place","Osterstein","Schloß","","Osterstein (castle)","","2856372","","","50.88333","12.06667","57","11 13 58 76 77 78 135 137 199 200 205 313 341 348 349 361 388 413 415 416 417 419 420 421 423 426 428 435 506 578 825 828 833"
"place:ottenmuehle","place","Ottenmühle","Mühle","","Ottenmühle (mill)","","","","","","","3","47 702 828"
"place:otticha","place","Otticha","Dorf","","Otticha (village)","","2855977","","","50.82454","12.11957","17","9 12 14 37 52 123 197 203 204 250 407 409 411 562 568 569 828"
"place:paderborn","place","Paderborn","Stadt","","Paderborn (town)","","","","","","","1","314"
"place:pahnstangen","place","Pahnstangen","Dorf","","Pahnstangen (village)","","2855693","","","50.61588","11.77593","2","36 121"
"place:pahren","place","Pahren","Dorf","","Pahren (village)","","2855692","","","50.6452","11.89638","41","6 22 34 35 40 50 124 133 134 136 201 204 206 218 227 266 292 294 295 572 573 610 619 620 621 622 625 626 828 829"
"place:paizdorf","place","Paizdorf","Dorf","Paitzdorf","Paitzdorf (village)","","","","","","","1","447"
"place:palaestina","place","Palästina","Land","","Palestine","","","","","","","1","370"
"place:paris","place","Paris","Stadt","","Paris (town)","","","","","48.8566","2.3522","1","182"
"place:passau","place","Passau","Stadt","","Passau (town)","","","","","","","1","261"
"place:pastholz","place","Pastholz","Flur","","Pastholz (field name)","","","","","","","1","567"
"place:pausa","place","Pausa","Stadt","","Pausa (town)","","2855175","Q46895","","50.58172","11.99732","15","49 320 342 344 355 356 357 362 575 626 653 668"
"place:pechmuehle","place","Pechmühle","Mühle","","Pechmühle (mill)","","","","","","","5","712 797 799 800 828"
"place:pegau","place","Pegau","Stadt","","Pegau (town)","","2855068","Q32219808","","51.16715","12.25144","2","364 544"
"place:petschau","place","Petschau","Herrschaft","Bečov nad Teplou","Petschau (lordship)","","","","","","","1","360"
"place:pfaffenwiesen","place","Pfaffenwiesen","Flur","","Pfaffenwiesen (field name)","","","","","","","2","741 780"
"place:pfauenbach","place","Pfauenbach","Weiler","","Pfauenbach (hamlet)","","2854162","","","50.41667","11.85","5","712 823 824"
"place:pflanzwirrbach","place","Pflanzwirrbach","Dorf","","Pflanzwirrbach (village)","","","","","","","1","135"
"place:pflege-hirschberg","place","Pflege Hirschberg","Herrschaft","","Pflege (bailiwick) of Hirschberg","","","","","","","1","18"
"place:pflege-reichenfels","place","Pflege Reichenfels","Sonstiges","","","","","","","","","0",""
"place:pflege-saalburg","place","Pflege Saalburg","Sonstiges","","","","","","","","","0",""
"place:pforten","place","Pforten","Dorf","","Pforten (village)","","","","","","","30","12 38 52 76 124 170 200 204 222 248 250 280 302 409 411 413 432 450 460 509 548 560 562 828 829 838"
"place:pfuetz","place","Pfütz","Weiler","","Pfütz (hamlet)","","","","","","","18","3 125 712 796 797 798 799 800 828"
"place:pilsen","place","Pilsen","Stadt","Plzeň","Plzeň (town)","","","","","","","1","447"
"place:pirk","place","Pirk","Rittergut","","Pirk (manor)","","2853595","","","50.43038","11.75153","39","3 22 78 124 125 222 707 708 711 712 796 797 799 800 801 826 828"
"place:planschwitz","place","Planschwitz","Dorf","","Planschwitz (village)","","2853430","","","50.41913","12.09929","2","33 332"
"place:platte","place","Platte","Wüstung","","Platte (deserted settlement)","","","","","","","1","828"
"place:plauen","place","Plauen","Stadt","","Plauen (town)","","2853292","Q3952","","50.4973","12.13782","154","3 19 121 160 198 208 223 256 261 262 263 264 265 266 276 289 295 319 323 327 330 331 332 333 334 335 336 338 339 340 341 342 343 344 345 347 350 351 352 353 354 355 356 357 358 360 361 362 363 364 365 366 367 369 371 373 374 377 380 403 425 445 490 502 575 579 594 662 675 684 685 695 703 705 795 798 806 809 811 816 834"
"place:pleissen","place","Pleißen","Region","","Pleißen (Pleißnerland)","","","","","","","2","344 355"
"place:plesse","place","Plesse","Herrschaft","","Plesse (lordship)","","2853226","Q2099343","","51.18333","10.18333","1","345"
"place:plisni","place","Plisni","Gau","","Plisni (early medieval district)","","","","","","","2","317 318"
"place:plothen","place","Plothen","Dorf","","Plothen (village)","","2853136","Q32228263","","50.63333","11.76667","6","36 48 72 615"
"place:poderschau","place","Poderschau","Dorf","","Poderschau (village)","","","","","","","2","327 334"
"place:pohlen","place","Pohlen","Dorf","","Pohlen (village)","","2852977","","","50.80725","12.16456","36","7 9 10 12 14 37 39 52 124 200 202 276 407 410 412 413 564 565 566 567 568 828"
"place:pohligshaus","place","Pohligshaus","Einzelhaus","","Pohligshaus (single house)","","","","","","","5","740 741 828"
"place:pohlitz","place","Pohlitz","Dorf","","Pohlitz (village)","","2852971","","","50.93905","12.02525","41","11 40 57 58 124 202 207 222 248 294 383 410 411 413 445 495 504 505 506 507 509 511 512 522 826 827 828"
"place:polen","place","Polen","Land","","Poland (kingdom)","","","","","","","4","128 358 383 564"
"place:polich","place","Polich","Flur","","Polich (field name)","","","","","","","1","737"
"place:poellwitz","place","Pöllwitz","Dorf","","Pöllwitz (village)","","2852824","","","50.62381","12.03802","30","7 23 85 121 122 218 225 238 240 506 570 572 573 647 648 649 828 838"
"place:polnischer-hammer","place","Polnischer Hammer","Hammerwerk","","Polish hammer (hammer works)","","","","","","","1","724"
"place:poelzig","place","Pölzig","Dorf","","Pölzig (village)","","2852789","Q49288288","","50.95","12.2","2","276 537"
"place:pommern","place","Pommern","Land","","Pomerania","","","","","","","2","363 577"
"place:ponzelsmuehle","place","Ponzelsmühle","Mühle","","Ponzelsmühle (mill)","","","","","","","2","764 828"
"place:poeppeln","place","Pöppeln","Dorf","","Pöppeln (village)","","2852695","","","50.86667","12.05","40","12 40 76 78 119 170 230 242 302 409 411 413 418 430 432 433 448 449 471 473 545 555 557 828 833"
"place:poris","place","Poris","Dorf","","Poris (village)","","","","","","","1","37"
"place:poeritzsch","place","Pöritzsch","Dorf","","Pöritzsch (village)","","2852601","","","50.4962","11.71693","40","21 47 48 119 121 124 220 276 294 574 661 662 664 669 678 680 706 707 708 730 731 732 750 752 792 828 833"
"place:poermitz","place","Pörmitz","Dorf","","Pörmitz (village)","","2852600","Q49288290","","50.61667","11.81667","21","7 23 36 121 200 227 266 276 572 573 602 603 604 605 606 615 828"
"place:poersdorf","place","Pörsdorf","Dorf","","Pörsdorf (village)","","2852586","","","50.89479","11.98894","18","13 14 52 121 125 407 409 411 482 483 828 833"
"place:poesneck","place","Pösneck","Dorf","","Pösneck (village)","","2852531","","","50.81445","12.10935","3","566 588"
"place:posseck","place","Posseck","Dorf","","Posseck (village)","","2852528","","","50.33396","12.07552","1","337"
"place:poessneck","place","Pößneck","Stadt","","Pößneck (town)","","2852512","Q32701724","","50.69358","11.59229","8","276 443 600 720 758"
"place:posterstein","place","Posterstein","Herrschaft","","Posterstein (lordship)","","2852499","Q32233795","","50.86667","12.26667","8","332 362 365 367 368 373 374 403"
"place:potsdam","place","Potsdam","Stadt","","Potsdam (town)","","2852458","","","52.39886","13.06566","1","837"
"place:pottendorf","place","Pottendorf","Wüstung","","Pottendorf (deserted settlement)","","","","","","","25","200 201 203 205 294 295 418 419 420 421 472 479 480 481 828"
"place:pottiga","place","Pottiga","Dorf","","Pottiga (village)","","2852428","Q663791","","50.41459","11.74052","52","26 27 28 46 132 202 205 230 243 245 247 262 266 350 415 670 707 708 709 711 712 797 799 800 801 802 803 804 805 826 828"
"place:prag","place","Prag","Stadt","","Prag (town)","","","","","50.0755","14.4378","7","249 343 355 357 359 816"
"place:prenzlau","place","Prenzlau","Stadt","","Prenzlau (town)","","","","","","","1","365"
"place:presburg","place","Presburg","Stadt","Bratislava","Bratislava (town)","","","","","","","1","358"
"place:preussen","place","Preußen","Staat","","Prussia (kingdom)","","","Q27306","","","","48","3 5 94 103 104 110 115 264 271 275 325 332 334 353 358 364 383 389 392 393 399 453 518 525 531 532 538 592 739 755 793 795 797 802 804 806 808 811 820 824"
"place:preussenwiese","place","Preußenwiese","Flur","","Preußenwiese (meadow at the Untermhaus palace)","","","","","","","1","418"
"place:proestrich","place","Pröstrich","Weiler","","Pröstrich (hamlet)","","","","","","","5","713 770 773 774 828"
"place:provinz-sachsen","place","Provinz Sachsen","Provinz","","Province of Saxony (Prussia)","","","","","","","1","51"
"place:ptolemais","place","Ptolemais","Stadt","Akkon","Akkon (town)","","","","","","","2","198 329"
"place:quarkschenke","place","Quarkschenke","Schenke","","Quarkschenke (inn)","","","","","","","3","828 834"
"place:quaschwitz","place","Quaschwitz","Dorf","","Quaschwitz (village)","","2851493","","","50.68333","11.7","2","119 498"
"place:quedlinburg","place","Quedlinburg","Stadt","","Quedlinburg (town)","","2851465","Q32242476","","51.78843","11.15006","11","326 330 342 358 364 402 414 425 443"
"place:quellenwiesen","place","Quellenwiesen","Flur","","Quellenwiesen (meadows at the headwaters of the Mühlbach)","","","","","","","1","774"
"place:quire","place","Quire","Weiler","","Quire (hamlet)","","","","","","","5","812 817 819 828"
"place:rabe","place","Rabe","Dorf","","Rabe (village)","","","","","","","1","53"
"place:raila","place","Raila","Dorf","","Raila (village)","","2850828","","","50.51814","11.79251","26","47 61 121 179 232 243 572 573 578 596 661 665 670 673 675 676 678 679 732 828"
"place:railamuehle","place","Railamühle","Mühle","","Railamühle (mill)","","","","","","","1","828"
"place:ranis","place","Ranis","Stadt","","Ranis (town)","","2850484","Q32246396","","50.66132","11.56912","1","251"
"place:rauschengesees","place","Rauschengesees","Dorf","","Rauschengesees (village)","","2849870","","","50.52312","11.52606","5","732 763 764"
"place:reckenitz","place","Reckenitz","Gau","","Reckenitz (early medieval district)","","","","","","","3","317 318"
"place:regensburg","place","Regensburg","Stadt","","Regensburg (town)","","3220857","Q32067968","","49.01315","12.1119","1","704"
"place:regnitzland","place","Regnitzland","Region","","Regnitzland (historical region)","","","","","","","19","17 264 318 321 334 336 337 338 403"
"place:reichardtsdorf","place","Reichardtsdorf","Dorf","","Reichardtsdorf (village)","","2849212","","","50.91892","11.97399","8","52 334 491 499 509"
"place:reichenbach","place","Reichenbach","Dorf","","Reichenbach (village)","","2849152","","","50.86861","11.87801","38","12 14 124 251 252 322 333 354 355 356 364 365 367 368 403 410 411 509 516 517 522 523 526 527 528 529 530 709 809 827 828"
"place:reichenfels","place","Reichenfels","Herrschaft","","Reichenfels (lordship)","","","","","","","102","8 20 79 83 86 94 106 137 199 201 205 240 256 264 302 332 341 343 345 346 347 349 361 362 367 374 375 376 383 415 495 571 574 575 576 577 578 588 630 632 633 634 635 636 637 639 640 641 642 645 647 650 651 652 654 661 828"
"place:reinhardswalde","place","Reinhardswalde","Dorf","","Reinhardswalde (village)","","","","","","","3","705 828"
"place:reinholdsmaschine","place","Reinholdsmaschine","Gewerbeanlage","","Reinholdsmaschine (machine works, Lobenstein)","","","","","","","1","828"
"place:reitbahn","place","Reitbahn","Platz","","Reitbahn (square)","","","","","","","1","429"
"place:reitzenstein","place","Reitzenstein","Dorf","","Reitzenstein (village)","","2848350","","","50.37552","11.73584","3","204 332 344"
"place:remda","place","Remda","Stadt","","Remda (town)","","2848326","","","50.75944","11.2272","2","763 767"
"place:remptendorf","place","Remptendorf","Dorf","","Remptendorf (village)","","2848277","Q32253241","","50.53333","11.65","12","49 170 670 734 740 753 755"
"place:remse","place","Remse","Dorf","","Remse (village)","","2848269","Q32253278","","50.85","12.56667","1","334"
"place:rennstieg","place","Rennstieg","Weg","Rennsteig","Rennsteig (ridge road)","","","","","","","2","17 216"
"place:reussenland","place","Reußenland","Land","","Reuss (the country)","","","","","","","58","3 4 8 32 45 46 50 61 71 72 81 85 89 104 108 127 181 203 263 271 272 281 291 323 341 377 378 381 382 428 447 464 465 489 540 739 754 801 804 818"
"place:reuth","place","Reuth","Dorf","","Reuth (village)","","2847766","","","50.46969","11.95939","13","47 275 695 698 702 703 705 822"
"place:reuthwiesen","place","Reuthwiesen","Flur","","Reuthwiesen (meadows, field name)","","","","","","","1","689"
"place:ribberow","place","Ribberow","Dorf","","Ribberow (village)","","","","","","","1","402"
"place:riedelsmuehle","place","Riedelsmühle","Mühle","","Riedelsmühle (mill)","","","","","","","1","828"
"place:rittergut-blankenberg","place","Rittergut Blankenberg","Rittergut","","manor of Blankenberg","","","","","","","1","804"
"place:rittergut-blintendorf","place","Rittergut Blintendorf","Rittergut","","manor of Blintendorf","","","","","","","1","806"
"place:rittergut-duerrenberg","place","Rittergut Dürrenberg","Rittergut","","manor of Dürrenberg","","","","","","","1","491"
"place:rittergut-frankendorf","place","Rittergut Frankendorf","Rittergut","","manor of Frankendorf","","","","","","","1","700"
"place:rittergut-frankenthal","place","Rittergut Frankenthal","Rittergut","","manor of Frankenthal","","","","","","","1","474"
"place:rittergut-froessen","place","Rittergut Frössen","Rittergut","","manor of Frössen","","","","","","","1","806"
"place:rittergut-grosssaara","place","Rittergut Großsaara","Rittergut","","manor of Großsaara","","","","","","","1","470"
"place:rittergut-harra","place","Rittergut Harra","Rittergut","","manor of Harra","","","","","","","1","783"
"place:rittergut-kaimberg","place","Rittergut Kaimberg","Rittergut","","manor of Kaimberg","","","","","","","1","561"
"place:rittergut-lichtenberg","place","Rittergut Lichtenberg","Rittergut","","manor of Lichtenberg","","","","","","","1","569"
"place:rittergut-pforten","place","Rittergut Pforten","Rittergut","","manor of Pforten","","","","","","","2","561"
"place:rittergut-reichenfels","place","Rittergut Reichenfels","Rittergut","","manor of Reichenfels","","","","","","","1","647"
"place:rittergut-rubitz","place","Rittergut Rubitz","Rittergut","","manor of Rubitz","","","","","","","1","477"
"place:rittergut-scheubengrobsdorf","place","Rittergut Scheubengrobsdorf","Rittergut","","manor of Scheubengrobsdorf","","","","","","","1","474"
"place:rittergut-schilbach","place","Rittergut Schilbach","Rittergut","","manor of Schilbach","","","","","","","2","683 705"
"place:rittergut-steinbruecken","place","Rittergut Steinbrücken","Rittergut","","manor of Steinbrücken","","","","","","","1","519"
"place:rittergut-zollgruen","place","Rittergut Zollgrün","Rittergut","","manor of Zollgrün","","","","","","","1","677"
"place:rittergut-zschippach","place","Rittergut Zschippach","Rittergut","","manor of Zschippach","","","","","","","1","550"
"place:roben","place","Roben","Dorf","","Roben (village)","","2846282","","","50.94254","12.05413","43","12 14 53 121 146 201 202 292 293 294 410 411 495 496 507 509 512 515 516 517 518 519 520 523 553 828 836"
"place:rochsburg","place","Rochsburg","Herrschaft","","Rochsburg (lordship)","","2846256","","","50.94626","12.76106","4","332 347 349"
"place:roda","place","Roda","Stadt","Stadtroda","Stadtroda (town)","","","","","","","10","171 274 276 348 448 467 471 501 551"
"place:rodacherbrunn","place","Rodacherbrunn","Weiler","","Rodacherbrunn (hamlet)","","2846163","","","50.41935","11.53076","11","22 45 708 712 713 775 776 777 828"
"place:rode","place","Rode","Wüstung","","Rode (deserted settlement)","","","","","","","2","531"
"place:roedel","place","Rödel","Wüstung","","Rödel (deserted settlement)","","","","","","","4","509 526 527 828"
"place:roedelsdorf","place","Rödelsdorf","","","","","","","","","","1","527"
"place:roedelsgruen","place","Rödelsgrün","Einzelhof","","Rödelsgrün (single house)","","","","","","","5","726 729 828"
"place:roedelshammer","place","Rödelshammer","Hammer","","Rödelshammer (ironworks)","","","","","","","5","246 716 727 828"
"place:roedern","place","Rödern","Weiler","","Rödern (hamlet)","","2845980","","","50.53172","11.62407","10","230 578 615 661 711 713 753 754 828"
"place:roedersdorf","place","Rödersdorf","Dorf","","Rödersdorf (village)","","2845970","","","50.63056","11.85167","35","34 50 227 262 292 295 572 573 606 610 611 612 613 614 616 617 618 623 828"
"place:rohrbachswiesen","place","Rohrbachswiesen","Flur","","Rohrbachswiesen (meadows, field name)","","","","","","","1","773"
"place:rom","place","Rom","Stadt","","Rom (town)","","","","","","","2","198 329"
"place:ronneburg","place","Ronneburg","Stadt","","Ronneburg (town)","","2845229","Q554655","","50.8634","12.18666","42","3 52 262 276 291 323 330 332 352 354 355 365 367 368 372 403 407 428 470 471 536 537 542 553 554 555 559 563 564 565 567"
"place:roeppisch","place","Röppisch","Dorf","","Röppisch (village)","","2845186","","","50.50943","11.68133","9","23 49 119 390 391 670 731 732 735"
"place:roepsen","place","Röpsen","Dorf","","Röpsen (village)","","2845184","","","50.91244","12.10919","9","37 248 424 551 552 557 558 833"
"place:roschitz","place","Roschitz","Dorf","","Roschitz (village)","","","","","","","21","12 37 124 199 201 202 222 248 302 407 410 411 413 423 424 425 427 509 828 833"
"place:rosenbaummuehle","place","Rosenbaummühle","Mühle","","Rosenbaummühle (mill)","","","","","","","1","828"
"place:rosenhof","place","Rosenhof","Wüstung","","Rosenhof (deserted settlement)","","","","","","","1","828"
"place:rosenthal","place","Rosenthal","Weiler","","Rosenthal (hamlet)","","2844928","","","50.40441","11.70293","2","828 834"
"place:rositz","place","Rositz","Dorf","","Rositz (village)","","2844883","Q32265173","","51.01728","12.36354","2","520 528"
"place:rostock","place","Rostock","Stadt","","Rostock (town)","","","","","","","1","437"
"place:rostsmuehle","place","Rostsmühle","Mühle","","Rostsmühle (mill)","","","","","","","1","828"
"place:rothe-hiele","place","rothe Hiele","Flur","","rothe Hiele (field name)","","","","","","","1","644"
"place:rothenacker","place","Rothenacker","Dorf","","Rothenacker (village)","","2844154","","","50.45942","11.9068","31","23 28 36 47 53 54 57 58 63 64 65 67 119 247 707 708 711 712 809 824 825 828"
"place:rothenbuehl","place","Rothenbühl","Flur","","Rothenbühl (field name)","","","","","","","1","673"
"place:rothenburg","place","Rothenburg","Burg","","Rothenburg (castle)","","","","","","","1","352"
"place:rothenthal","place","Rothenthal","Herrschaft","","Rothenthal (lordship)","","","","","","","3","390"
"place:rothig","place","Rothig","Dorf","","Rothig (village)","","","","","","","1","201"
"place:roettersdorf","place","Röttersdorf","Dorf","","Röttersdorf (village)","","2843705","","","50.46702","11.47843","18","6 7 22 69 81 578 661 706 707 708 711 712 771 772 773 827 828"
"place:rubitz","place","Rubitz","Dorf","","Rubitz (village)","","2843540","","","50.89995","12.03735","32","12 38 119 124 199 201 202 218 247 248 250 410 411 413 424 476 477 478 479 482 828"
"place:rueckersdorf","place","Rückersdorf","Dorf","","Rückersdorf (village)","","","","","","","1","836"
"place:ruedersdorf","place","Rüdersdorf","Dorf","","Rüdersdorf (village)","","2843410","","","50.89744","11.95811","56","7 14 39 43 52 119 124 125 133 197 200 201 204 207 248 302 407 410 411 413 482 489 490 491 492 509 514 828 833"
"place:rudolphstein","place","Rudolphstein","Dorf","","Rudolphstein (village)","","2843356","","","50.4089","11.76928","2","244 711"
"place:rudolstadt","place","Rudolstadt","Stadt","","Rudolstadt (town)","","2843355","Q32268990","","50.72043","11.34046","6","281 346 669 710 838 839"
"place:ruhwiesen","place","Ruhwiesen","Flur","","Ruhwiesen (meadows, field name)","","","","","","","1","622"
"place:ruland","place","Ruland","Herrschaft","Ruhland","Ruland (lordship)","","","","","","","1","382"
"place:rumalt","place","Rumalt","Wüstung","","Rumalt (deserted settlement)","","","","","","","3","671 672 828"
"place:ruppersdorf","place","Ruppersdorf","Dorf","","Ruppersdorf (village)","","2842988","","","50.5107","11.57618","30","6 22 23 24 36 200 201 202 262 276 292 707 708 711 713 732 746 747 749 750 752 753 754 755 763 764 828"
"place:ruppertszell","place","Ruppertszell","Dorf","","Ruppertszell (village)","","","","","","","1","752"
"place:ruesdorf","place","Rüsdorf","Dorf","","Rüsdorf (village)","","","","","","","1","52"
"place:rusitz","place","Rusitz","Dorf","","Rusitz (village)","","2842903","","","50.93599","12.07275","18","12 14 124 204 410 411 413 509 516 517 518 519 520 553 828 835"
"place:russbach","place","Russbach","Weiler","","Russbach (hamlet)","","","","","","","1","729"
"place:russdorf","place","Rußdorf","Dorf","","Rußdorf (village)","","2842894","","","50.82133","12.16904","1","202"
"place:ruessdorf","place","Rüßdorf","Dorf","","Rüßdorf (village)","","","","","","","1","639"
"place:russland","place","Rußland","Land","","Russia","","","","","","","4","118 198 353 384"
"place:saalbach","place","Saalbach","Weiler","","Saalbach (hamlet)","","2842717","","","50.4","11.75","18","46 245 712 797 801 802 803 828"
"place:saalburg","place","Saalburg","Stadt","Saalburg-Ebersdorf","Saalburg-Ebersdorf (town)","","2842706","Q518398","","50.50241","11.73176","289","6 7 8 19 23 34 47 57 58 86 95 96 97 106 123 124 125 130 131 134 137 168 199 204 215 218 224 233 237 238 240 241 243 244 247 251 257 258 262 265 266 270 273 275 276 277 279 280 290 292 294 295 298 301 304 308 309 310 320 326 332 342 343 345 346 349 350 352 361 362 367 374 376 379 382 383 384 403 407 415 417 425 437 532 538 547 571 572 573 574 575 576 577 578 581 585 595 596 599 600 604 609 616 661 662 663 664 665 666 667 668 669 670 671 672 673 674 675 676 677 678 679 681 683 684 688 690 691 692 693 694 695 697 699 700 703 704 710 711 713 714 716 721 723 730 731 732 739 747 754 755 757 760 792 798 801 803 806 817 822 827 828 829 831 837 838"
"place:saalburger-pass","place","Saalburger Paß","Pass","","Saalburg pass","","","","","","","1","669"
"place:saaldorf","place","Saaldorf","Dorf","","Saaldorf (village)","","2842702","","","50.45485","11.69994","44","46 707 708 712 716 717 720 723 724 725 726 727 729 826 827 828 829 836"
"place:saalfeld","place","Saalfeld","Stadt","","Saalfeld (town)","","2842688","Q155984","","50.64826","11.36536","24","17 135 249 276 278 315 322 426 428 579 668 713 723 749 751 761 763 770"
"place:saalfeldun","place","Saalfeldun","Gau","","Saalfeldun (early medieval district)","","","","","","","1","320"
"place:saalgasse","place","Saalgasse","Straße","","Saalgasse (field name)","","","","","","","1","813"
"place:saalgruen","place","Saalgrün","Einzelhof","","Saalgrün (single house)","","","","","","","9","46 724 725 728 729 788 828"
"place:saalhaeuser","place","Saalhäuser","Weiler","","Saalhäuser (hamlet)","","","","","","","1","828"
"place:saalhof","place","Saalhof","Einzelhof","","Saalhof (single house)","","","","","","","5","724 725 729 828"
"place:saalmuehle","place","Saalmühle","Mühle","","Saalmühle (mill)","","","","","","","2","790 828"
"place:saalwiesen","place","Saalwiesen","Flur","","Saalwiesen (meadows along the Saale; field name)","","","","","","","1","803"
"place:saara","place","Saara","Dorf","","Saara (village)","","","","","","","2","76 836"
"place:saarbruecken","place","Saarbrücken","Stadt","","Saarbrücken (town)","","","","","","","1","839"
"place:saatz","place","Saatz","Stadt","Žatec","Žatec (town)","","","","","","","1","357"
"place:sachsbuehl","place","Sachsbühl","Rittergut","","Sachsbühl (manor)","","","","","","","7","222 711 799 800"
"place:sachsen","place","Sachsen","Land","","Saxony (kingdom)","","2842566","Q153015","","51.0","13.25","110","3 5 12 48 94 95 110 115 132 247 275 314 316 319 320 321 329 348 350 351 357 358 359 360 362 363 368 373 389 403 407 424 427 443 462 477 480 489 493 532 555 563 564 568 569 570 591 595 598 620 626 630 640 650 671 684 695 697 699 703 706 710 720 724 748 784 785 793 794 797 799 801 803 811 815 820 824"
"place:sachsen-altenburg","place","Sachsen-Altenburg","Land","","Saxe-Altenburg (duchy)","","","","","","","12","103 105 110 113 115 271 291 407 552"
"place:sachsen-coburg","place","Sachsen-Coburg","Land","","Saxe-Coburg (duchy)","","","","","","","3","110 113 115"
"place:sachsen-coburg-gotha","place","Sachsen-Coburg-Gotha","Land","","Saxe-Coburg and Gotha (duchy)","","","","","","","1","105"
"place:sachsen-gotha","place","Sachsen-Gotha","Land","","Saxe-Gotha (duchy)","","","","","","","4","108 110 113 115"
"place:sachsen-meiningen","place","Sachsen-Meiningen","Land","","Saxe-Meiningen (duchy)","","","","","","","9","81 103 105 110 113 115 386 770"
"place:sachsen-weimar","place","Sachsen-Weimar","Land","","Saxe-Weimar (grand duchy)","","","","","","","16","102 103 105 110 113 115 281 376 407 555 562 660"
"place:sachsenroda","place","Sachsenroda","Dorf","","Sachsenroda (village)","","2842501","","","50.94256","12.20905","1","537"
"place:salenstein","place","Salenstein","Dorf","","Salenstein (village)","","","","","","","1","711"
"place:saline-heinrichshall","place","Saline Heinrichshall","Saline","","Heinrichshall saltworks","","","","","","","5","38 498 505 513 517"
"place:salzwiese","place","Salzwiese","Flur","","Salzwiese (meadow, field name)","","","","","","","1","820"
"place:sandbirken","place","Sandbirken","Flur","","field name","","","","","","","1","473"
"place:sara","place","Sara","Dorf","","Sara (village)","","","","","","","1","53"
"place:sassenwiesen","place","Saßenwiesen","Flur","","Saßenwiesen (meadows near Gefell)","","","","","","","1","46"
"place:saugrube","place","Saugrube","Flur","","Saugrube (field name; boar pit)","","","","","","","1","705"
"place:schaidt","place","Schaidt","Ort","","Schaidt","","","","","","","1","261"
"place:schauenforst","place","Schauenforst","Burg","","Schauenforst (castle)","","","","","","","1","332"
"place:scheibe","place","Scheibe","Flur","","Scheibe (field name)","","","","","","","1","780"
"place:schelditz","place","Schelditz","Dorf","","Schelditz (village)","","2839896","","","51.0104","12.38463","1","327"
"place:schellenneun","place","Schellenneun","Flur","","Schellenneun (field name)","","","","","","","1","565"
"place:schesslitz","place","Schesslitz","Stadt","Scheßlitz","Scheßlitz (town)","","2839613","","","49.97568","11.03299","1","345"
"place:scheubengrobsdorf","place","Scheubengrobsdorf","Dorf","","Scheubengrobsdorf (village)","","2839610","","","50.86908","12.02998","25","204 205 222 248 410 412 413 432 471 472 473 474 475 480 828"
"place:schieferberg","place","Schieferberg","Flur","","Schieferberg (field name)","","","","","","","1","644"
"place:schiefergasse","place","Schiefergasse","Flur","","Schiefergasse (field area)","","","","","","","1","37"
"place:schiffswiese","place","Schiffswiese","Flur","","Schiffswiese (field name)","","","","","","","1","477"
"place:schilbach","place","Schilbach","Dorf","","Schilbach (village)","","2839310","","","50.48855","11.82519","39","22 29 43 124 134 136 170 218 222 227 294 295 572 573 661 662 670 678 684 685 686 691 692 693 702 732 749 795 827 828"
"place:schillerau","place","Schillerau","Flur","","Schillerau (field name)","","","","","","","1","792"
"place:schindlera","place","Schindlera","Flur","","Schindlera (field name)","","","","","","","1","673"
"place:schlackenwalde","place","Schlackenwalde","Stadt","","Schlackenwalde (town)","","","","","","","1","360"
"place:schlagmuehle","place","Schlagmühle","Mühle","","Schlagmühle (mill)","","","","","","","1","828"
"place:schlegel","place","Schlegel","Dorf","","Schlegel (village)","","2838794","","","50.4","11.61667","21","22 48 119 190 220 256 707 708 711 712 780 782 783 786 787 788 828"
"place:schleiz","place","Schleiz","Stadt","","Schleiz (town)","","2838673","Q32285667","","50.57866","11.81024","770","VI VIII 3 5 6 7 8 17 19 20 23 29 30 31 32 33 34 35 36 48 53 54 55 56 57 58 63 64 65 67 70 75 79 82 83 84 85 92 93 94 95 96 97 98 103 104 106 107 108 109 110 111 112 113 114 117 118 119 121 124 125 129 130 131 132 134 136 137 141 148 157 158 164 165 166 168 177 197 199 200 201 204 205 208 210 211 212 213 215 216 217 218 220 222 224 225 226 227 230 231 232 233 234 235 236 237 238 239 240 241 242 243 244 247 251 252 253 254 255 256 257 258 260 261 262 263 265 270 271 273 274 275 276 277 278 279 280 281 283 285 286 287 288 289 290 292 293 294 295 296 297 298 299 300 301 302 303 304 306 307 308 309 310 332 333 339 342 343 344 345 346 347 349 350 361 362 363 370 372 374 375 376 377 379 380 382 383 384 388 389 394 397 403 415 428 443 486 495 509 518 570 571 572 573 574 575 576 577 578 579 580 581 582 583 584 585 586 587 588 589 590 591 592 593 594 595 596 597 598 599 600 601 602 603 604 605 606 607 608 609 610 611 612 614 616 617 619 620 622 625 626 628 629 631 633 634 637 640 642 643 644 648 649 650 651 656 658 661 662 667 669 670 672 674 675 677 678 679 681 683 684 685 686 687 688 689 691 693 695 697 698 699 702 703 704 706 709 710 711 713 730 731 732 733 739 755 780 791 794 811 815 817 819 820 824 826 827 828 829 831 832 834 835 836 837 838 839"
"place:schleiz-lobenstein","place","Schleiz-Lobenstein","Herrschaft","","Schleiz-Lobenstein (lordship)","","","","","","","2","362 374"
"place:schleswig-holstein","place","Schleswig-Holstein","Land","","Schleswig-Holstein","","","","","","","1","388"
"place:schleusingen","place","Schleusingen","Stadt","","Schleusingen (town)","","2838600","Q32285882","","50.51076","10.75658","1","135"
"place:schliffstein","place","Schliffstein","Wüstung","","Schliffstein (deserted settlement)","","","","","","","4","334 490 509"
"place:schloss-osterstein","place","Schloss Osterstein","Schloss","","Osterstein castle","","","","","","","4","418"
"place:schloss-reichenfels","place","Schloss Reichenfels","Schloss","","","","","","","","","0",""
"place:schlossmuehle","place","Schloßmühle","Mühle","","Schloßmühle (mill)","","","","","","","4","20 22 642 829"
"place:schlossweinberg","place","Schloßweinberg","Flur","","Schloßweinberg (field area)","","","","","","","1","58"
"place:schmalgelaenge","place","Schmalgelänge","Flur","","Schmalgelänge (narrow field strips; field name)","","","","","","","1","660"
"place:schmidtenmuehle","place","Schmidtenmühle","Mühle","","Schmidtenmühle (mill)","","","","","","","2","626 829"
"place:schmiedebach","place","Schmiedebach","Dorf","","Schmiedebach (village)","","2837797","","","50.49309","11.4786","2","766 773"
"place:schmoelln","place","Schmölln","Stadt","","Schmölln (town)","","2837652","Q33482403","","50.89678","12.35339","5","53 339 340 372 501"
"place:schnarchenreuth","place","Schnarchenreuth","Dorf","","Schnarchenreuth (village)","","2837549","","","50.38841","11.78069","1","711"
"place:schneeberg","place","Schneeberg","Stadt","","Schneeberg (town)","","2837470","Q32288744","","50.59465","12.64139","1","242"
"place:schollenreuth","place","Schollenreuth","Dorf","","Schollenreuth (village)","","2837152","","","50.38665","11.91689","1","711"
"place:schoena","place","Schöna","Dorf","","Schöna (village)","","2837103","","","50.84111","11.96536","20","10 14 43 124 225 410 412 413 461 462 469 829"
"place:schoenbach","place","Schönbach","Dorf","","Schönbach (village)","","2837027","","","50.57936","12.12035","1","717"
"place:schoenbrunn","place","Schönbrunn","Dorf","","Schönbrunn (village)","","2836868","","","50.47462","11.65292","34","21 34 215 276 529 670 707 708 711 712 716 717 732 735 737 740 741 742 826 828 829"
"place:schoenburg","place","Schönburg","Herrschaft","","Schönburg (lordship)","","","","","","","4","295 296"
"place:schoeneck","place","Schöneck","Stadt","","Schöneck (town)","","2836772","Q32731158","","50.39052","12.32731","2","160 332"
"place:schoenfeld","place","Schönfeld","Dorf","","Schönfeld (village)","","","","","","","2","360 400"
"place:schoenfels","place","Schönfels","Herrschaft","","Schönfels (lordship)","","2836628","","","50.67706","12.40445","3","367 368 372"
"place:schorgast","place","Schorgast","Burg","","Schorgast (castle)","","","","","","","1","336"
"place:schrollera","place","Schrollera","Flur","","Schrollera (field name)","","","","","","","1","673"
"place:schubertshammer","place","Schubertshammer","Hammer","","Schubertshammer (hammer works)","","","","","","","3","246 677 829"
"place:schuppenwiese","place","Schuppenwiese","Flur","","Schuppenwiese (meadow, field name)","","","","","","","1","653"
"place:schwaara","place","Schwaara","Dorf","","Schwaara (village)","","2835540","Q32290470","","50.90347","12.14307","35","7 12 45 133 137 199 204 221 225 250 292 346 410 412 413 553 554 555 556 558 829 833 838"
"place:schwabach","place","Schwabach","Stadt","","Schwabach (town)","","3220806","Q32067976","","49.33389","11.02944","1","591"
"place:schwarzau","place","Schwarzau","Dorf","","Schwarzau (village)","","","","","","","1","402"
"place:schwarzbach","place","Schwarzbach","Herrschaft","","Schwarzbach (lordship)","","","","","","","1","382"
"place:schwarzburg","place","Schwarzburg","Land","","Schwarzburg (principality)","","","","","","","19","5 49 95 271 281 344 345 346 348 403 706 752 754 755 757 809"
"place:schwarzburg-arnstadt","place","Schwarzburg-Arnstadt","Herrschaft","","Schwarzburg-Arnstadt (lordship)","","","","","","","2","347 348"
"place:schwarzburger-oberland","place","Schwarzburger Oberland","Region","","Schwarzburg Oberland (region)","","","","","","","2","89"
"place:schwarzenberg","place","Schwarzenberg","Herrschaft","","Schwarzenberg (lordship)","","","","","","","2","332 360"
"place:schweden","place","Schweden","Land","","Sweden","","","","","","","1","555"
"place:schweinshueter","place","Schweinshüter","Einzelhof","","Schweinshüter (single house)","","","","","","","5","342 709 770 773 774"
"place:schweiz","place","Schweiz","Land","","Switzerland","","","","","","","3","261 720 790"
"place:schwerin","place","Schwerin","Stadt","","Schwerin (town)","","","","","","","1","839"
"place:seeligenstaedt","place","Seeligenstädt","Dorf","","Seeligenstädt (village)","","2833241","","","50.94686","12.09908","33","7 10 12 17 39 40 200 218 251 410 412 509 522 523 526 528 529 530 534 549 550 829"
"place:seibis","place","Seibis","Dorf","","Seibis (village)","","2833451","","","50.39872","11.639","18","22 27 32 44 48 190 707 708 711 712 782 783 785 786 788 829"
"place:seidelsmuehle","place","Seidelsmühle","Mühle","","Seidelsmühle (mill)","","","","","","","3","12 548 829"
"place:seiersdorf","place","Seiersdorf","Wüstung","","Seiersdorf (deserted settlement)","","","","","","","1","491"
"place:seifartsdorf","place","Seifartsdorf","Dorf","","Seifartsdorf (village)","","2833403","Q1590924","","50.94451","11.95437","18","12 38 124 407 410 412 496 501 502 503 504 509 829"
"place:seiglitzmuehle","place","Seiglitzmühle","Mühle","","Seiglitzmühle (mill)","","","","","","","3","790 828 829"
"place:seinedepartement","place","Seinedepartement","Departement","","Seine department (France)","","","","","","","1","110"
"place:selb","place","Selb","Stadt","","Selb (town)","","2833296","Q120798488","","50.17058","12.13054","5","332 354 355 357"
"place:selbitz","place","Selbitz","Stadt","","Selbitz (town)","","2833269","Q32298546","","50.31702","11.75019","3","380 381 396"
"place:seligenstaedt","place","Seligenstädt","Wüstung","","Seligenstädt (deserted settlement)","","","","","","","2","776 829"
"place:seligenthal","place","Seligenthal","Dorf","","Seligenthal (village)","","2833238","","","50.76417","10.47515","1","716"
"place:seubtendorf","place","Seubtendorf","Dorf","","Seubtendorf (village)","","2832879","","","50.47318","11.80889","52","7 23 29 31 119 125 218 227 292 294 495 572 573 631 661 662 666 678 679 680 681 682 683 684 686 691 692 695 700 791 792 795 829"
"place:sibirien","place","Sibirien","Region","","Siberia","","","","","","","1","75"
"place:sichelmuehle","place","Sichelmühle","Mühle","","Sichelmühle (mill)","","","","","","","2","20 829"
"place:siebeneichen","place","Siebeneichen","Flur","","field name, viewpoint","","","","","","","1","418"
"place:sieglitzmuehle","place","Sieglitzmühle","Mühle","","Sieglitzmühle (mill)","","","","","","","1","788"
"place:siehdichfuer","place","Siehdichfür","Weiler","","Siehdichfür (hamlet)","","2832416","","","50.53024","11.61147","11","23 49 125 240 750 751 752 753 754 829"
"place:silberknie","place","Silberknie","Ortsteil","","Silberknie (hamlet)","","","","","","","1","729"
"place:silbitz","place","Silbitz","Dorf","","Silbitz (village)","","2832106","Q49290218","","50.95","12.0","1","53"
"place:sirbis","place","Sirbis","Dorf","","Sirbis (village)","","2831832","","","50.81019","12.04762","2","460"
"place:siversdorf","place","Siversdorf","Vorwerk","","Siversdorf (estate farm)","","","","","","","1","503"
"place:smorda","place","Smorda","Dorf","Schmorda","Schmorda (village)","","","","","","","1","588"
"place:soellmnitz","place","Söllmnitz","Dorf","","Söllmnitz (village)","","2831512","","","50.93795","12.14693","49","12 52 124 133 134 199 205 222 410 412 413 509 531 532 533 534 535 536 537 538 539 543 550 552 553 827 829"
"place:soellnitz","place","Söllnitz","Dorf","","Söllnitz (village)","","2831507","","","50.87461","11.42939","5","536"
"place:solmsgruen","place","Solmsgrün","Weiler","","Solmsgrün (hamlet)","","","","","","","6","245 712 769 770 829"
"place:sondershausen","place","Sondershausen","Stadt","","Sondershausen (town)","","2831276","Q32744154","","51.36973","10.87011","4","105 281 394 836"
"place:sophienthal","place","Sophienthal","Hammer","","Sophienthal (ironworks)","","","","","","","2","246 675"
"place:sorbenmark","place","Sorbenmark","Region","","Sorbian March (historical region)","","","","","","","5","3 318 416"
"place:soerbitzmuehle","place","Sörbitzmühle","Mühle","","Sörbitzmühle (mill)","","","","","","","3","621 622 829"
"place:sorge","place","Sorge","Stadtteil","","Sorge (quarter of Gera)","","","","","","","1","201"
"place:spanien","place","Spanien","Land","","Spain","","","","","","","3","198 384 398"
"place:spaniershammer","place","Spaniershammer","Hammer","","Spaniershammer (ironworks)","","","","","","","11","20 245 716 724 726 728 729 829 836"
"place:sparnberg","place","Sparnberg","Dorf","","Sparnberg (village)","","2830791","","","50.41295","11.77176","25","46 266 332 342 344 354 575 706 792 793 801 802 803 804 808 809 817"
"place:sparneck","place","Sparneck","Herrschaft","","Sparneck (lordship)","","2830790","Q33491896","","50.16214","11.84349","2","266 332"
"place:speutewitz","place","Speutewitz","Wüstung","","Speutewitz (deserted settlement)","","","","","","","9","198 199 200 202 509 554 557 558"
"place:spielmes","place","Spielmes","Dorf","","Spielmes (village)","","2830467","","","50.46781","11.92935","17","27 227 232 572 573 578 703 704 705 711 809 828 829"
"place:spilmannsdorf","place","Spilmannsdorf","Dorf","","Spilmannsdorf (village)","","","","","","","1","365"
"place:spremberg","place","Spremberg","Herrschaft","","Spremberg (lordship)","","","","","","","1","332"
"place:st-gangloff","place","St. Gangloff","Dorf","","St. Gangloff (village)","","6550409","Q818883","","50.85418","11.86384","16","6 291 463 464 465 466"
"place:stahlhaeuslein","place","Stahlhäuslein","Weiler","","Stahlhäuslein (hamlet)","","","","","","","1","727"
"place:stahlhuette","place","Stahlhütte","Hammer","","Stahlhütte (ironworks)","","","","","","","1","27"
"place:starenburg","place","Starenburg","Weiler","","Starenburg (hamlet)","","","","","","","1","805"
"place:staudenwiese","place","Staudenwiese","Flur","","Staudenwiese (hamlet)","","","","","","","4","786 788 829"
"place:steben","place","Steben","Marktflecken","Bad Steben","Bad Steben (market town)","","2953334","Q31898081","","50.36648","11.64438","3","29 44 256"
"place:steiermark","place","Steiermark","Land","","Styria","","","","","","","1","745"
"place:stein","place","Stein","Herrschaft","","Stein (lordship)","","","","","","","1","361"
"place:steinberg","place","Steinberg","Flur","","Steinberg (field name)","","","","","","","1","481"
"place:steinbruecken","place","Steinbrücken","Dorf","","Steinbrücken (village)","","2828351","","","50.94769","12.04211","44","12 14 53 85 122 124 222 248 383 410 412 413 438 488 495 496 498 509 514 516 517 518 519 520 530 631 829"
"place:steinbuehl","place","Steinbühl","Flur","","Steinbühl (field name)","","","","","","","1","750"
"place:steinicht","place","Steinicht","Flur","","Steinicht (stony ground; field name)","","","","","","","1","705"
"place:steinstock","place","Steinstock","Flur","","Steinstock (field area)","","","","","","","1","448"
"place:stelzen","place","Stelzen","Dorf","","Stelzen (village)","","2827534","","","50.4867","11.94502","46","7 18 22 23 57 58 79 81 122 125 132 135 200 205 227 232 294 295 342 570 572 573 578 661 682 700 702 703 704 705 714 749 829"
"place:stelzenbachsplatz","place","Stelzenbachsplatz","Platz","","Stelzenbachsplatz (square)","","","","","","","1","580"
"place:stiftsvoigtei-gera","place","Stiftsvoigtei Gera","Herrschaft","","Stiftsvoigtei Gera (advocacy of Quedlinburg abbey)","","","","","","","3","407 413"
"place:stolberg","place","Stolberg","Herrschaft","","Stolberg (county)","","2826594","Q686386","","51.57426","10.95582","2","345 380"
"place:stolpe","place","Stolpe","Amt","","Stolpe (administrative district)","","","","","","","1","557"
"place:strassberg","place","Strassberg","Dorf","Straßberg (Plauen)","Straßberg (Plauen) (village)","","2826184","","","50.47552","12.08272","4","327 354"
"place:strassburg","place","Straßburg","Stadt","","Straßburg (town)","","","","","","","1","181"
"place:strassenreuth","place","Straßenreuth","Weiler","","Straßenreuth (hamlet)","","2826151","","","50.42348","11.90053","7","22 29 809 820 821 829"
"place:stublach","place","Stublach","Dorf","","Stublach (village)","","2825503","","","50.91699","12.04433","13","11 53 124 410 412 413 507 509 511 512 829"
"place:stuebnitz","place","Stübnitz","Dorf","","Stübnitz (village)","","2825499","","","50.90495","11.95876","17","7 13 14 52 124 125 302 410 412 489 490 491 509 829"
"place:stuffsacker","place","Stuffsacker","Flur","","Stuffsacker (field name)","","","","","","","1","727"
"place:stutenkamm","place","Stutenkamm","Flur","","Stutenkamm (field name)","","","","","","","1","780"
"place:suedafrika","place","Südafrika","Region","","South Africa","","","","","","","1","775"
"place:sueddeutschland","place","Süddeutschland","Region","","southern Germany (region)","","","","","","","3","75 261 314"
"place:sumpfbirken","place","Sumpfbirken","Flur","","field name","","","","","","","1","473"
"place:swinemuende","place","Swinemünde","Stadt","","Swinemünde (town)","","","","","","","2","11 12"
"place:tanna","place","Tanna","Stadt","","Tanna (town)","","2824227","Q706897","","50.4946","11.85725","164","5 6 7 19 22 24 29 47 61 78 79 81 95 96 97 106 124 130 131 132 133 136 140 149 157 158 165 166 168 170 172 200 201 214 224 232 240 247 256 257 258 262 270 279 280 292 293 299 302 303 304 308 327 333 342 350 362 374 376 384 570 572 573 574 575 577 578 593 638 661 677 681 684 685 686 687 688 689 690 691 692 693 695 696 698 699 700 701 702 714 769 817 819 824 826 829 831 832 836 838"
"place:tannhausen","place","Tannhausen","Dorf","","Tannhausen (village)","","","","","","","1","399"
"place:taennicht","place","Tännicht","Flur","","Tännicht (field name)","","","","","","","1","558"
"place:taennigswand","place","Tännigswand","Flur","","Tännigswand (field name)","","","","","","","1","481"
"place:tanzwiese","place","Tanzwiese","Flur","","Tanzwiese (meadow where the shepherds held their annual festival)","","","","","","","1","505"
"place:taubenthal","place","Taubenthal","Flur","","Taubenthal (field name)","","","","","","","1","641"
"place:tautenhain","place","Tautenhain","Dorf","","Tautenhain (village)","","2823764","Q49291378","","50.9247","11.91945","2","39 125"
"place:tegau","place","Tegau","Dorf","","Tegau (village)","","2823710","Q49291399","","50.65","11.86667","26","6 21 23 36 50 135 227 256 572 573 611 612 613 614 617 618 829"
"place:teichaecker","place","Teichäcker","Flur","","Teichäcker (field name)","","","","","","","1","449"
"place:teichmuehle","place","Teichmühle","Mühle","","Teichmühle (mill)","","","","","","","3","652 777 829"
"place:teuchern","place","Teuchern","Stadt","","Teuchern (town)","","2823355","Q33506203","","51.12094","12.0241","1","546"
"place:teufelsbuche","place","Teufelsbuche","Flur","","field name","","","","","","","1","672"
"place:teufelswiese","place","Teufelswiese","Flur","","Teufelswiese (meadow, a possible cult site near the Jungfernfels)","","","","","","","1","789"
"place:texdorf","place","Texdorf","Wüstung","","Texdorf (deserted settlement)","","","","","","","3","418 479"
"place:thalgut","place","Thalgut","Einzelhaus","","Thalgut (house)","","","","","","","2","665 669"
"place:theusing","place","Theusing","Stadt","","Theusing (town)","","","","","","","1","362"
"place:thierbach","place","Thierbach","Dorf","","Thierbach (village)","","2822772","","","50.49668","11.55238","14","22 23 27 220 707 708 711 713 750 751 752 753 829"
"place:thiergarten","place","Thiergarten","Flur","","Thiergarten (field name)","","","","","","","1","743"
"place:thieschitz","place","Thieschitz","Dorf","","Thieschitz (village)","","2822733","","","50.9046","12.04424","25","7 12 38 125 134 197 248 250 292 410 412 413 476 478 479 482 513 723 829"
"place:thieschuetz","place","Thieschütz","Dorf","","Thieschütz (village)","","","","","","","4","477"
"place:thimmendorf","place","Thimmendorf","Dorf","","Thimmendorf (village)","","2822719","","","50.53838","11.57045","29","22 49 200 262 276 578 661 707 708 709 711 713 732 753 755 756 757 760 763 764 829"
"place:thomasmuehle","place","Thomasmühle","Mühle","","Thomasmühle (mill)","","","","","","","4","35 48 600 829"
"place:thramitz","place","Thramitz","","","","","","","","","","2","243"
"place:thraendorf","place","Thrändorf","","","","","","","","","","1","147"
"place:thraenitz","place","Thränitz","Dorf","","Thränitz (village)","","2822619","","","50.86522","12.13015","7","555 560 561 562"
"place:thueringen","place","Thüringen","Region","","Thuringia (region)","","2822542","Q1205","","50.91667","11.0","83","3 5 6 8 20 58 68 70 72 75 83 100 104 158 162 163 181 214 313 314 315 316 317 319 320 321 327 328 334 343 344 345 346 347 348 355 356 365 366 367 379 414 441 443 453 497 514 575 584 588 630 706"
"place:thueringische-platte","place","Thüringische Platte","Region","","Thuringian Plateau (landscape)","","","","","","","1","70"
"place:thurnau","place","Thurnau","Marktflecken","","Thurnau (market town)","","2822522","Q33506453","","50.02542","11.39348","3","394 752 770"
"place:tiefendorf","place","Tiefendorf","Dorf","","Tiefendorf (village)","","","","","","","2","46 711"
"place:tiefengruen","place","Tiefengrün","Dorf","","Tiefengrün (village)","","2822381","","","50.39979","11.79636","1","711"
"place:tiegelsgeraeumde","place","Tiegelsgeräumde","Flur","","Tiegelsgeräumde (cleared land, field name)","","","","","","","1","45"
"place:tinz","place","Tinz","Dorf","Gera-Tinz","Gera-Tinz (village)","","2822112","","","50.90055","12.07493","49","7 11 37 43 53 76 85 124 133 134 137 159 204 214 218 240 247 249 250 294 335 337 340 344 346 354 410 412 413 415 417 424 425 426 427 432 435 477 506 508 511 670 829"
"place:tinzer-weinberg","place","Tinzer Weinberg","Flur","","Tinzer Weinberg (field area)","","","","","","","1","58"
"place:tirol","place","Tirol","Land","","Tyrol","","","","","","","1","329"
"place:titschendorf","place","Titschendorf","Dorf","","Titschendorf (village)","","2822080","","","50.38652","11.52678","54","6 7 22 23 32 45 122 134 139 151 165 194 220 238 240 256 262 276 280 292 706 707 708 709 711 712 717 775 776 777 780 827 828 829 837"
"place:toepeln","place","Töpeln","Dorf","","Töpeln (village)","","2821865","","","51.12703","13.03557","1","480"
"place:toepen","place","Töpen","Dorf","","Töpen (village)","","2821864","Q49291979","","50.39067","11.87329","8","46 222 711 795 808 810 818 819"
"place:toepfergasse","place","Töpfergasse","Straße","","Töpfergasse (field name)","","","","","","","1","640"
"place:toepfersberg","place","Töpfersberg","Flur","","Töpfersberg (field name)","","","","","","","1","644"
"place:toeppeln","place","Töppeln","Dorf","","Töppeln (village)","","2821845","","","50.88993","12.00593","36","13 38 121 125 137 199 201 202 203 204 205 222 250 410 412 413 424 472 474 479 480 481 482 483 509 829"
"place:trahholz","place","Trahholz","Flur","","Trahholz (field name)","","","","","","","1","743"
"place:traundorf","place","Traundorf","Wüstung","","Traundorf (deserted settlement)","","","","","","","3","699 702"
"place:trebnitz","place","Trebnitz","Dorf","","Trebnitz (village)","","2821432","","","50.89556","12.12944","50","7 12 14 37 38 40 52 53 121 124 134 199 248 249 250 302 346 410 412 413 423 546 552 554 555 556 557 558 559 829 833"
"place:treuen","place","Treuen","Stadt","","Treuen (town)","","2821251","Q33507477","","50.54247","12.30339","3","160 367 368"
"place:triebes","place","Triebes","Dorf","Zeulenroda-Triebes (Triebes)","Zeulenroda-Triebes (Triebes) (village)","","2821192","Q826545","","50.68489","12.02042","73","7 22 27 29 32 50 96 121 134 201 204 222 247 292 302 383 495 572 573 574 630 631 636 641 647 649 650 651 652 654 655 827 829 835 839 840"
"place:triebigsmuehle","place","Triebigsmühle","Mühle","","Triebigsmühle (mill)","","","","","","","2","682 829"
"place:triemsdorf","place","Triemsdorf","Wüstung","","Triemsdorf (deserted settlement)","","","","","","","4","604 606 615"
"place:trier","place","Trier","Stadt","","Trier (town)","","","","","","","1","446"
"place:trifthuegel","place","Trifthügel","Flur","","Trifthügel (field name)","","","","","","","1","644"
"place:tripolis","place","Tripolis","Staat","","Tripoli (state)","","","","","","","1","3"
"place:triptis","place","Triptis","Stadt","","Triptis (town)","","2821094","Q33507554","","50.73567","11.87015","3","332 366"
"place:trogen","place","Trogen","Dorf","","Trogen (village)","","2821043","Q49291807","","50.36667","11.95","2","705 711"
"place:tschernitz","place","Tschernitz","Dorf","","Tschernitz (village)","","","","","","","1","368"
"place:tschirn","place","Tschirn","Dorf","","Tschirn (village)","","2820866","Q49291853","","50.4","11.45","3","771 774"
"place:tuchurin","place","Tuchurin","Gau","","Tuchurin (early medieval district)","","","","","","","1","318"
"place:tummelgarten","place","Tummelgarten","Flur","","Tummelgarten (garden, field name)","","","","","","","1","664"
"place:tunis","place","Tunis","Staat","","Tunis (state)","","","","","","","1","3"
"place:tuerkenmuehle","place","Türkenmühle","Mühle","","Türkenmühle (mill)","","","","","","","1","829"
"place:ullersreuth","place","Ullersreuth","Dorf","","Ullersreuth (village)","","2820267","","","50.42607","11.81528","28","26 27 28 46 119 134 247 707 708 711 712 793 797 807 808 809 810 829 837"
"place:ungarn","place","Ungarn","Land","","Hungary","","","","","","","2","583 593"
"place:untergreiz","place","Untergreiz","Herrschaft","","Untergreiz (lordship)","","","","","","","18","296 372 374 375 389 390 391 403"
"place:unterkoskau","place","Unterkoskau","Dorf","","Unterkoskau (village)","","2819219","","","50.50202","11.91173","26","23 29 30 31 32 47 202 227 292 294 572 573 578 661 698 699 700 701 702 828 829"
"place:unterkozau","place","Unterkozau","Dorf","","Unterkozau (village)","","","","","","","1","711"
"place:unterland","place","Unterland","Region","","Lower Land (northern part of the principality)","","","","","","","20","10 11 15 37 53 72 88 142 247 273"
"place:unterlemnitz","place","Unterlemnitz","Dorf","","Unterlemnitz (village)","","2819162","","","50.47193","11.62128","14","6 22 44 48 215 220 707 708 711 712 716 740 742 829"
"place:unterleube","place","Unterleube","Flur","","Unterleube (field name)","","","","","","","1","641"
"place:untermhaus","place","Untermhaus","Dorf","Gera-Untermhaus","Gera-Untermhaus (village)","","2819070","Q1366433","","50.88509","12.06524","88","12 51 75 96 97 121 132 133 134 171 201 205 214 218 265 269 272 280 295 302 305 309 408 410 412 413 416 417 418 419 420 421 422 423 432 435 448 456 556 558 559 827 829 830 836 837 839 840"
"place:unterroeppisch","place","Unterröppisch","Dorf","","Unterröppisch (village)","","2818826","","","50.83333","12.06667","6","13 455 460"
"place:untersachsen","place","Untersachsen","Vorwerk","","Untersachsen (estate farm)","","","","","","","1","711"
"place:unterwernsdorf","place","Unterwernsdorf","Dorf","","Unterwernsdorf (village)","","","","","","","1","549"
"place:urbach-auerbach","place","Urbach (Auerbach)","Herrschaft","","Auerbach (lordship)","","","","","","","1","356"
"place:veitsberg","place","Veitsberg","Dorf","","Veitsberg (village)","","2817737","","","50.7933","12.08652","7","566 765"
"place:venedig","place","Venedig","Stadt","","Venedig (town)","","","","","","","2","197"
"place:venzka","place","Venzka","Dorf","","Venzka (village)","","2817611","","","50.40164","11.83543","30","46 125 220 230 334 707 708 711 713 809 810 814 817 818 819 827 828 829"
"place:verhelins","place","Verhelins","Dorf","","Verhelins (village)","","","","","","","2","709"
"place:vogelaecker","place","Vogeläcker","Flur","","Vogeläcker (field name)","","","","","","","1","449"
"place:voigtland","place","Voigtland","Region","","Vogtland (region)","","","","","","","61","3 17 20 29 33 50 51 52 68 84 132 135 155 158 181 185 196 202 231 295 311 312 313 316 319 322 323 329 333 344 358 359 374 380 447 584 588 591 634 668 702 809 810 811"
"place:voigtsberg","place","Voigtsberg","Schloss","","Voigtsberg (castle)","","2816746","","","50.42044","12.18058","13","3 50 332 337 355 359 362 403 800"
"place:volkstaedt","place","Volkstädt","Dorf","Volkstedt","Volkstedt (village)","","","","","","","1","617"
"place:vollersdorf","place","Vollersdorf","Wüstung","","Vollersdorf (deserted settlement)","","","","","","","7","413 418 448 449 473"
"place:waaswitz","place","Waaswitz","Dorf","","Waaswitz (village)","","2815794","","","50.92132","12.16613","22","12 124 410 411 509 543 544 545 546 552 829 833 839"
"place:wachholderbaum","place","Wachholderbaum","Weiler","","Wachholderbaum (hamlet)","","2815729","","","50.93331","12.09375","1","14"
"place:wachholderbusch","place","Wachholderbusch","Wirtshaus","","inn","","","","","","","4","12 528 529"
"place:waldenburg","place","Waldenburg","Stadt","","Waldenburg (town)","","2815074","Q33513091","","50.87653","12.59919","1","295"
"place:waldhaus","place","Waldhaus","Einzelhaus","","Waldhaus (house)","","","","","","","3","697 755"
"place:waldmuenchen","place","Waldmünchen","Stadt","","Waldmünchen (town)","","2814846","Q33513148","","49.37804","12.70905","2","332 360"
"place:waldrittergut-arlas","place","Waldrittergut Arlas","Rittergut","","forest manor of Arlas","","","","","","","2","784 804"
"place:waldsachsen","place","Waldsachsen","Kloster","Waldsassen","Waldsassen (convent)","","","","","","","2","266 368"
"place:waldstein","place","Waldstein","Burg","","Waldstein (castle)","","8435842","Q33224797","","50.12889","11.855","2","332 354"
"place:wallendorf","place","Wallendorf","Dorf","","Wallendorf (village)","","","","","","","1","450"
"place:waltersdorf","place","Waltersdorf","Dorf","","Waltersdorf (village)","","2814405","","","50.84965","11.93342","34","7 10 14 51 134 145 202 204 292 410 412 413 449 463 464 465 466 489 829"
"place:weberstaedt","place","Weberstädt","Dorf","Weberstedt","Weberstedt (village)","","","","","","","1","593"
"place:wechselburg","place","Wechselburg","Dorf","","Wechselburg (village)","","2813524","Q32753073","","51.00214","12.77661","1","132"
"place:weckersdorf","place","Weckersdorf","Dorf","","Weckersdorf (village)","","2813513","","","50.61598","11.91791","24","22 29 30 31 32 50 125 218 227 240 243 245 246 572 573 623 625 627 628 629 828 829"
"place:wegnersbach","place","Wegnersbach","Einzelhof","","Wegnersbach (single house)","","","","","","","2","712 786"
"place:weida","place","Weida","Stadt","","Weida (town)","","2813110","Q519751","","50.77449","12.06028","129","50 198 251 256 264 266 291 318 319 321 322 323 324 326 327 328 329 330 331 332 333 334 335 338 339 341 344 345 353 358 363 367 369 371 375 403 414 416 417 425 428 443 449 453 455 490 532 565 575 630 631 633 640 654 687 809 818 833"
"place:weidendorf","place","Weidendorf","Wüstung","","Weidendorf (deserted settlement)","","","","","","","2","689"
"place:weidenwarth","place","Weidenwarth","Flur","","Weidenwarth (field name)","","","","","","","1","673"
"place:weidmannsheil","place","Weidmannsheil","Schloss","","Weidmannsheil (castle)","","2815311","","","50.46667","11.7","15","32 85 137 240 415 716 726 729 789"
"place:weimar","place","Weimar","Stadt","","Weimar (town)","","2812482","Q32067990","","50.9803","11.32903","47","5 20 50 102 223 262 281 370 428 455 458 460 461 462 463 473 516 538 561 562 564 565 566 567 570 615 617 619 620 624 825 836"
"place:weinberg","place","Weinberg","Flur","","Weinberg (field name)","","","","","","","2","536 641"
"place:weissbach","place","Weißbach","Weiler","","Weißbach (hamlet)","","","","","","","13","201 578 661 711 713 753 754 755"
"place:weissendorf","place","Weißendorf","Marktflecken","","Weißendorf (market town)","","2811905","Q49292855","","50.68333","12.0","39","7 27 31 34 200 204 222 247 262 294 302 495 572 573 574 623 630 631 636 650 651 652 654 655 829 838"
"place:weissenfels","place","Weißenfels","Stadt","","Weißenfels (town)","","2811899","","","51.20148","11.96843","6","342 344 352 396 492 503"
"place:weissig","place","Weißig","Dorf","","Weißig (village)","","2811726","","","50.83816","12.02747","17","14 76 124 203 294 302 410 412 432 456 457 459 471 829"
"place:weitisberga","place","Weitisberga","Dorf","","Weitisberga (village)","","2811621","","","50.50376","11.49633","19","121 197 199 200 243 578 661 707 708 711 713 763 765 766 767 827 829"
"place:werda","place","Werda","Dorf","","Werda (village)","","2810970","Q49292935","","50.43811","12.30473","1","368"
"place:werdau","place","Werdau","Stadt","","Werdau (town)","","2810969","Q32753768","","50.73604","12.37534","13","276 323 354 355 365 367 368 403"
"place:werleins","place","Werleins","Wüstung","","Werleins (deserted settlement)","","","","","","","1","774"
"place:wernsdorf","place","Wernsdorf","Dorf","","Wernsdorf (village)","","2810782","","","50.94535","12.15333","62","12 14 21 23 29 31 47 119 124 140 202 227 232 276 294 410 412 509 531 532 534 535 536 537 538 547 550 572 573 596 661 662 665 673 675 676 677 678 679 692 695 732 829"
"place:werteln","place","Werteln","Wüstung","","Werteln (deserted settlement)","","","","","","","12","53 509 555 560 737 738"
"place:wettera","place","Wettera","Wüstung","","","","2809979","","","50.51941","11.75044","0",""
"place:wetterahammer","place","Wetterahammer","Hammer","","Wetterahammer (ironworks)","","","","","","","1","29"
"place:wetteramuehle","place","Wetteramühle","Mühle","","Wetteramühle (mill)","","","","","","","2","675 829"
"place:wetterau","place","Wetterau","Flur","","Wetterau (field name)","","","","","","","1","823"
"place:wetzsteinwiesen","place","Wetzsteinwiesen","Flur","","Wetzsteinwiesen (meadows, field name)","","","","","","","1","773"
"place:wiblick","place","Wiblick","Dorf","","Wiblick (village)","","","","","","","1","432"
"place:widerwillen","place","Widerwillen","Weiler","","Widerwillen (hamlet)","","","","","","","1","200"
"place:wien","place","Wien","Stadt","","Vienna (city)","","","","","48.2082","16.3738","6","360 496 507 641 683 816"
"place:wiesbaden","place","Wiesbaden","Stadt","","Wiesbaden (town)","","","","","","","1","837"
"place:wiese-haueisen","place","Wiese Haueisen","Flur","","Wiese Haueisen (meadow belonging to a manor, field name)","","","","","","","1","736"
"place:wiesenau","place","Wiesenau","Flur","","Wiesenau (field name)","","","","","","","1","660"
"place:wiesenburg","place","Wiesenburg","Herrschaft","","Wiesenburg (lordship)","","","","","","","1","332"
"place:wiesenmuehle","place","Wiesenmühle","Mühle","","Wiesenmühle (mill)","","","","","","","2","48 829"
"place:wildenfels","place","Wildenfels","Stadt","","Wildenfels (town)","","2808956","Q33517147","","50.66784","12.60886","19","264 332 333 339 340 341 357 358 403"
"place:willersdorf","place","Willersdorf","Dorf","","Willersdorf (village)","","2808580","","","50.47813","11.89817","27","22 23 27 41 47 124 227 247 572 573 578 661 684 685 689 690 698 700 701 702 826 828 829"
"place:windisch-warnow","place","Windisch-Warnow","Ort","","Windisch-Warnow","","","","","","","1","261"
"place:windischenbernsdorf","place","Windischenbernsdorf","Dorf","","Windischenbernsdorf (village)","","2808152","","","50.86418","12.01999","20","76 77 204 410 412 432 470 471 472 473 474 509 829"
"place:wisenta","place","Wisenta","Gau","","Wisenta (early medieval district)","","","","","","","6","318 570"
"place:wisentaland","place","Wisentaland","Gau","","Wisenta (historical region, Wisentaland)","","","","","","","2","320 574"
"place:wittenberg","place","Wittenberg","Stadt","Lutherstadt Wittenberg","Lutherstadt Wittenberg (town)","","6548975","Q6837","","51.87437","12.60603","2","515 789"
"place:wolfersdorf","place","Wolfersdorf","Dorf","","Wolfersdorf (village)","","3209203","","","50.78295","12.1738","10","564 565 566 659"
"place:wolframsdorf","place","Wolframsdorf","Dorf","","Wolframsdorf (village)","","2806772","","","50.75705","12.24618","2","369 697"
"place:wolfsbach","place","Wolfsbach","Ort","","Wolfsbach (settlement)","","","","","","","1","673"
"place:wolfshayn","place","Wolfshayn","Dorf","Wolfshain","Wolfshain (village)","","2806601","","","50.59502","12.03919","1","27"
"place:wolschendorf","place","Wolschendorf","Dorf","","Wolschendorf (village)","","","","","","","7","121 635 657 659"
"place:wolstieg","place","Wolstieg","Wüstung","","Wolstieg (deserted settlement)","","","","","","","6","121 509 534"
"place:wuerschengruen","place","Würschengrün","Dorf","","Würschengrün (village)","","","","","","","2","332 357"
"place:wuertemberg","place","Würtemberg","Land","Württemberg","Württemberg (kingdom)","","","","","","","8","94 95 102 103 104 115"
"place:wurzbach","place","Wurzbach","Marktflecken","","Wurzbach (market town)","","2805623","Q530139","","50.46357","11.53779","74","7 21 23 32 33 35 44 49 81 96 134 168 220 240 246 258 261 262 292 294 302 303 382 707 708 709 711 745 752 763 765 766 767 768 769 770 771 773 774 775 780 826 827 828 829 836 837 838 839"
"place:wuerzburg","place","Würzburg","Stadt","","Würzburg (town)","","2805615","Q118464900","","49.79391","9.95121","6","266 317 345 810"
"place:wurzen","place","Wurzen","Stadt","","Wurzen (town)","","2805597","Q32765179","","51.3707","12.73939","2","537 546"
"place:wuestdittersdorf","place","Wüstdittersdorf","Wüstung","","Wüstdittersdorf (deserted settlement)","","","","","","","2","582 593"
"place:wuestendittersdorf","place","Wüstendittersdorf","Dorf","","Wüstendittersdorf (village)","","2805533","","","50.57509","11.85434","14","29 32 240 580 589 590 593 594 689 836"
"place:wuestenhain","place","Wüstenhain","Wüstung","","","","","","","","","0",""
"place:wuestenheinersdorf","place","Wüstenheinersdorf","Wüstung","","Wüstenheinersdorf (deserted settlement)","","","","","","","2","747"
"place:wuestenselbitz","place","Wüstenselbitz","Dorf","","Wüstenselbitz (village)","","2805494","","","50.2172","11.69627","1","48"
"place:wuestfalke","place","Wüstfalke","Dorf","","Wüstfalke (village)","","","","","","","40","7 12 14 39 125 203 222 225 248 410 412 413 565 566 567 838"
"place:zainhammerwiese","place","Zainhammerwiese","Flur","","Zainhammerwiese (meadow on the site of the Zainhammer works)","","","","","","","1","675"
"place:zedtwitz","place","Zedtwitz","Dorf","","Zedtwitz (village)","","2805090","","","50.3607","11.90455","1","711"
"place:zeidelweide","place","Zeidelweide","Flur","","Zeidelweide (pasture at the Zeidelbrunnen)","","","","","","","1","47"
"place:zeitz","place","Zeitz","Stadt","","Zeitz (town)","","2804922","Q33728196","","51.04962","12.1369","22","40 135 276 291 319 322 374 407 426 428 490 503 509 510 520 521 532 537 542 549 554 810"
"place:zentha","place","Zentha","Stadt","Senta","Senta (town)","","","","","","","1","391"
"place:zeulen","place","Zeulen","Dorf","","Zeulen (village)","","","","","","","1","45"
"place:zeulenroda","place","Zeulenroda","Stadt","Zeulenroda-Triebes","Zeulenroda-Triebes (town)","","2804654","Q196996","","50.65278","11.98377","66","29 60 89 251 291 292 339 347 349 370 373 437 570 571 606 618 620 622 625 626 628 630 631 635 636 640 644 646 647 649 650 653 654 656 657 658 659 660 668 670 687 697 806 815"
"place:zeulsdorf","place","Zeulsdorf","Dorf","","Zeulsdorf (village)","","2804653","","","50.84193","12.04795","21","201 203 222 302 410 412 413 456 457 458 459 460 829"
"place:ziegenhierdsches-laendchen","place","Ziegenhierdsches Ländchen","Region","","Ziegenhierd lands (small territory)","","","","","","","1","569"
"place:ziegenrueck","place","Ziegenrück","Stadt","","Ziegenrück (town)","","2804368","Q33728827","","50.60754","11.64983","10","3 48 55 57 58 251 332 366 706"
"place:zoche","place","Zoche","Wüstung","","Zoche (deserted settlement)","","","","","","","5","554 557 558"
"place:zoitsmuehle","place","Zoitsmühle","Mühle","","Zoitsmühle (mill)","","","","","","","1","276"
"place:zoizmuehle","place","Zoizmühle","Mühle","","Zoizmühle (mill)","","","","","","","2","548 829"
"place:zollgruen","place","Zollgrün","Dorf","","Zollgrün (village)","","2803932","","","50.51418","11.83017","54","21 23 29 31 47 61 125 179 204 205 222 230 232 243 572 573 575 578 596 604 606 629 661 678 679 684 685 686 688 692 693 694 695 696 827 829"
"place:zoppothen","place","Zoppothen","Dorf","Zoppoten","Zoppoten (village)","","2803895","","","50.4909","11.69788","22","34 121 243 276 390 391 661 730 731 732 735 740 792"
"place:zschachenmuehle","place","Zschachenmühle","Mühle","","Zschachenmühle (mill)","","","","","","","6","33 49 243 764 829"
"place:zscherlich","place","Zscherlich","Weiler","","Zscherlich (hamlet)","","","","","","","2","650 654"
"place:zschippach","place","Zschippach","Dorf","","Zschippach (village)","","2803808","","","50.9193","12.15008","21","12 43 125 222 250 410 412 413 424 509 534 546 547 548 550 552 827 829"
"place:zschippern","place","Zschippern","Dorf","","Zschippern (village)","","2803807","","","50.86584","12.10913","17","7 12 14 38 52 197 222 250 302 410 411 450 560 561 562 826 829"
"place:zschochern","place","Zschochern","Stadtteil","","Zschochern (quarter of Gera)","","","","","","","5","421 429 430"
"place:zucka","place","Zucka","Dorf","","Zucka (village)","","","","","","","1","557"
"place:zuelzendorf","place","Zülzendorf","Dorf","","Zülzendorf (village)","","","","","","","1","399"
"place:zwaetzen","place","Zwätzen","Dorf","","Zwätzen (village)","","2803636","","","50.95862","11.61745","6","584 597 602 607 623 698"
"place:zwickau","place","Zwickau","Stadt","","Zwickau (town)","","2803560","Q33729394","","50.72724","12.48839","29","244 276 344 345 368 373 389 500 501 509 596 701 829"
"place:zwickowe","place","Zwickowe","Gau","","Zwickowe (early medieval district)","","","","","","","1","318"
"place:zwoetzen","place","Zwötzen","Dorf","Gera-Zwötzen","Gera-Zwötzen (village)","","2803470","","","50.84858","12.08635","37","7 12 37 52 76 125 199 201 204 206 222 266 302 410 412 413 432 451 452 453 459 559 560 829"
